word,valid_knot,initial_vertices,removed_vertices,final_vertices,result
ABACABACABCDCD,True,42,39,3,simplified_to_triangle
ABACABACABDCAD,True,42,39,3,simplified_to_triangle
ABACABACABDCDC,True,42,39,3,simplified_to_triangle
ABACABACADACBD,True,42,39,3,simplified_to_triangle
ABACABACADACDC,True,42,39,3,simplified_to_triangle
ABACABACADBCAD,True,42,39,3,simplified_to_triangle
ABACABACADBCDC,True,42,39,3,simplified_to_triangle
ABACABACADCADC,True,42,39,3,simplified_to_triangle
ABACABACADCBDC,True,42,39,3,simplified_to_triangle
ABACABACADCDAC,True,42,39,3,simplified_to_triangle
ABACABACBACDCD,True,42,39,3,simplified_to_triangle
ABACABACBADCAD,True,42,39,3,simplified_to_triangle
ABACABACBDACAD,True,42,39,3,simplified_to_triangle
ABACABACBDBCBD,True,42,39,3,simplified_to_triangle
ABACABACBDCACD,True,42,39,3,simplified_to_triangle
ABACABACBDCBCD,True,42,39,3,simplified_to_triangle
ABACABACDABCAD,True,42,39,3,simplified_to_triangle
ABACABACDABCDC,True,42,39,3,simplified_to_triangle
ABACABACDACADC,True,42,39,3,simplified_to_triangle
ABACABACDBACAD,True,42,39,3,simplified_to_triangle
ABACABACDBCACD,True,42,39,3,simplified_to_triangle
ABACABACDBCBCD,True,42,39,3,simplified_to_triangle
ABACABACDCABAD,True,42,39,3,simplified_to_triangle
ABACABACDCACDC,True,42,39,3,simplified_to_triangle
ABACABADABCABD,True,42,39,3,simplified_to_triangle
ABACABADABCBAD,True,42,39,3,simplified_to_triangle
ABACABADACACAD,True,42,39,3,simplified_to_triangle
ABACABADACBCAD,True,42,39,3,simplified_to_triangle
ABACABADBACABD,True,42,39,3,simplified_to_triangle
ABACABADBCACBD,True,42,39,3,simplified_to_triangle
ABACABADBCBCBD,True,42,39,3,simplified_to_triangle
ABACABCABCBDCD,True,42,39,3,simplified_to_triangle
ABACABCABCDBCD,True,42,39,3,simplified_to_triangle
ABACABCABDCADC,True,42,39,3,simplified_to_triangle
ABACABCABDCDAC,True,42,39,3,simplified_to_triangle
ABACABCACACDCD,True,42,39,3,simplified_to_triangle
ABACABCACADCBD,True,42,39,3,simplified_to_triangle
ABACABCACADCDC,True,42,39,3,simplified_to_triangle
ABACABCACBCDCD,True,42,39,3,simplified_to_triangle
ABACABCACBDCAD,True,42,39,3,simplified_to_triangle
ABACABCACBDCDC,True,42,39,3,simplified_to_triangle
ABACABCACDACBD,True,42,39,3,simplified_to_triangle
ABACABCACDACDC,True,42,39,3,simplified_to_triangle
ABACABCACDBCAD,True,42,39,3,simplified_to_triangle
ABACABCACDBCDC,True,42,39,3,simplified_to_triangle
ABACABCACDCADC,True,42,39,3,simplified_to_triangle
ABACABCACDCBDC,True,42,39,3,simplified_to_triangle
ABACABCACDCDAC,True,42,39,3,simplified_to_triangle
ABACABCACDCDBC,True,42,39,3,simplified_to_triangle
ABACABCADACBDC,True,42,39,3,simplified_to_triangle
ABACABCADACDBC,True,42,39,3,simplified_to_triangle
ABACABCADBCADC,True,42,39,3,simplified_to_triangle
ABACABCADBCDAC,True,42,39,3,simplified_to_triangle
ABACABCADCDCAC,True,42,39,3,simplified_to_triangle
ABACABCADCDCBC,True,42,39,3,simplified_to_triangle
ABACABCBACBDCD,True,42,39,3,simplified_to_triangle
ABACABCBACDBCD,True,42,39,3,simplified_to_triangle
ABACABCBADCADC,True,42,39,3,simplified_to_triangle
ABACABCBADCDAC,True,42,39,3,simplified_to_triangle
ABACABCBCADCAD,True,42,39,3,simplified_to_triangle
ABACABCBCBDCBD,True,42,39,3,simplified_to_triangle
ABACABCBCDACAD,True,42,39,3,simplified_to_triangle
ABACABCBCDBCBD,True,42,39,3,simplified_to_triangle
ABACABCBCDCACD,True,42,39,3,simplified_to_triangle
ABACABCBCDCBCD,True,42,39,3,simplified_to_triangle
ABACABCBDACADC,True,42,39,3,simplified_to_triangle
ABACABCBDACDAC,True,42,39,3,simplified_to_triangle
ABACABCBDBCBDC,True,42,39,3,simplified_to_triangle
ABACABCBDBCDBC,True,42,39,3,simplified_to_triangle
ABACABCBDCACDC,True,42,39,3,simplified_to_triangle
ABACABCBDCBCDC,True,42,39,3,simplified_to_triangle
ABACABCDABCADC,True,42,39,3,simplified_to_triangle
ABACABCDABCDAC,True,42,39,3,simplified_to_triangle
ABACABCDACDCAC,True,42,39,3,simplified_to_triangle
ABACABCDACDCBC,True,42,39,3,simplified_to_triangle
ABACABCDBACADC,True,42,39,3,simplified_to_triangle
ABACABCDBACDAC,True,42,39,3,simplified_to_triangle
ABACABCDBCACDC,True,42,39,3,simplified_to_triangle
ABACABCDBCBCDC,True,42,39,3,simplified_to_triangle
ABACABCDCABADC,True,42,39,3,simplified_to_triangle
ABACABCDCABDAC,True,42,39,3,simplified_to_triangle
ABACABCDCADABC,True,42,39,3,simplified_to_triangle
ABACABCDCADBAC,True,42,39,3,simplified_to_triangle
ABACABCDCBADAC,True,42,39,3,simplified_to_triangle
ABACABCDCDCABC,True,42,39,3,simplified_to_triangle
ABACABCDCDCBAC,True,42,39,3,simplified_to_triangle
ABACABDABACABD,True,42,39,3,simplified_to_triangle
ABACABDABACBAD,True,42,39,3,simplified_to_triangle
ABACABDABCACBD,True,42,39,3,simplified_to_triangle
ABACABDABCADAC,True,42,39,3,simplified_to_triangle
ABACABDABCBCBD,True,42,39,3,simplified_to_triangle
ABACABDABCBDBC,True,42,39,3,simplified_to_triangle
ABACABDACACBDC,True,42,39,3,simplified_to_triangle
ABACABDACACDBC,True,42,39,3,simplified_to_triangle
ABACABDACBCBDC,True,42,39,3,simplified_to_triangle
ABACABDACBCDBC,True,42,39,3,simplified_to_triangle
ABACABDACDCABC,True,42,39,3,simplified_to_triangle
ABACABDADCDCBD,True,42,39,3,simplified_to_triangle
ABACABDADCDCDC,True,42,39,3,simplified_to_triangle
ABACABDBACACBD,True,42,39,3,simplified_to_triangle
ABACABDBACADAC,True,42,39,3,simplified_to_triangle
ABACABDBACBCBD,True,42,39,3,simplified_to_triangle
ABACABDBACBDBC,True,42,39,3,simplified_to_triangle
ABACABDBACDCBC,True,42,39,3,simplified_to_triangle
ABACABDBCACADC,True,42,39,3,simplified_to_triangle
ABACABDBCACDAC,True,42,39,3,simplified_to_triangle
ABACABDBCBCADC,True,42,39,3,simplified_to_triangle
ABACABDBCBCDAC,True,42,39,3,simplified_to_triangle
ABACABDBCBDCBC,True,42,39,3,simplified_to_triangle
ABACABDBCDCDCD,True,42,39,3,simplified_to_triangle
ABACABDCABACAD,True,42,39,3,simplified_to_triangle
ABACABDCABADAC,True,42,39,3,simplified_to_triangle
ABACABDCABCACD,True,42,39,3,simplified_to_triangle
ABACABDCABDCBC,True,42,39,3,simplified_to_triangle
ABACABDCACBABD,True,42,39,3,simplified_to_triangle
ABACABDCBABCAD,True,42,39,3,simplified_to_triangle
ABACABDCBABDBC,True,42,39,3,simplified_to_triangle
ABACABDCBACACD,True,42,39,3,simplified_to_triangle
ABACABDCBCBABD,True,42,39,3,simplified_to_triangle
ABACABDCBCDCBC,True,42,39,3,simplified_to_triangle
ABACABDCBDBABC,True,42,39,3,simplified_to_triangle
ABACABDCDADBDC,True,42,39,3,simplified_to_triangle
ABACABDCDADCAD,True,42,39,3,simplified_to_triangle
ABACABDCDBDADC,True,42,39,3,simplified_to_triangle
ABACABDCDBDCAD,True,42,39,3,simplified_to_triangle
ABACABDCDCDBDC,True,42,39,3,simplified_to_triangle
ABACACABADACAD,True,42,39,3,simplified_to_triangle
ABACACABADBCBD,True,42,39,3,simplified_to_triangle
ABACACABADCACD,True,42,39,3,simplified_to_triangle
ABACACABADCBCD,True,42,39,3,simplified_to_triangle
ABACACABCABDCD,True,42,39,3,simplified_to_triangle
ABACACABCADBCD,True,42,39,3,simplified_to_triangle
ABACACABCBADCD,True,42,39,3,simplified_to_triangle
ABACACABCBDACD,True,42,39,3,simplified_to_triangle
ABACACABCBDCDC,True,42,39,3,simplified_to_triangle
ABACACABCDABCD,True,42,39,3,simplified_to_triangle
ABACACABCDBACD,True,42,39,3,simplified_to_triangle
ABACACABCDBCDC,True,42,39,3,simplified_to_triangle
ABACACABCDCABD,True,42,39,3,simplified_to_triangle
ABACACABCDCBAD,True,42,39,3,simplified_to_triangle
ABACACABDABCBD,True,42,39,3,simplified_to_triangle
ABACACABDACACD,True,42,39,3,simplified_to_triangle
ABACACABDACBCD,True,42,39,3,simplified_to_triangle
ABACACABDBACBD,True,42,39,3,simplified_to_triangle
ABACACABDCBABD,True,42,39,3,simplified_to_triangle
ABACACADABACAD,True,42,39,3,simplified_to_triangle
ABACACADABCACD,True,42,39,3,simplified_to_triangle
ABACACADABCBCD,True,42,39,3,simplified_to_triangle
ABACACADACABAD,True,42,39,3,simplified_to_triangle
ABACACADBABCBD,True,42,39,3,simplified_to_triangle
ABACACADBACACD,True,42,39,3,simplified_to_triangle
ABACACADBACBCD,True,42,39,3,simplified_to_triangle
ABACACADBCBABD,True,42,39,3,simplified_to_triangle
ABACACADCACABD,True,42,39,3,simplified_to_triangle
ABACACADCACBAD,True,42,39,3,simplified_to_triangle
ABACACADCADCAC,True,42,39,3,simplified_to_triangle
ABACACADCBCABD,True,42,39,3,simplified_to_triangle
ABACACADCBCBAD,True,42,39,3,simplified_to_triangle
ABACACADCBDCBC,True,42,39,3,simplified_to_triangle
ABACACADCDACAC,True,42,39,3,simplified_to_triangle
ABACACBABDACBD,True,42,39,3,simplified_to_triangle
ABACACBABDBCAD,True,42,39,3,simplified_to_triangle
ABACACBACABDCD,True,42,39,3,simplified_to_triangle
ABACACBACADBCD,True,42,39,3,simplified_to_triangle
ABACACBACBADCD,True,42,39,3,simplified_to_triangle
ABACACBACBDACD,True,42,39,3,simplified_to_triangle
ABACACBACBDCDC,True,42,39,3,simplified_to_triangle
ABACACBACDABCD,True,42,39,3,simplified_to_triangle
ABACACBACDBACD,True,42,39,3,simplified_to_triangle
ABACACBACDBCDC,True,42,39,3,simplified_to_triangle
ABACACBACDCABD,True,42,39,3,simplified_to_triangle
ABACACBACDCBAD,True,42,39,3,simplified_to_triangle
ABACACBADABCBD,True,42,39,3,simplified_to_triangle
ABACACBADACACD,True,42,39,3,simplified_to_triangle
ABACACBADACBCD,True,42,39,3,simplified_to_triangle
ABACACBADBACBD,True,42,39,3,simplified_to_triangle
ABACACBADCBABD,True,42,39,3,simplified_to_triangle
ABACACBCACBDCD,True,42,39,3,simplified_to_triangle
ABACACBCACDBCD,True,42,39,3,simplified_to_triangle
ABACACBCADCADC,True,42,39,3,simplified_to_triangle
ABACACBCADCDAC,True,42,39,3,simplified_to_triangle
ABACACBCBCADCD,True,42,39,3,simplified_to_triangle
ABACACBCBCDACD,True,42,39,3,simplified_to_triangle
ABACACBCBDCBDC,True,42,39,3,simplified_to_triangle
ABACACBCBDCDBC,True,42,39,3,simplified_to_triangle
ABACACBCDACADC,True,42,39,3,simplified_to_triangle
ABACACBCDACDAC,True,42,39,3,simplified_to_triangle
ABACACBCDBCBDC,True,42,39,3,simplified_to_triangle
ABACACBCDBCDBC,True,42,39,3,simplified_to_triangle
ABACACBCDCACDC,True,42,39,3,simplified_to_triangle
ABACACBCDCBCDC,True,42,39,3,simplified_to_triangle
ABACACBDABACBD,True,42,39,3,simplified_to_triangle
ABACACBDACBABD,True,42,39,3,simplified_to_triangle
ABACACBDBABCAD,True,42,39,3,simplified_to_triangle
ABACACBDBCABAD,True,42,39,3,simplified_to_triangle
ABACACBDCABACD,True,42,39,3,simplified_to_triangle
ABACACBDCADCBC,True,42,39,3,simplified_to_triangle
ABACACBDCBABCD,True,42,39,3,simplified_to_triangle
ABACACBDCBDCAC,True,42,39,3,simplified_to_triangle
ABACACBDCDACBC,True,42,39,3,simplified_to_triangle
ABACACBDCDADCD,True,42,39,3,simplified_to_triangle
ABACACBDCDBCAC,True,42,39,3,simplified_to_triangle
ABACACBDCDBDCD,True,42,39,3,simplified_to_triangle
ABACACDABACACD,True,42,39,3,simplified_to_triangle
ABACACDABACBCD,True,42,39,3,simplified_to_triangle
ABACACDABCBABD,True,42,39,3,simplified_to_triangle
ABACACDACACABD,True,42,39,3,simplified_to_triangle
ABACACDACACBAD,True,42,39,3,simplified_to_triangle
ABACACDACADCAC,True,42,39,3,simplified_to_triangle
ABACACDACBCABD,True,42,39,3,simplified_to_triangle
ABACACDACBCBAD,True,42,39,3,simplified_to_triangle
ABACACDACBDCBC,True,42,39,3,simplified_to_triangle
ABACACDADBDCAD,True,42,39,3,simplified_to_triangle
ABACACDBACBABD,True,42,39,3,simplified_to_triangle
ABACACDBCABACD,True,42,39,3,simplified_to_triangle
ABACACDBCADCBC,True,42,39,3,simplified_to_triangle
ABACACDBCBABCD,True,42,39,3,simplified_to_triangle
ABACACDBCBDCAC,True,42,39,3,simplified_to_triangle
ABACACDBCDACBC,True,42,39,3,simplified_to_triangle
ABACACDBCDADCD,True,42,39,3,simplified_to_triangle
ABACACDBCDBDCD,True,42,39,3,simplified_to_triangle
ABACACDBDADCAD,True,42,39,3,simplified_to_triangle
ABACACDCACDCAC,True,42,39,3,simplified_to_triangle
ABACACDCADCABC,True,42,39,3,simplified_to_triangle
ABACACDCBCABCD,True,42,39,3,simplified_to_triangle
ABACACDCBCBACD,True,42,39,3,simplified_to_triangle
ABACACDCBCDCAC,True,42,39,3,simplified_to_triangle
ABACACDCDACABC,True,42,39,3,simplified_to_triangle
ABACACDCDCACBC,True,42,39,3,simplified_to_triangle
ABACADABACADBC,True,42,39,3,simplified_to_triangle
ABACADABACBADC,True,42,39,3,simplified_to_triangle
ABACADABACBCAD,True,42,39,3,simplified_to_triangle
ABACADABACBDAC,True,42,39,3,simplified_to_triangle
ABACADABACDABC,True,42,39,3,simplified_to_triangle
ABACADABCACBDC,True,42,39,3,simplified_to_triangle
ABACADABCACDBC,True,42,39,3,simplified_to_triangle
ABACADABCBCBDC,True,42,39,3,simplified_to_triangle
ABACADABCBCDBC,True,42,39,3,simplified_to_triangle
ABACADABCDACBC,True,42,39,3,simplified_to_triangle
ABACADABCDCABC,True,42,39,3,simplified_to_triangle
ABACADABDCDCBD,True,42,39,3,simplified_to_triangle
ABACADABDCDCDC,True,42,39,3,simplified_to_triangle
ABACADACABACBD,True,42,39,3,simplified_to_triangle
ABACADACABCBCD,True,42,39,3,simplified_to_triangle
ABACADACABDABC,True,42,39,3,simplified_to_triangle
ABACADACACDCBC,True,42,39,3,simplified_to_triangle
ABACADACADACBC,True,42,39,3,simplified_to_triangle
ABACADACADBABC,True,42,39,3,simplified_to_triangle
ABACADACBABCBD,True,42,39,3,simplified_to_triangle
ABACADACBABDAC,True,42,39,3,simplified_to_triangle
ABACADACBACBCD,True,42,39,3,simplified_to_triangle
ABACADACBADABC,True,42,39,3,simplified_to_triangle
ABACADACBCABAD,True,42,39,3,simplified_to_triangle
ABACADACDADCBD,True,42,39,3,simplified_to_triangle
ABACADACDBDCBD,True,42,39,3,simplified_to_triangle
ABACADACDCADCD,True,42,39,3,simplified_to_triangle
ABACADACDCDACD,True,42,39,3,simplified_to_triangle
ABACADACDCDBDC,True,42,39,3,simplified_to_triangle
ABACADBABCACBD,True,42,39,3,simplified_to_triangle
ABACADBABCBCBD,True,42,39,3,simplified_to_triangle
ABACADBABCBDBC,True,42,39,3,simplified_to_triangle
ABACADBACACBDC,True,42,39,3,simplified_to_triangle
ABACADBACACDBC,True,42,39,3,simplified_to_triangle
ABACADBACBCBDC,True,42,39,3,simplified_to_triangle
ABACADBACBCDBC,True,42,39,3,simplified_to_triangle
ABACADBACDCABC,True,42,39,3,simplified_to_triangle
ABACADBADCDCBD,True,42,39,3,simplified_to_triangle
ABACADBADCDCDC,True,42,39,3,simplified_to_triangle
ABACADBCABCACD,True,42,39,3,simplified_to_triangle
ABACADBCACBABD,True,42,39,3,simplified_to_triangle
ABACADBCBABCAD,True,42,39,3,simplified_to_triangle
ABACADBCBABDBC,True,42,39,3,simplified_to_triangle
ABACADBCBACACD,True,42,39,3,simplified_to_triangle
ABACADBCBCBABD,True,42,39,3,simplified_to_triangle
ABACADBCBCDCBC,True,42,39,3,simplified_to_triangle
ABACADBCBDBABC,True,42,39,3,simplified_to_triangle
ABACADBCDADBDC,True,42,39,3,simplified_to_triangle
ABACADBCDADCAD,True,42,39,3,simplified_to_triangle
ABACADBCDBDADC,True,42,39,3,simplified_to_triangle
ABACADBCDBDCAD,True,42,39,3,simplified_to_triangle
ABACADBCDCDBDC,True,42,39,3,simplified_to_triangle
ABACADBDACDCBD,True,42,39,3,simplified_to_triangle
ABACADBDACDCDC,True,42,39,3,simplified_to_triangle
ABACADBDADBCDC,True,42,39,3,simplified_to_triangle
ABACADBDCDCBDC,True,42,39,3,simplified_to_triangle
ABACADBDCDCDBC,True,42,39,3,simplified_to_triangle
ABACADCABACADC,True,42,39,3,simplified_to_triangle
ABACADCABACDAC,True,42,39,3,simplified_to_triangle
ABACADCABCACDC,True,42,39,3,simplified_to_triangle
ABACADCABDCABC,True,42,39,3,simplified_to_triangle
ABACADCACABCBD,True,42,39,3,simplified_to_triangle
ABACADCACABDBC,True,42,39,3,simplified_to_triangle
ABACADCACACBCD,True,42,39,3,simplified_to_triangle
ABACADCACADCBC,True,42,39,3,simplified_to_triangle
ABACADCACBABDC,True,42,39,3,simplified_to_triangle
ABACADCACBACBD,True,42,39,3,simplified_to_triangle
ABACADCACBADBC,True,42,39,3,simplified_to_triangle
ABACADCACBCBCD,True,42,39,3,simplified_to_triangle
ABACADCACBDABC,True,42,39,3,simplified_to_triangle
ABACADCACDACBC,True,42,39,3,simplified_to_triangle
ABACADCACDBABC,True,42,39,3,simplified_to_triangle
ABACADCADACDCD,True,42,39,3,simplified_to_triangle
ABACADCADBCABC,True,42,39,3,simplified_to_triangle
ABACADCADCBDCD,True,42,39,3,simplified_to_triangle
ABACADCADCDBCD,True,42,39,3,simplified_to_triangle
ABACADCADCDBDC,True,42,39,3,simplified_to_triangle
ABACADCBABCADC,True,42,39,3,simplified_to_triangle
ABACADCBABCDAC,True,42,39,3,simplified_to_triangle
ABACADCBACACDC,True,42,39,3,simplified_to_triangle
ABACADCBADACBC,True,42,39,3,simplified_to_triangle
ABACADCBADCABC,True,42,39,3,simplified_to_triangle
ABACADCBCABCAD,True,42,39,3,simplified_to_triangle
ABACADCBCABDBC,True,42,39,3,simplified_to_triangle
ABACADCBCACACD,True,42,39,3,simplified_to_triangle
ABACADCBCBABDC,True,42,39,3,simplified_to_triangle
ABACADCBCBACAD,True,42,39,3,simplified_to_triangle
ABACADCBCBADBC,True,42,39,3,simplified_to_triangle
ABACADCBCBCACD,True,42,39,3,simplified_to_triangle
ABACADCBCBDABC,True,42,39,3,simplified_to_triangle
ABACADCBCBDCBC,True,42,39,3,simplified_to_triangle
ABACADCBCDBABC,True,42,39,3,simplified_to_triangle
ABACADCBDACABC,True,42,39,3,simplified_to_triangle
ABACADCBDBCDCD,True,42,39,3,simplified_to_triangle
ABACADCBDCACBC,True,42,39,3,simplified_to_triangle
ABACADCBDCDBDC,True,42,39,3,simplified_to_triangle
ABACADCBDCDCBD,True,42,39,3,simplified_to_triangle
ABACADCDABCABC,True,42,39,3,simplified_to_triangle
ABACADCDACBDCD,True,42,39,3,simplified_to_triangle
ABACADCDACDBCD,True,42,39,3,simplified_to_triangle
ABACADCDACDBDC,True,42,39,3,simplified_to_triangle
ABACADCDADCADC,True,42,39,3,simplified_to_triangle
ABACADCDADCDAC,True,42,39,3,simplified_to_triangle
ABACADCDBACABC,True,42,39,3,simplified_to_triangle
ABACADCDBCACBC,True,42,39,3,simplified_to_triangle
ABACADCDBCDCBD,True,42,39,3,simplified_to_triangle
ABACADCDBDCADC,True,42,39,3,simplified_to_triangle
ABACADCDBDCDAC,True,42,39,3,simplified_to_triangle
ABACADCDCACABC,True,42,39,3,simplified_to_triangle
ABACADCDCADACD,True,42,39,3,simplified_to_triangle
ABACADCDCBDBCD,True,42,39,3,simplified_to_triangle
ABACBABCABDCAD,True,42,39,3,simplified_to_triangle
ABACBABCADACBD,True,42,39,3,simplified_to_triangle
ABACBABCADBCAD,True,42,39,3,simplified_to_triangle
ABACBABCBADCAD,True,42,39,3,simplified_to_triangle
ABACBABCBDACAD,True,42,39,3,simplified_to_triangle
ABACBABCBDBCBD,True,42,39,3,simplified_to_triangle
ABACBABCBDCACD,True,42,39,3,simplified_to_triangle
ABACBABCBDCBCD,True,42,39,3,simplified_to_triangle
ABACBABCDABCAD,True,42,39,3,simplified_to_triangle
ABACBABCDBACAD,True,42,39,3,simplified_to_triangle
ABACBABCDBCACD,True,42,39,3,simplified_to_triangle
ABACBABCDBCBCD,True,42,39,3,simplified_to_triangle
ABACBABCDCABAD,True,42,39,3,simplified_to_triangle
ABACBABDACACBD,True,42,39,3,simplified_to_triangle
ABACBABDACBCBD,True,42,39,3,simplified_to_triangle
ABACBABDACBDBC,True,42,39,3,simplified_to_triangle
ABACBABDBABCDC,True,42,39,3,simplified_to_triangle
ABACBABDBCABDC,True,42,39,3,simplified_to_triangle
ABACBABDBCACAD,True,42,39,3,simplified_to_triangle
ABACBABDBCADBC,True,42,39,3,simplified_to_triangle
ABACBABDBCBADC,True,42,39,3,simplified_to_triangle
ABACBABDBCBCAD,True,42,39,3,simplified_to_triangle
ABACBABDBCDABC,True,42,39,3,simplified_to_triangle
ABACBABDCACADC,True,42,39,3,simplified_to_triangle
ABACBABDCBCADC,True,42,39,3,simplified_to_triangle
ABACBABDCDCDCD,True,42,39,3,simplified_to_triangle
ABACBACABCBDCD,True,42,39,3,simplified_to_triangle
ABACBACABCDBCD,True,42,39,3,simplified_to_triangle
ABACBACABDCADC,True,42,39,3,simplified_to_triangle
ABACBACACADCBD,True,42,39,3,simplified_to_triangle
ABACBACACADCDC,True,42,39,3,simplified_to_triangle
ABACBACACBCDCD,True,42,39,3,simplified_to_triangle
ABACBACACBDCAD,True,42,39,3,simplified_to_triangle
ABACBACACBDCDC,True,42,39,3,simplified_to_triangle
ABACBACACDACBD,True,42,39,3,simplified_to_triangle
ABACBACACDACDC,True,42,39,3,simplified_to_triangle
ABACBACACDBCAD,True,42,39,3,simplified_to_triangle
ABACBACACDBCDC,True,42,39,3,simplified_to_triangle
ABACBACACDCADC,True,42,39,3,simplified_to_triangle
ABACBACACDCBDC,True,42,39,3,simplified_to_triangle
ABACBACACDCDBC,True,42,39,3,simplified_to_triangle
ABACBACADACBDC,True,42,39,3,simplified_to_triangle
ABACBACADACDBC,True,42,39,3,simplified_to_triangle
ABACBACADBCADC,True,42,39,3,simplified_to_triangle
ABACBACBACBDCD,True,42,39,3,simplified_to_triangle
ABACBACBACDBCD,True,42,39,3,simplified_to_triangle
ABACBACBADCADC,True,42,39,3,simplified_to_triangle
ABACBACBCADCAD,True,42,39,3,simplified_to_triangle
ABACBACBCBDCBD,True,42,39,3,simplified_to_triangle
ABACBACBCDACAD,True,42,39,3,simplified_to_triangle
ABACBACBCDBCBD,True,42,39,3,simplified_to_triangle
ABACBACBCDCACD,True,42,39,3,simplified_to_triangle
ABACBACBCDCBCD,True,42,39,3,simplified_to_triangle
ABACBACBDACADC,True,42,39,3,simplified_to_triangle
ABACBACBDBCBDC,True,42,39,3,simplified_to_triangle
ABACBACBDBCDBC,True,42,39,3,simplified_to_triangle
ABACBACBDCACDC,True,42,39,3,simplified_to_triangle
ABACBACBDCBCDC,True,42,39,3,simplified_to_triangle
ABACBACDABCADC,True,42,39,3,simplified_to_triangle
ABACBACDBACADC,True,42,39,3,simplified_to_triangle
ABACBACDBCACDC,True,42,39,3,simplified_to_triangle
ABACBACDBCBCDC,True,42,39,3,simplified_to_triangle
ABACBACDCABADC,True,42,39,3,simplified_to_triangle
ABACBACDCADABC,True,42,39,3,simplified_to_triangle
ABACBACDCDCABC,True,42,39,3,simplified_to_triangle
ABACBADABACBAD,True,42,39,3,simplified_to_triangle
ABACBADABCACBD,True,42,39,3,simplified_to_triangle
ABACBADABCBCBD,True,42,39,3,simplified_to_triangle
ABACBADABCBDBC,True,42,39,3,simplified_to_triangle
ABACBADACACBDC,True,42,39,3,simplified_to_triangle
ABACBADACACDBC,True,42,39,3,simplified_to_triangle
ABACBADACBCBDC,True,42,39,3,simplified_to_triangle
ABACBADACBCDBC,True,42,39,3,simplified_to_triangle
ABACBADBACACBD,True,42,39,3,simplified_to_triangle
ABACBADBACBCBD,True,42,39,3,simplified_to_triangle
ABACBADBACBDBC,True,42,39,3,simplified_to_triangle
ABACBADBCACADC,True,42,39,3,simplified_to_triangle
ABACBADBCBCADC,True,42,39,3,simplified_to_triangle
ABACBADBCDCDCD,True,42,39,3,simplified_to_triangle
ABACBADBDCDCBD,True,42,39,3,simplified_to_triangle
ABACBADCABCACD,True,42,39,3,simplified_to_triangle
ABACBADCACBABD,True,42,39,3,simplified_to_triangle
ABACBADCBABCAD,True,42,39,3,simplified_to_triangle
ABACBADCBABDBC,True,42,39,3,simplified_to_triangle
ABACBADCBACACD,True,42,39,3,simplified_to_triangle
ABACBADCBCBABD,True,42,39,3,simplified_to_triangle
ABACBADCBCBCDC,True,42,39,3,simplified_to_triangle
ABACBADCDADBDC,True,42,39,3,simplified_to_triangle
ABACBADCDADCAD,True,42,39,3,simplified_to_triangle
ABACBADCDBDADC,True,42,39,3,simplified_to_triangle
ABACBADCDBDCAD,True,42,39,3,simplified_to_triangle
ABACBCABADACAD,True,42,39,3,simplified_to_triangle
ABACBCABADBCBD,True,42,39,3,simplified_to_triangle
ABACBCABADCACD,True,42,39,3,simplified_to_triangle
ABACBCABADCBCD,True,42,39,3,simplified_to_triangle
ABACBCABCADACD,True,42,39,3,simplified_to_triangle
ABACBCABCADCDC,True,42,39,3,simplified_to_triangle
ABACBCABCBDBCD,True,42,39,3,simplified_to_triangle
ABACBCABCDACDC,True,42,39,3,simplified_to_triangle
ABACBCABDABCBD,True,42,39,3,simplified_to_triangle
ABACBCABDACACD,True,42,39,3,simplified_to_triangle
ABACBCABDACBCD,True,42,39,3,simplified_to_triangle
ABACBCABDBACBD,True,42,39,3,simplified_to_triangle
ABACBCABDBACDC,True,42,39,3,simplified_to_triangle
ABACBCABDBCBDC,True,42,39,3,simplified_to_triangle
ABACBCABDCABDC,True,42,39,3,simplified_to_triangle
ABACBCABDCBABD,True,42,39,3,simplified_to_triangle
ABACBCABDCBCDC,True,42,39,3,simplified_to_triangle
ABACBCACACDACD,True,42,39,3,simplified_to_triangle
ABACBCACADCBDC,True,42,39,3,simplified_to_triangle
ABACBCACBCBDCD,True,42,39,3,simplified_to_triangle
ABACBCACBCDBCD,True,42,39,3,simplified_to_triangle
ABACBCACBDCADC,True,42,39,3,simplified_to_triangle
ABACBCACDACBDC,True,42,39,3,simplified_to_triangle
ABACBCACDBCADC,True,42,39,3,simplified_to_triangle
ABACBCADABCACD,True,42,39,3,simplified_to_triangle
ABACBCADABCBCD,True,42,39,3,simplified_to_triangle
ABACBCADACACDC,True,42,39,3,simplified_to_triangle
ABACBCADBABCBD,True,42,39,3,simplified_to_triangle
ABACBCADBACACD,True,42,39,3,simplified_to_triangle
ABACBCADBACBCD,True,42,39,3,simplified_to_triangle
ABACBCADBCBABD,True,42,39,3,simplified_to_triangle
ABACBCADBCBCDC,True,42,39,3,simplified_to_triangle
ABACBCADBDCDCD,True,42,39,3,simplified_to_triangle
ABACBCADCACABD,True,42,39,3,simplified_to_triangle
ABACBCADCACADC,True,42,39,3,simplified_to_triangle
ABACBCADCACBAD,True,42,39,3,simplified_to_triangle
ABACBCADCBCABD,True,42,39,3,simplified_to_triangle
ABACBCADCBCBAD,True,42,39,3,simplified_to_triangle
ABACBCADCBCBDC,True,42,39,3,simplified_to_triangle
ABACBCBABDACBD,True,42,39,3,simplified_to_triangle
ABACBCBABDBCAD,True,42,39,3,simplified_to_triangle
ABACBCBACADACD,True,42,39,3,simplified_to_triangle
ABACBCBACBDBCD,True,42,39,3,simplified_to_triangle
ABACBCBADABCBD,True,42,39,3,simplified_to_triangle
ABACBCBADACACD,True,42,39,3,simplified_to_triangle
ABACBCBADACBCD,True,42,39,3,simplified_to_triangle
ABACBCBADBACBD,True,42,39,3,simplified_to_triangle
ABACBCBADCBABD,True,42,39,3,simplified_to_triangle
ABACBCBDABACBD,True,42,39,3,simplified_to_triangle
ABACBCBDACBABD,True,42,39,3,simplified_to_triangle
ABACBCBDADCDCD,True,42,39,3,simplified_to_triangle
ABACBCBDBABCAD,True,42,39,3,simplified_to_triangle
ABACBCBDBCABAD,True,42,39,3,simplified_to_triangle
ABACBCBDCABACD,True,42,39,3,simplified_to_triangle
ABACBCBDCBABCD,True,42,39,3,simplified_to_triangle
ABACBCBDCDADCD,True,42,39,3,simplified_to_triangle
ABACBCBDCDBDCD,True,42,39,3,simplified_to_triangle
ABACBCDABACBCD,True,42,39,3,simplified_to_triangle
ABACBCDABCBABD,True,42,39,3,simplified_to_triangle
ABACBCDABCBCDC,True,42,39,3,simplified_to_triangle
ABACBCDABDCDCD,True,42,39,3,simplified_to_triangle
ABACBCDACACABD,True,42,39,3,simplified_to_triangle
ABACBCDACACADC,True,42,39,3,simplified_to_triangle
ABACBCDACACBAD,True,42,39,3,simplified_to_triangle
ABACBCDACBCABD,True,42,39,3,simplified_to_triangle
ABACBCDACBCBAD,True,42,39,3,simplified_to_triangle
ABACBCDADBCDCD,True,42,39,3,simplified_to_triangle
ABACBCDADBDCAD,True,42,39,3,simplified_to_triangle
ABACBCDADBDCDC,True,42,39,3,simplified_to_triangle
ABACBCDBACBABD,True,42,39,3,simplified_to_triangle
ABACBCDBADCDCD,True,42,39,3,simplified_to_triangle
ABACBCDBCABACD,True,42,39,3,simplified_to_triangle
ABACBCDBCBABCD,True,42,39,3,simplified_to_triangle
ABACBCDBCDADCD,True,42,39,3,simplified_to_triangle
ABACBCDBCDBDCD,True,42,39,3,simplified_to_triangle
ABACBCDBDACDCD,True,42,39,3,simplified_to_triangle
ABACBCDBDADCAD,True,42,39,3,simplified_to_triangle
ABACBCDCADCDCD,True,42,39,3,simplified_to_triangle
ABACBCDCBABCDC,True,42,39,3,simplified_to_triangle
ABACBCDCBCABCD,True,42,39,3,simplified_to_triangle
ABACBCDCBCBACD,True,42,39,3,simplified_to_triangle
ABACBCDCBCBADC,True,42,39,3,simplified_to_triangle
ABACBCDCDACDCD,True,42,39,3,simplified_to_triangle
ABACBCDCDADCDC,True,42,39,3,simplified_to_triangle
ABACBCDCDBDADC,True,42,39,3,simplified_to_triangle
ABACBDABACBDBC,True,42,39,3,simplified_to_triangle
ABACBDABCACADC,True,42,39,3,simplified_to_triangle
ABACBDABCBCADC,True,42,39,3,simplified_to_triangle
ABACBDABCDCDCD,True,42,39,3,simplified_to_triangle
ABACBDABDCDCBD,True,42,39,3,simplified_to_triangle
ABACBDACABCACD,True,42,39,3,simplified_to_triangle
ABACBDACACBABD,True,42,39,3,simplified_to_triangle
ABACBDACBABCAD,True,42,39,3,simplified_to_triangle
ABACBDACBABDBC,True,42,39,3,simplified_to_triangle
ABACBDACBACACD,True,42,39,3,simplified_to_triangle
ABACBDACBCBABD,True,42,39,3,simplified_to_triangle
ABACBDACBCBCDC,True,42,39,3,simplified_to_triangle
ABACBDACDADBDC,True,42,39,3,simplified_to_triangle
ABACBDACDADCAD,True,42,39,3,simplified_to_triangle
ABACBDACDBDADC,True,42,39,3,simplified_to_triangle
ABACBDACDBDCAD,True,42,39,3,simplified_to_triangle
ABACBDADBCDCBD,True,42,39,3,simplified_to_triangle
ABACBDADBDACDC,True,42,39,3,simplified_to_triangle
ABACBDADBDCABD,True,42,39,3,simplified_to_triangle
ABACBDADBDCBAD,True,42,39,3,simplified_to_triangle
ABACBDADCDCBDC,True,42,39,3,simplified_to_triangle
ABACBDADCDCDBC,True,42,39,3,simplified_to_triangle
ABACBDBABCABDC,True,42,39,3,simplified_to_triangle
ABACBDBABCACAD,True,42,39,3,simplified_to_triangle
ABACBDBABCBADC,True,42,39,3,simplified_to_triangle
ABACBDBABCBCAD,True,42,39,3,simplified_to_triangle
ABACBDBACACADC,True,42,39,3,simplified_to_triangle
ABACBDBACBCADC,True,42,39,3,simplified_to_triangle
ABACBDBACDCDCD,True,42,39,3,simplified_to_triangle
ABACBDBADCDCBD,True,42,39,3,simplified_to_triangle
ABACBDBCABCBCD,True,42,39,3,simplified_to_triangle
ABACBDBCACACDC,True,42,39,3,simplified_to_triangle
ABACBDBCBABCBD,True,42,39,3,simplified_to_triangle
ABACBDBCBACBCD,True,42,39,3,simplified_to_triangle
ABACBDBCDADCBD,True,42,39,3,simplified_to_triangle
ABACBDBCDBDCBD,True,42,39,3,simplified_to_triangle
ABACBDBCDCADCD,True,42,39,3,simplified_to_triangle
ABACBDBCDCDACD,True,42,39,3,simplified_to_triangle
ABACBDCABACBDC,True,42,39,3,simplified_to_triangle
ABACBDCABACDBC,True,42,39,3,simplified_to_triangle
ABACBDCABCABCD,True,42,39,3,simplified_to_triangle
ABACBDCABCBACD,True,42,39,3,simplified_to_triangle
ABACBDCABCBCDC,True,42,39,3,simplified_to_triangle
ABACBDCACABCAD,True,42,39,3,simplified_to_triangle
ABACBDCACACBDC,True,42,39,3,simplified_to_triangle
ABACBDCACACDBC,True,42,39,3,simplified_to_triangle
ABACBDCACBACAD,True,42,39,3,simplified_to_triangle
ABACBDCACBCACD,True,42,39,3,simplified_to_triangle
ABACBDCADCADCD,True,42,39,3,simplified_to_triangle
ABACBDCADCDACD,True,42,39,3,simplified_to_triangle
ABACBDCADCDCBD,True,42,39,3,simplified_to_triangle
ABACBDCBABCBDC,True,42,39,3,simplified_to_triangle
ABACBDCBABCDBC,True,42,39,3,simplified_to_triangle
ABACBDCBACABCD,True,42,39,3,simplified_to_triangle
ABACBDCBACBACD,True,42,39,3,simplified_to_triangle
ABACBDCBACBCDC,True,42,39,3,simplified_to_triangle
ABACBDCBCABCBD,True,42,39,3,simplified_to_triangle
ABACBDCBCACBCD,True,42,39,3,simplified_to_triangle
ABACBDCBCBACBD,True,42,39,3,simplified_to_triangle
ABACBDCBCBCADC,True,42,39,3,simplified_to_triangle
ABACBDCDACADCD,True,42,39,3,simplified_to_triangle
ABACBDCDACDACD,True,42,39,3,simplified_to_triangle
ABACBDCDACDCBD,True,42,39,3,simplified_to_triangle
ABACBDCDADCBDC,True,42,39,3,simplified_to_triangle
ABACBDCDADCDBC,True,42,39,3,simplified_to_triangle
ABACBDCDBDCBDC,True,42,39,3,simplified_to_triangle
ABACBDCDBDCDBC,True,42,39,3,simplified_to_triangle
ABACBDCDCACDCD,True,42,39,3,simplified_to_triangle
ABACBDCDCADBDC,True,42,39,3,simplified_to_triangle
ABACBDCDCADCDC,True,42,39,3,simplified_to_triangle
ABACBDCDCBDADC,True,42,39,3,simplified_to_triangle
ABACBDCDCDABDC,True,42,39,3,simplified_to_triangle
ABACBDCDCDACDC,True,42,39,3,simplified_to_triangle
ABACBDCDCDBADC,True,42,39,3,simplified_to_triangle
ABACBDCDCDCABD,True,42,39,3,simplified_to_triangle
ABACBDCDCDCBAD,True,42,39,3,simplified_to_triangle
ABACDABADCDCBD,True,42,39,3,simplified_to_triangle
ABACDABADCDCDC,True,42,39,3,simplified_to_triangle
ABACDABCABCACD,True,42,39,3,simplified_to_triangle
ABACDABCACBABD,True,42,39,3,simplified_to_triangle
ABACDABCBABCAD,True,42,39,3,simplified_to_triangle
ABACDABCBACACD,True,42,39,3,simplified_to_triangle
ABACDABCBCBABD,True,42,39,3,simplified_to_triangle
ABACDABCDADBDC,True,42,39,3,simplified_to_triangle
ABACDABCDADCAD,True,42,39,3,simplified_to_triangle
ABACDABCDBDADC,True,42,39,3,simplified_to_triangle
ABACDABCDBDCAD,True,42,39,3,simplified_to_triangle
ABACDABCDCDBDC,True,42,39,3,simplified_to_triangle
ABACDABDACDCBD,True,42,39,3,simplified_to_triangle
ABACDABDACDCDC,True,42,39,3,simplified_to_triangle
ABACDABDBCDCBD,True,42,39,3,simplified_to_triangle
ABACDABDCDCBDC,True,42,39,3,simplified_to_triangle
ABACDACABCACDC,True,42,39,3,simplified_to_triangle
ABACDACACABCBD,True,42,39,3,simplified_to_triangle
ABACDACACBABDC,True,42,39,3,simplified_to_triangle
ABACDACACBACBD,True,42,39,3,simplified_to_triangle
ABACDACACBCBCD,True,42,39,3,simplified_to_triangle
ABACDACADACDCD,True,42,39,3,simplified_to_triangle
ABACDACADCBDCD,True,42,39,3,simplified_to_triangle
ABACDACADCDBCD,True,42,39,3,simplified_to_triangle
ABACDACADCDBDC,True,42,39,3,simplified_to_triangle
ABACDACBABCADC,True,42,39,3,simplified_to_triangle
ABACDACBACACDC,True,42,39,3,simplified_to_triangle
ABACDACBCABCAD,True,42,39,3,simplified_to_triangle
ABACDACBCACACD,True,42,39,3,simplified_to_triangle
ABACDACBCBABDC,True,42,39,3,simplified_to_triangle
ABACDACBCBACAD,True,42,39,3,simplified_to_triangle
ABACDACBCBCACD,True,42,39,3,simplified_to_triangle
ABACDACBDBCDCD,True,42,39,3,simplified_to_triangle
ABACDACBDCDCBD,True,42,39,3,simplified_to_triangle
ABACDACDACBDCD,True,42,39,3,simplified_to_triangle
ABACDACDACDBCD,True,42,39,3,simplified_to_triangle
ABACDACDACDBDC,True,42,39,3,simplified_to_triangle
ABACDACDADCADC,True,42,39,3,simplified_to_triangle
ABACDACDBCDCBD,True,42,39,3,simplified_to_triangle
ABACDACDBDCADC,True,42,39,3,simplified_to_triangle
ABACDACDCADACD,True,42,39,3,simplified_to_triangle
ABACDACDCBDBCD,True,42,39,3,simplified_to_triangle
ABACDADBACDCBD,True,42,39,3,simplified_to_triangle
ABACDADBACDCDC,True,42,39,3,simplified_to_triangle
ABACDADBCDCBDC,True,42,39,3,simplified_to_triangle
ABACDADBDCABDC,True,42,39,3,simplified_to_triangle
ABACDADBDCACAD,True,42,39,3,simplified_to_triangle
ABACDADBDCBCAD,True,42,39,3,simplified_to_triangle
ABACDADCABDCAD,True,42,39,3,simplified_to_triangle
ABACDADCADACBD,True,42,39,3,simplified_to_triangle
ABACDADCADBCAD,True,42,39,3,simplified_to_triangle
ABACDADCBADCAD,True,42,39,3,simplified_to_triangle
ABACDADCBDACAD,True,42,39,3,simplified_to_triangle
ABACDADCBDBCBD,True,42,39,3,simplified_to_triangle
ABACDADCBDCACD,True,42,39,3,simplified_to_triangle
ABACDADCBDCBCD,True,42,39,3,simplified_to_triangle
ABACDADCDABCAD,True,42,39,3,simplified_to_triangle
ABACDADCDBACAD,True,42,39,3,simplified_to_triangle
ABACDADCDBCACD,True,42,39,3,simplified_to_triangle
ABACDADCDBCBCD,True,42,39,3,simplified_to_triangle
ABACDADCDCABAD,True,42,39,3,simplified_to_triangle
ABACDBABCDCDCD,True,42,39,3,simplified_to_triangle
ABACDBABDCDCBD,True,42,39,3,simplified_to_triangle
ABACDBACABCACD,True,42,39,3,simplified_to_triangle
ABACDBACACBABD,True,42,39,3,simplified_to_triangle
ABACDBACBABCAD,True,42,39,3,simplified_to_triangle
ABACDBACBACACD,True,42,39,3,simplified_to_triangle
ABACDBACBCBABD,True,42,39,3,simplified_to_triangle
ABACDBACBCBCDC,True,42,39,3,simplified_to_triangle
ABACDBACDADBDC,True,42,39,3,simplified_to_triangle
ABACDBACDADCAD,True,42,39,3,simplified_to_triangle
ABACDBACDBDCAD,True,42,39,3,simplified_to_triangle
ABACDBADACDCBD,True,42,39,3,simplified_to_triangle
ABACDBADACDCDC,True,42,39,3,simplified_to_triangle
ABACDBADBCDCBD,True,42,39,3,simplified_to_triangle
ABACDBADBDCABD,True,42,39,3,simplified_to_triangle
ABACDBADBDCBAD,True,42,39,3,simplified_to_triangle
ABACDBADCDCBDC,True,42,39,3,simplified_to_triangle
ABACDBCABCABCD,True,42,39,3,simplified_to_triangle
ABACDBCABCBACD,True,42,39,3,simplified_to_triangle
ABACDBCABCBCDC,True,42,39,3,simplified_to_triangle
ABACDBCACABCAD,True,42,39,3,simplified_to_triangle
ABACDBCACACBDC,True,42,39,3,simplified_to_triangle
ABACDBCACBACAD,True,42,39,3,simplified_to_triangle
ABACDBCACBCACD,True,42,39,3,simplified_to_triangle
ABACDBCADCADCD,True,42,39,3,simplified_to_triangle
ABACDBCADCDACD,True,42,39,3,simplified_to_triangle
ABACDBCADCDCBD,True,42,39,3,simplified_to_triangle
ABACDBCBABCBDC,True,42,39,3,simplified_to_triangle
ABACDBCBACABCD,True,42,39,3,simplified_to_triangle
ABACDBCBACBACD,True,42,39,3,simplified_to_triangle
ABACDBCBACBCDC,True,42,39,3,simplified_to_triangle
ABACDBCBCABCBD,True,42,39,3,simplified_to_triangle
ABACDBCBCACBCD,True,42,39,3,simplified_to_triangle
ABACDBCBCBACBD,True,42,39,3,simplified_to_triangle
ABACDBCDACADCD,True,42,39,3,simplified_to_triangle
ABACDBCDACDACD,True,42,39,3,simplified_to_triangle
ABACDBCDACDBDC,True,42,39,3,simplified_to_triangle
ABACDBCDACDCBD,True,42,39,3,simplified_to_triangle
ABACDBCDADCBDC,True,42,39,3,simplified_to_triangle
ABACDBCDBDCBDC,True,42,39,3,simplified_to_triangle
ABACDBCDCACDCD,True,42,39,3,simplified_to_triangle
ABACDBCDCADBDC,True,42,39,3,simplified_to_triangle
ABACDBCDCADCDC,True,42,39,3,simplified_to_triangle
ABACDBCDCDACDC,True,42,39,3,simplified_to_triangle
ABACDBCDCDCABD,True,42,39,3,simplified_to_triangle
ABACDBCDCDCBAD,True,42,39,3,simplified_to_triangle
ABACDBDABCDCBD,True,42,39,3,simplified_to_triangle
ABACDBDABDCABD,True,42,39,3,simplified_to_triangle
ABACDBDABDCBAD,True,42,39,3,simplified_to_triangle
ABACDBDADBCABD,True,42,39,3,simplified_to_triangle
ABACDBDADBCBAD,True,42,39,3,simplified_to_triangle
ABACDBDADCACAD,True,42,39,3,simplified_to_triangle
ABACDBDADCBCAD,True,42,39,3,simplified_to_triangle
ABACDBDCABCDCD,True,42,39,3,simplified_to_triangle
ABACDBDCABDCAD,True,42,39,3,simplified_to_triangle
ABACDBDCABDCDC,True,42,39,3,simplified_to_triangle
ABACDBDCADACBD,True,42,39,3,simplified_to_triangle
ABACDBDCADACDC,True,42,39,3,simplified_to_triangle
ABACDBDCADBCAD,True,42,39,3,simplified_to_triangle
ABACDBDCADBCDC,True,42,39,3,simplified_to_triangle
ABACDBDCBACDCD,True,42,39,3,simplified_to_triangle
ABACDBDCBADCAD,True,42,39,3,simplified_to_triangle
ABACDBDCBDACAD,True,42,39,3,simplified_to_triangle
ABACDBDCBDBCBD,True,42,39,3,simplified_to_triangle
ABACDBDCBDCACD,True,42,39,3,simplified_to_triangle
ABACDBDCBDCBCD,True,42,39,3,simplified_to_triangle
ABACDBDCDABCAD,True,42,39,3,simplified_to_triangle
ABACDBDCDABCDC,True,42,39,3,simplified_to_triangle
ABACDBDCDBACAD,True,42,39,3,simplified_to_triangle
ABACDBDCDBCACD,True,42,39,3,simplified_to_triangle
ABACDBDCDBCBCD,True,42,39,3,simplified_to_triangle
ABACDBDCDCABAD,True,42,39,3,simplified_to_triangle
ABACDBDCDCACDC,True,42,39,3,simplified_to_triangle
ABACDCABCABCDC,True,42,39,3,simplified_to_triangle
ABACDCABCACABD,True,42,39,3,simplified_to_triangle
ABACDCABCACBAD,True,42,39,3,simplified_to_triangle
ABACDCABCBACDC,True,42,39,3,simplified_to_triangle
ABACDCABCDBDCD,True,42,39,3,simplified_to_triangle
ABACDCABDADCBD,True,42,39,3,simplified_to_triangle
ABACDCACACBACD,True,42,39,3,simplified_to_triangle
ABACDCACADCDCD,True,42,39,3,simplified_to_triangle
ABACDCACBABCDC,True,42,39,3,simplified_to_triangle
ABACDCACBCACDC,True,42,39,3,simplified_to_triangle
ABACDCACDACDCD,True,42,39,3,simplified_to_triangle
ABACDCACDADCDC,True,42,39,3,simplified_to_triangle
ABACDCACDCBDCD,True,42,39,3,simplified_to_triangle
ABACDCACDCDBCD,True,42,39,3,simplified_to_triangle
ABACDCADABDCBD,True,42,39,3,simplified_to_triangle
ABACDCADACADCD,True,42,39,3,simplified_to_triangle
ABACDCADACDACD,True,42,39,3,simplified_to_triangle
ABACDCADBADCBD,True,42,39,3,simplified_to_triangle
ABACDCADBDACBD,True,42,39,3,simplified_to_triangle
ABACDCADBDCBCD,True,42,39,3,simplified_to_triangle
ABACDCADCACDCD,True,42,39,3,simplified_to_triangle
ABACDCADCADCDC,True,42,39,3,simplified_to_triangle
ABACDCADCBDCBD,True,42,39,3,simplified_to_triangle
ABACDCADCDACDC,True,42,39,3,simplified_to_triangle
ABACDCADCDBCBD,True,42,39,3,simplified_to_triangle
ABACDCADCDCBCD,True,42,39,3,simplified_to_triangle
ABACDCBACABCDC,True,42,39,3,simplified_to_triangle
ABACDCBACACABD,True,42,39,3,simplified_to_triangle
ABACDCBACACBAD,True,42,39,3,simplified_to_triangle
ABACDCBACDBDCD,True,42,39,3,simplified_to_triangle
ABACDCBADBDCBD,True,42,39,3,simplified_to_triangle
ABACDCBCACABCD,True,42,39,3,simplified_to_triangle
ABACDCBCACBACD,True,42,39,3,simplified_to_triangle
ABACDCBCACBCDC,True,42,39,3,simplified_to_triangle
ABACDCBDABDCBD,True,42,39,3,simplified_to_triangle
ABACDCBDADBCBD,True,42,39,3,simplified_to_triangle
ABACDCBDADCBCD,True,42,39,3,simplified_to_triangle
ABACDCBDBADCBD,True,42,39,3,simplified_to_triangle
ABACDCBDBCADCD,True,42,39,3,simplified_to_triangle
ABACDCBDBCDACD,True,42,39,3,simplified_to_triangle
ABACDCBDCADCBD,True,42,39,3,simplified_to_triangle
ABACDCBDCDACBD,True,42,39,3,simplified_to_triangle
ABACDCDABADCBD,True,42,39,3,simplified_to_triangle
ABACDCDABDACBD,True,42,39,3,simplified_to_triangle
ABACDCDABDBCBD,True,42,39,3,simplified_to_triangle
ABACDCDABDCBCD,True,42,39,3,simplified_to_triangle
ABACDCDACACDCD,True,42,39,3,simplified_to_triangle
ABACDCDACADCDC,True,42,39,3,simplified_to_triangle
ABACDCDACBDCBD,True,42,39,3,simplified_to_triangle
ABACDCDACDBCBD,True,42,39,3,simplified_to_triangle
ABACDCDACDCBCD,True,42,39,3,simplified_to_triangle
ABACDCDADBACBD,True,42,39,3,simplified_to_triangle
ABACDCDADBCBCD,True,42,39,3,simplified_to_triangle
ABACDCDBABDCBD,True,42,39,3,simplified_to_triangle
ABACDCDBADACBD,True,42,39,3,simplified_to_triangle
ABACDCDBADBCBD,True,42,39,3,simplified_to_triangle
ABACDCDBADCBCD,True,42,39,3,simplified_to_triangle
ABACDCDBCADCBD,True,42,39,3,simplified_to_triangle
ABACDCDBCDACBD,True,42,39,3,simplified_to_triangle
ABACDCDBDABCBD,True,42,39,3,simplified_to_triangle
ABACDCDBDACBCD,True,42,39,3,simplified_to_triangle
ABACDCDCABDBCD,True,42,39,3,simplified_to_triangle
ABACDCDCACDCDC,True,42,39,3,simplified_to_triangle
ABACDCDCBABDCD,True,42,39,3,simplified_to_triangle
ABACDCDCBADBCD,True,42,39,3,simplified_to_triangle
ABACDCDCBDABCD,True,42,39,3,simplified_to_triangle
ABACDCDCBDBACD,True,42,39,3,simplified_to_triangle
ABACDCDCBDCABD,True,42,39,3,simplified_to_triangle
ABACDCDCBDCBAD,True,42,39,3,simplified_to_triangle
ABACDCDCDBABCD,True,42,39,3,simplified_to_triangle
ABACDCDCDBCABD,True,42,39,3,simplified_to_triangle
ABACDCDCDBCBAD,True,42,39,3,simplified_to_triangle
ABACDCDCDCABCD,True,42,39,3,simplified_to_triangle
ABACDCDCDCACAD,True,42,39,3,simplified_to_triangle
ABADABCABDADCD,True,42,39,3,simplified_to_triangle
ABADABCACDCDCD,True,42,39,3,simplified_to_triangle
ABADABCADABDCD,True,42,39,3,simplified_to_triangle
ABADABCADACDCD,True,42,39,3,simplified_to_triangle
ABADABCADBADCD,True,42,39,3,simplified_to_triangle
ABADABCADBDACD,True,42,39,3,simplified_to_triangle
ABADABCBDBCDCD,True,42,39,3,simplified_to_triangle
ABADABCDABADCD,True,42,39,3,simplified_to_triangle
ABADABCDABDACD,True,42,39,3,simplified_to_triangle
ABADABCDADBACD,True,42,39,3,simplified_to_triangle
ABADABCDBADACD,True,42,39,3,simplified_to_triangle
ABADABCDCADACD,True,42,39,3,simplified_to_triangle
ABADABCDCBDBCD,True,42,39,3,simplified_to_triangle
ABADABCDCDCACD,True,42,39,3,simplified_to_triangle
ABADACACADCDCD,True,42,39,3,simplified_to_triangle
ABADACACDACDCD,True,42,39,3,simplified_to_triangle
ABADACADACDCAD,True,42,39,3,simplified_to_triangle
ABADACBADBDCAD,True,42,39,3,simplified_to_triangle
ABADACBCBDCDCD,True,42,39,3,simplified_to_triangle
ABADACBCDBCDCD,True,42,39,3,simplified_to_triangle
ABADACBCDCDCAD,True,42,39,3,simplified_to_triangle
ABADACBDABDCAD,True,42,39,3,simplified_to_triangle
ABADACBDADBCAD,True,42,39,3,simplified_to_triangle
ABADACBDBADCAD,True,42,39,3,simplified_to_triangle
ABADACBDBCDCAD,True,42,39,3,simplified_to_triangle
ABADACDBABDCAD,True,42,39,3,simplified_to_triangle
ABADACDCADCACD,True,42,39,3,simplified_to_triangle
ABADACDCBDCBCD,True,42,39,3,simplified_to_triangle
ABADACDCDACACD,True,42,39,3,simplified_to_triangle
ABADACDCDBCBCD,True,42,39,3,simplified_to_triangle
ABADCABCDCBDCD,True,42,39,3,simplified_to_triangle
ABADCABCDCDBCD,True,42,39,3,simplified_to_triangle
ABADCABDABCDCD,True,42,39,3,simplified_to_triangle
ABADCABDBACDCD,True,42,39,3,simplified_to_triangle
ABADCABDCABDCD,True,42,39,3,simplified_to_triangle
ABADCABDCADBCD,True,42,39,3,simplified_to_triangle
ABADCABDCBADCD,True,42,39,3,simplified_to_triangle
ABADCABDCBDACD,True,42,39,3,simplified_to_triangle
ABADCABDCDABCD,True,42,39,3,simplified_to_triangle
ABADCABDCDBACD,True,42,39,3,simplified_to_triangle
ABADCABDCDCBCD,True,42,39,3,simplified_to_triangle
ABADCACDADCBCD,True,42,39,3,simplified_to_triangle
ABADCADACADACD,True,42,39,3,simplified_to_triangle
ABADCADACBDBCD,True,42,39,3,simplified_to_triangle
ABADCADACDCBCD,True,42,39,3,simplified_to_triangle
ABADCADBABCDCD,True,42,39,3,simplified_to_triangle
ABADCADBCABDCD,True,42,39,3,simplified_to_triangle
ABADCADBCADBCD,True,42,39,3,simplified_to_triangle
ABADCADBCBADCD,True,42,39,3,simplified_to_triangle
ABADCADBCBDACD,True,42,39,3,simplified_to_triangle
ABADCADBCDABCD,True,42,39,3,simplified_to_triangle
ABADCADBCDCBCD,True,42,39,3,simplified_to_triangle
ABADCADCACADCD,True,42,39,3,simplified_to_triangle
ABADCADCACDACD,True,42,39,3,simplified_to_triangle
ABADCADCADCBCD,True,42,39,3,simplified_to_triangle
ABADCADCBCADCD,True,42,39,3,simplified_to_triangle
ABADCADCBCDACD,True,42,39,3,simplified_to_triangle
ABADCADCBDCBCD,True,42,39,3,simplified_to_triangle
ABADCADCDACBCD,True,42,39,3,simplified_to_triangle
ABADCBABDACDCD,True,42,39,3,simplified_to_triangle
ABADCBACDCBDCD,True,42,39,3,simplified_to_triangle
ABADCBACDCDBCD,True,42,39,3,simplified_to_triangle
ABADCBADABCDCD,True,42,39,3,simplified_to_triangle
ABADCBADBACDCD,True,42,39,3,simplified_to_triangle
ABADCBADCABDCD,True,42,39,3,simplified_to_triangle
ABADCBADCADBCD,True,42,39,3,simplified_to_triangle
ABADCBADCBADCD,True,42,39,3,simplified_to_triangle
ABADCBADCDABCD,True,42,39,3,simplified_to_triangle
ABADCBCABDCDCD,True,42,39,3,simplified_to_triangle
ABADCBCACDADCD,True,42,39,3,simplified_to_triangle
ABADCBCADACDCD,True,42,39,3,simplified_to_triangle
ABADCBCADBCDCD,True,42,39,3,simplified_to_triangle
ABADCBCADCADCD,True,42,39,3,simplified_to_triangle
ABADCBCADCBDCD,True,42,39,3,simplified_to_triangle
ABADCBCDABCDCD,True,42,39,3,simplified_to_triangle
ABADCBCDACADCD,True,42,39,3,simplified_to_triangle
ABADCBCDCACDCD,True,42,39,3,simplified_to_triangle
ABADCBCDCBADCD,True,42,39,3,simplified_to_triangle
ABADCBDACABDCD,True,42,39,3,simplified_to_triangle
ABADCBDACADBCD,True,42,39,3,simplified_to_triangle
ABADCBDACBADCD,True,42,39,3,simplified_to_triangle
ABADCBDBABDBCD,True,42,39,3,simplified_to_triangle
ABADCBDBCBDBCD,True,42,39,3,simplified_to_triangle
ABADCBDCACBDCD,True,42,39,3,simplified_to_triangle
ABADCBDCACDBCD,True,42,39,3,simplified_to_triangle
ABADCBDCBCBDCD,True,42,39,3,simplified_to_triangle
ABADCBDCBCDBCD,True,42,39,3,simplified_to_triangle
ABADCDABCABDCD,True,42,39,3,simplified_to_triangle
ABADCDABCBADCD,True,42,39,3,simplified_to_triangle
ABADCDACACADCD,True,42,39,3,simplified_to_triangle
ABADCDACBCADCD,True,42,39,3,simplified_to_triangle
ABADCDBACABDCD,True,42,39,3,simplified_to_triangle
ABADCDBCACBDCD,True,42,39,3,simplified_to_triangle
ABADCDBCBCBDCD,True,42,39,3,simplified_to_triangle
ABADCDBDADBDCD,True,42,39,3,simplified_to_triangle
ABADCDBDCDCDCD,True,42,39,3,simplified_to_triangle
ABADCDCACACDCD,True,42,39,3,simplified_to_triangle
ABCABCABCACDCD,True,42,39,3,simplified_to_triangle
ABCABCABCADCBD,True,42,39,3,simplified_to_triangle
ABCABCABCADCDB,True,42,39,3,simplified_to_triangle
ABCABCABCADCDC,True,42,39,3,simplified_to_triangle
ABCABCABCBCDCD,True,42,39,3,simplified_to_triangle
ABCABCABCBDCAD,True,42,39,3,simplified_to_triangle
ABCABCABCBDCDC,True,42,39,3,simplified_to_triangle
ABCABCABCDACBD,True,42,39,3,simplified_to_triangle
ABCABCABCDACDB,True,42,39,3,simplified_to_triangle
ABCABCABCDACDC,True,42,39,3,simplified_to_triangle
ABCABCABCDBCAD,True,42,39,3,simplified_to_triangle
ABCABCABCDBCDC,True,42,39,3,simplified_to_triangle
ABCABCABCDCADC,True,42,39,3,simplified_to_triangle
ABCABCABCDCBDC,True,42,39,3,simplified_to_triangle
ABCABCABCDCDAC,True,42,39,3,simplified_to_triangle
ABCABCABCDCDBC,True,42,39,3,simplified_to_triangle
ABCABCABDACBDC,True,42,39,3,simplified_to_triangle
ABCABCABDACDBC,True,42,39,3,simplified_to_triangle
ABCABCABDBCADC,True,42,39,3,simplified_to_triangle
ABCABCABDBCDAC,True,42,39,3,simplified_to_triangle
ABCABCABDCBDCB,True,42,39,3,simplified_to_triangle
ABCABCABDCDBCB,True,42,39,3,simplified_to_triangle
ABCABCABDCDCAC,True,42,39,3,simplified_to_triangle
ABCABCABDCDCBC,True,42,39,3,simplified_to_triangle
ABCABCACABDACD,True,42,39,3,simplified_to_triangle
ABCABCACABDCDC,True,42,39,3,simplified_to_triangle
ABCABCACACDCAD,True,42,39,3,simplified_to_triangle
ABCABCACADABCD,True,42,39,3,simplified_to_triangle
ABCABCACADBACD,True,42,39,3,simplified_to_triangle
ABCABCACADBCDC,True,42,39,3,simplified_to_triangle
ABCABCACADCABD,True,42,39,3,simplified_to_triangle
ABCABCACADCADB,True,42,39,3,simplified_to_triangle
ABCABCACADCBAD,True,42,39,3,simplified_to_triangle
ABCABCACBADACD,True,42,39,3,simplified_to_triangle
ABCABCACBADCDC,True,42,39,3,simplified_to_triangle
ABCABCACBCDCAD,True,42,39,3,simplified_to_triangle
ABCABCACBCDCDC,True,42,39,3,simplified_to_triangle
ABCABCACBDACDC,True,42,39,3,simplified_to_triangle
ABCABCACBDCBDB,True,42,39,3,simplified_to_triangle
ABCABCACDABCDC,True,42,39,3,simplified_to_triangle
ABCABCACDACABD,True,42,39,3,simplified_to_triangle
ABCABCACDACADB,True,42,39,3,simplified_to_triangle
ABCABCACDACBAD,True,42,39,3,simplified_to_triangle
ABCABCACDBACDC,True,42,39,3,simplified_to_triangle
ABCABCACDBCBDB,True,42,39,3,simplified_to_triangle
ABCABCACDCABDC,True,42,39,3,simplified_to_triangle
ABCABCACDCACBD,True,42,39,3,simplified_to_triangle
ABCABCACDCACDB,True,42,39,3,simplified_to_triangle
ABCABCACDCADBC,True,42,39,3,simplified_to_triangle
ABCABCACDCBADC,True,42,39,3,simplified_to_triangle
ABCABCACDCBCBD,True,42,39,3,simplified_to_triangle
ABCABCACDCBCDB,True,42,39,3,simplified_to_triangle
ABCABCACDCBDAC,True,42,39,3,simplified_to_triangle
ABCABCACDCDBAC,True,42,39,3,simplified_to_triangle
ABCABCACDCDCAC,True,42,39,3,simplified_to_triangle
ABCABCADABCBDC,True,42,39,3,simplified_to_triangle
ABCABCADABCDBC,True,42,39,3,simplified_to_triangle
ABCABCADACACDC,True,42,39,3,simplified_to_triangle
ABCABCADACADCB,True,42,39,3,simplified_to_triangle
ABCABCADACBCDC,True,42,39,3,simplified_to_triangle
ABCABCADACDACB,True,42,39,3,simplified_to_triangle
ABCABCADBACBDC,True,42,39,3,simplified_to_triangle
ABCABCADBACDBC,True,42,39,3,simplified_to_triangle
ABCABCADBCBDCB,True,42,39,3,simplified_to_triangle
ABCABCADBCDBCB,True,42,39,3,simplified_to_triangle
ABCABCADBCDCAC,True,42,39,3,simplified_to_triangle
ABCABCADBCDCBC,True,42,39,3,simplified_to_triangle
ABCABCADCABDBC,True,42,39,3,simplified_to_triangle
ABCABCADCACDCB,True,42,39,3,simplified_to_triangle
ABCABCADCBABDC,True,42,39,3,simplified_to_triangle
ABCABCADCBADBC,True,42,39,3,simplified_to_triangle
ABCABCADCBCDCB,True,42,39,3,simplified_to_triangle
ABCABCADCBDBAC,True,42,39,3,simplified_to_triangle
ABCABCADCDCBAC,True,42,39,3,simplified_to_triangle
ABCABCBABCBDCD,True,42,39,3,simplified_to_triangle
ABCABCBABCDBCD,True,42,39,3,simplified_to_triangle
ABCABCBABDCADC,True,42,39,3,simplified_to_triangle
ABCABCBABDCDAC,True,42,39,3,simplified_to_triangle
ABCABCBACACDCD,True,42,39,3,simplified_to_triangle
ABCABCBACADCBD,True,42,39,3,simplified_to_triangle
ABCABCBACADCDB,True,42,39,3,simplified_to_triangle
ABCABCBACADCDC,True,42,39,3,simplified_to_triangle
ABCABCBACBCDCD,True,42,39,3,simplified_to_triangle
ABCABCBACBDCAD,True,42,39,3,simplified_to_triangle
ABCABCBACBDCDC,True,42,39,3,simplified_to_triangle
ABCABCBACDACBD,True,42,39,3,simplified_to_triangle
ABCABCBACDACDB,True,42,39,3,simplified_to_triangle
ABCABCBACDACDC,True,42,39,3,simplified_to_triangle
ABCABCBACDBCAD,True,42,39,3,simplified_to_triangle
ABCABCBACDBCDC,True,42,39,3,simplified_to_triangle
ABCABCBACDCADC,True,42,39,3,simplified_to_triangle
ABCABCBACDCBDC,True,42,39,3,simplified_to_triangle
ABCABCBACDCDAC,True,42,39,3,simplified_to_triangle
ABCABCBACDCDBC,True,42,39,3,simplified_to_triangle
ABCABCBADACBDC,True,42,39,3,simplified_to_triangle
ABCABCBADACDBC,True,42,39,3,simplified_to_triangle
ABCABCBADBCADC,True,42,39,3,simplified_to_triangle
ABCABCBADBCDAC,True,42,39,3,simplified_to_triangle
ABCABCBADCBDCB,True,42,39,3,simplified_to_triangle
ABCABCBADCDBCB,True,42,39,3,simplified_to_triangle
ABCABCBADCDCAC,True,42,39,3,simplified_to_triangle
ABCABCBADCDCBC,True,42,39,3,simplified_to_triangle
ABCABCBCABCDCD,True,42,39,3,simplified_to_triangle
ABCABCBCABDBCD,True,42,39,3,simplified_to_triangle
ABCABCBCABDCDC,True,42,39,3,simplified_to_triangle
ABCABCBCACDCBD,True,42,39,3,simplified_to_triangle
ABCABCBCACDCDB,True,42,39,3,simplified_to_triangle
ABCABCBCACDCDC,True,42,39,3,simplified_to_triangle
ABCABCBCADBCDC,True,42,39,3,simplified_to_triangle
ABCABCBCADCBDB,True,42,39,3,simplified_to_triangle
ABCABCBCADCDCB,True,42,39,3,simplified_to_triangle
ABCABCBCBABDCD,True,42,39,3,simplified_to_triangle
ABCABCBCBACDCD,True,42,39,3,simplified_to_triangle
ABCABCBCBADBCD,True,42,39,3,simplified_to_triangle
ABCABCBCBADCDC,True,42,39,3,simplified_to_triangle
ABCABCBCBDABCD,True,42,39,3,simplified_to_triangle
ABCABCBCBDACDC,True,42,39,3,simplified_to_triangle
ABCABCBCBDBACD,True,42,39,3,simplified_to_triangle
ABCABCBCBDCABD,True,42,39,3,simplified_to_triangle
ABCABCBCBDCADB,True,42,39,3,simplified_to_triangle
ABCABCBCBDCBAD,True,42,39,3,simplified_to_triangle
ABCABCBCBDCDCB,True,42,39,3,simplified_to_triangle
ABCABCBCDABCDC,True,42,39,3,simplified_to_triangle
ABCABCBCDACBDB,True,42,39,3,simplified_to_triangle
ABCABCBCDACDCB,True,42,39,3,simplified_to_triangle
ABCABCBCDBABCD,True,42,39,3,simplified_to_triangle
ABCABCBCDBACDC,True,42,39,3,simplified_to_triangle
ABCABCBCDBCABD,True,42,39,3,simplified_to_triangle
ABCABCBCDBCADB,True,42,39,3,simplified_to_triangle
ABCABCBCDBCBAD,True,42,39,3,simplified_to_triangle
ABCABCBCDBCDCB,True,42,39,3,simplified_to_triangle
ABCABCBCDCABDC,True,42,39,3,simplified_to_triangle
ABCABCBCDCACAD,True,42,39,3,simplified_to_triangle
ABCABCBCDCADBC,True,42,39,3,simplified_to_triangle
ABCABCBCDCADCB,True,42,39,3,simplified_to_triangle
ABCABCBCDCBADC,True,42,39,3,simplified_to_triangle
ABCABCBCDCBCAD,True,42,39,3,simplified_to_triangle
ABCABCBCDCBDAC,True,42,39,3,simplified_to_triangle
ABCABCBCDCBDCB,True,42,39,3,simplified_to_triangle
ABCABCBCDCDACB,True,42,39,3,simplified_to_triangle
ABCABCBCDCDBAC,True,42,39,3,simplified_to_triangle
ABCABCBCDCDBCB,True,42,39,3,simplified_to_triangle
ABCABCBCDCDCBC,True,42,39,3,simplified_to_triangle
ABCABCBDABCADC,True,42,39,3,simplified_to_triangle
ABCABCBDABCDAC,True,42,39,3,simplified_to_triangle
ABCABCBDACBDCB,True,42,39,3,simplified_to_triangle
ABCABCBDACDBCB,True,42,39,3,simplified_to_triangle
ABCABCBDACDCAC,True,42,39,3,simplified_to_triangle
ABCABCBDACDCBC,True,42,39,3,simplified_to_triangle
ABCABCBDBACADC,True,42,39,3,simplified_to_triangle
ABCABCBDBACDAC,True,42,39,3,simplified_to_triangle
ABCABCBDBCACDC,True,42,39,3,simplified_to_triangle
ABCABCBDBCADCB,True,42,39,3,simplified_to_triangle
ABCABCBDBCBCDC,True,42,39,3,simplified_to_triangle
ABCABCBDBCDACB,True,42,39,3,simplified_to_triangle
ABCABCBDCABDAC,True,42,39,3,simplified_to_triangle
ABCABCBDCADBAC,True,42,39,3,simplified_to_triangle
ABCABCBDCBADAC,True,42,39,3,simplified_to_triangle
ABCABCBDCDCBAC,True,42,39,3,simplified_to_triangle
ABCABCBDCDCBCB,True,42,39,3,simplified_to_triangle
ABCABCDABCBDCB,True,42,39,3,simplified_to_triangle
ABCABCDABCDBCB,True,42,39,3,simplified_to_triangle
ABCABCDABCDCAC,True,42,39,3,simplified_to_triangle
ABCABCDABCDCBC,True,42,39,3,simplified_to_triangle
ABCABCDACABDBC,True,42,39,3,simplified_to_triangle
ABCABCDACACDCB,True,42,39,3,simplified_to_triangle
ABCABCDACBABDC,True,42,39,3,simplified_to_triangle
ABCABCDACBADBC,True,42,39,3,simplified_to_triangle
ABCABCDACBCDCB,True,42,39,3,simplified_to_triangle
ABCABCDACBDBAC,True,42,39,3,simplified_to_triangle
ABCABCDACDCBAC,True,42,39,3,simplified_to_triangle
ABCABCDADCBDCD,True,42,39,3,simplified_to_triangle
ABCABCDADCDBCD,True,42,39,3,simplified_to_triangle
ABCABCDBABCADC,True,42,39,3,simplified_to_triangle
ABCABCDBABCDAC,True,42,39,3,simplified_to_triangle
ABCABCDBACBDCB,True,42,39,3,simplified_to_triangle
ABCABCDBACDBCB,True,42,39,3,simplified_to_triangle
ABCABCDBACDCAC,True,42,39,3,simplified_to_triangle
ABCABCDBACDCBC,True,42,39,3,simplified_to_triangle
ABCABCDBCABDAC,True,42,39,3,simplified_to_triangle
ABCABCDBCADBAC,True,42,39,3,simplified_to_triangle
ABCABCDBCBADAC,True,42,39,3,simplified_to_triangle
ABCABCDBCDCBAC,True,42,39,3,simplified_to_triangle
ABCABCDBCDCBCB,True,42,39,3,simplified_to_triangle
ABCABCDBDCADCD,True,42,39,3,simplified_to_triangle
ABCABCDBDCDACD,True,42,39,3,simplified_to_triangle
ABCABCDCABDBCB,True,42,39,3,simplified_to_triangle
ABCABCDCABDCAC,True,42,39,3,simplified_to_triangle
ABCABCDCABDCBC,True,42,39,3,simplified_to_triangle
ABCABCDCACADAC,True,42,39,3,simplified_to_triangle
ABCABCDCACBDBC,True,42,39,3,simplified_to_triangle
ABCABCDCADBCAC,True,42,39,3,simplified_to_triangle
ABCABCDCADBCBC,True,42,39,3,simplified_to_triangle
ABCABCDCADCBAC,True,42,39,3,simplified_to_triangle
ABCABCDCADCDBD,True,42,39,3,simplified_to_triangle
ABCABCDCADCDCD,True,42,39,3,simplified_to_triangle
ABCABCDCBABCDC,True,42,39,3,simplified_to_triangle
ABCABCDCBABDCB,True,42,39,3,simplified_to_triangle
ABCABCDCBADBCB,True,42,39,3,simplified_to_triangle
ABCABCDCBADCAC,True,42,39,3,simplified_to_triangle
ABCABCDCBADCBC,True,42,39,3,simplified_to_triangle
ABCABCDCBCADAC,True,42,39,3,simplified_to_triangle
ABCABCDCBCBDBC,True,42,39,3,simplified_to_triangle
ABCABCDCBDABCB,True,42,39,3,simplified_to_triangle
ABCABCDCBDACAC,True,42,39,3,simplified_to_triangle
ABCABCDCBDACBC,True,42,39,3,simplified_to_triangle
ABCABCDCBDBACB,True,42,39,3,simplified_to_triangle
ABCABCDCBDCBAC,True,42,39,3,simplified_to_triangle
ABCABCDCBDCDCD,True,42,39,3,simplified_to_triangle
ABCABCDCDABCAC,True,42,39,3,simplified_to_triangle
ABCABCDCDABCBC,True,42,39,3,simplified_to_triangle
ABCABCDCDACBAC,True,42,39,3,simplified_to_triangle
ABCABCDCDACDBD,True,42,39,3,simplified_to_triangle
ABCABCDCDACDCD,True,42,39,3,simplified_to_triangle
ABCABCDCDADCDC,True,42,39,3,simplified_to_triangle
ABCABCDCDBABCB,True,42,39,3,simplified_to_triangle
ABCABCDCDBACAC,True,42,39,3,simplified_to_triangle
ABCABCDCDBACBC,True,42,39,3,simplified_to_triangle
ABCABCDCDBCBAC,True,42,39,3,simplified_to_triangle
ABCABCDCDBCDCD,True,42,39,3,simplified_to_triangle
ABCABCDCDBDCDC,True,42,39,3,simplified_to_triangle
ABCABCDCDCABCB,True,42,39,3,simplified_to_triangle
ABCABCDCDCACBC,True,42,39,3,simplified_to_triangle
ABCABCDCDCADCD,True,42,39,3,simplified_to_triangle
ABCABCDCDCBACB,True,42,39,3,simplified_to_triangle
ABCABCDCDCBCAC,True,42,39,3,simplified_to_triangle
ABCABCDCDCBDCD,True,42,39,3,simplified_to_triangle
ABCABCDCDCDACD,True,42,39,3,simplified_to_triangle
ABCABCDCDCDBCD,True,42,39,3,simplified_to_triangle
ABCABDABCACABD,True,42,39,3,simplified_to_triangle
ABCABDABCACADB,True,42,39,3,simplified_to_triangle
ABCABDABCACBAD,True,42,39,3,simplified_to_triangle
ABCABDABCADACB,True,42,39,3,simplified_to_triangle
ABCABDABCADCAC,True,42,39,3,simplified_to_triangle
ABCABDABCBCABD,True,42,39,3,simplified_to_triangle
ABCABDABCBCADB,True,42,39,3,simplified_to_triangle
ABCABDABCBCBAD,True,42,39,3,simplified_to_triangle
ABCABDABCBDBCB,True,42,39,3,simplified_to_triangle
ABCABDABCBDCBC,True,42,39,3,simplified_to_triangle
ABCABDABCDACAC,True,42,39,3,simplified_to_triangle
ABCABDABCDBCBC,True,42,39,3,simplified_to_triangle
ABCABDABCDCDBD,True,42,39,3,simplified_to_triangle
ABCABDACACABCD,True,42,39,3,simplified_to_triangle
ABCABDACACBACD,True,42,39,3,simplified_to_triangle
ABCABDACACBDCB,True,42,39,3,simplified_to_triangle
ABCABDACACDBCB,True,42,39,3,simplified_to_triangle
ABCABDACACDCBC,True,42,39,3,simplified_to_triangle
ABCABDACBCBDCB,True,42,39,3,simplified_to_triangle
ABCABDACBCDBCB,True,42,39,3,simplified_to_triangle
ABCABDACBCDCBC,True,42,39,3,simplified_to_triangle
ABCABDACBDCBAC,True,42,39,3,simplified_to_triangle
ABCABDACDBCBAC,True,42,39,3,simplified_to_triangle
ABCABDACDCBCAC,True,42,39,3,simplified_to_triangle
ABCABDACDCDCBD,True,42,39,3,simplified_to_triangle
ABCABDACDCDCDB,True,42,39,3,simplified_to_triangle
ABCABDADCABDCD,True,42,39,3,simplified_to_triangle
ABCABDADCADBCD,True,42,39,3,simplified_to_triangle
ABCABDADCBADCD,True,42,39,3,simplified_to_triangle
ABCABDADCBDACD,True,42,39,3,simplified_to_triangle
ABCABDADCBDCDC,True,42,39,3,simplified_to_triangle
ABCABDADCDABCD,True,42,39,3,simplified_to_triangle
ABCABDADCDBACD,True,42,39,3,simplified_to_triangle
ABCABDADCDBCDC,True,42,39,3,simplified_to_triangle
ABCABDADCDCABD,True,42,39,3,simplified_to_triangle
ABCABDADCDCADB,True,42,39,3,simplified_to_triangle
ABCABDADCDCBAD,True,42,39,3,simplified_to_triangle
ABCABDBABCABDB,True,42,39,3,simplified_to_triangle
ABCABDBABCBABD,True,42,39,3,simplified_to_triangle
ABCABDBABCBADB,True,42,39,3,simplified_to_triangle
ABCABDBABDCDBD,True,42,39,3,simplified_to_triangle
ABCABDBACACABD,True,42,39,3,simplified_to_triangle
ABCABDBACACADB,True,42,39,3,simplified_to_triangle
ABCABDBACACBAD,True,42,39,3,simplified_to_triangle
ABCABDBACADACB,True,42,39,3,simplified_to_triangle
ABCABDBACADCAC,True,42,39,3,simplified_to_triangle
ABCABDBACBCABD,True,42,39,3,simplified_to_triangle
ABCABDBACBCADB,True,42,39,3,simplified_to_triangle
ABCABDBACBCBAD,True,42,39,3,simplified_to_triangle
ABCABDBACBDBCB,True,42,39,3,simplified_to_triangle
ABCABDBACBDCBC,True,42,39,3,simplified_to_triangle
ABCABDBACDACAC,True,42,39,3,simplified_to_triangle
ABCABDBACDBCBC,True,42,39,3,simplified_to_triangle
ABCABDBACDCDBD,True,42,39,3,simplified_to_triangle
ABCABDBCACADCB,True,42,39,3,simplified_to_triangle
ABCABDBCACDACB,True,42,39,3,simplified_to_triangle
ABCABDBCACDCAC,True,42,39,3,simplified_to_triangle
ABCABDBCADCBAC,True,42,39,3,simplified_to_triangle
ABCABDBCBCABCD,True,42,39,3,simplified_to_triangle
ABCABDBCBCADCB,True,42,39,3,simplified_to_triangle
ABCABDBCBCBACD,True,42,39,3,simplified_to_triangle
ABCABDBCBCDACB,True,42,39,3,simplified_to_triangle
ABCABDBCBCDCAC,True,42,39,3,simplified_to_triangle
ABCABDBCDACBAC,True,42,39,3,simplified_to_triangle
ABCABDBCDCABCB,True,42,39,3,simplified_to_triangle
ABCABDBCDCACBC,True,42,39,3,simplified_to_triangle
ABCABDBCDCBCBC,True,42,39,3,simplified_to_triangle
ABCABDBCDCDCAD,True,42,39,3,simplified_to_triangle
ABCABDCABCACAD,True,42,39,3,simplified_to_triangle
ABCABDCABCBCBD,True,42,39,3,simplified_to_triangle
ABCABDCABCBCDB,True,42,39,3,simplified_to_triangle
ABCABDCABDACAC,True,42,39,3,simplified_to_triangle
ABCABDCABDADCD,True,42,39,3,simplified_to_triangle
ABCABDCABDBCBC,True,42,39,3,simplified_to_triangle
ABCABDCABDCDBD,True,42,39,3,simplified_to_triangle
ABCABDCACACDCB,True,42,39,3,simplified_to_triangle
ABCABDCADABCAC,True,42,39,3,simplified_to_triangle
ABCABDCADABDCD,True,42,39,3,simplified_to_triangle
ABCABDCADBACAC,True,42,39,3,simplified_to_triangle
ABCABDCADBADCD,True,42,39,3,simplified_to_triangle
ABCABDCADBCDBD,True,42,39,3,simplified_to_triangle
ABCABDCADBDACD,True,42,39,3,simplified_to_triangle
ABCABDCADCADCD,True,42,39,3,simplified_to_triangle
ABCABDCADCDACD,True,42,39,3,simplified_to_triangle
ABCABDCADCDBDC,True,42,39,3,simplified_to_triangle
ABCABDCADCDCDC,True,42,39,3,simplified_to_triangle
ABCABDCBABCBDB,True,42,39,3,simplified_to_triangle
ABCABDCBABDBCB,True,42,39,3,simplified_to_triangle
ABCABDCBABDCBC,True,42,39,3,simplified_to_triangle
ABCABDCBACACAD,True,42,39,3,simplified_to_triangle
ABCABDCBACBCBD,True,42,39,3,simplified_to_triangle
ABCABDCBACBCDB,True,42,39,3,simplified_to_triangle
ABCABDCBADACAC,True,42,39,3,simplified_to_triangle
ABCABDCBADBCBC,True,42,39,3,simplified_to_triangle
ABCABDCBADBDCD,True,42,39,3,simplified_to_triangle
ABCABDCBADCDBD,True,42,39,3,simplified_to_triangle
ABCABDCBDABCBC,True,42,39,3,simplified_to_triangle
ABCABDCBDABDCD,True,42,39,3,simplified_to_triangle
ABCABDCBDACDBD,True,42,39,3,simplified_to_triangle
ABCABDCBDADBCD,True,42,39,3,simplified_to_triangle
ABCABDCBDBABCB,True,42,39,3,simplified_to_triangle
ABCABDCBDBACBC,True,42,39,3,simplified_to_triangle
ABCABDCBDBADCD,True,42,39,3,simplified_to_triangle
ABCABDCBDCBDCD,True,42,39,3,simplified_to_triangle
ABCABDCBDCDADC,True,42,39,3,simplified_to_triangle
ABCABDCBDCDBCD,True,42,39,3,simplified_to_triangle
ABCABDCBDCDCDC,True,42,39,3,simplified_to_triangle
ABCABDCDABCDBD,True,42,39,3,simplified_to_triangle
ABCABDCDABDACD,True,42,39,3,simplified_to_triangle
ABCABDCDABDBCD,True,42,39,3,simplified_to_triangle
ABCABDCDACADCD,True,42,39,3,simplified_to_triangle
ABCABDCDACDACD,True,42,39,3,simplified_to_triangle
ABCABDCDACDBDC,True,42,39,3,simplified_to_triangle
ABCABDCDACDCDC,True,42,39,3,simplified_to_triangle
ABCABDCDADBACD,True,42,39,3,simplified_to_triangle
ABCABDCDADBDCB,True,42,39,3,simplified_to_triangle
ABCABDCDADCBDB,True,42,39,3,simplified_to_triangle
ABCABDCDBABCBC,True,42,39,3,simplified_to_triangle
ABCABDCDBABDCD,True,42,39,3,simplified_to_triangle
ABCABDCDBACDBD,True,42,39,3,simplified_to_triangle
ABCABDCDBADACD,True,42,39,3,simplified_to_triangle
ABCABDCDBADBCD,True,42,39,3,simplified_to_triangle
ABCABDCDBCBDCD,True,42,39,3,simplified_to_triangle
ABCABDCDBCDADC,True,42,39,3,simplified_to_triangle
ABCABDCDBCDBCD,True,42,39,3,simplified_to_triangle
ABCABDCDBCDCDC,True,42,39,3,simplified_to_triangle
ABCABDCDBDABCD,True,42,39,3,simplified_to_triangle
ABCABDCDBDADCB,True,42,39,3,simplified_to_triangle
ABCABDCDBDCBDB,True,42,39,3,simplified_to_triangle
ABCABDCDCABCAC,True,42,39,3,simplified_to_triangle
ABCABDCDCACBAC,True,42,39,3,simplified_to_triangle
ABCABDCDCACDCD,True,42,39,3,simplified_to_triangle
ABCABDCDCADCDC,True,42,39,3,simplified_to_triangle
ABCABDCDCBACAC,True,42,39,3,simplified_to_triangle
ABCABDCDCBCBAC,True,42,39,3,simplified_to_triangle
ABCABDCDCBCDCD,True,42,39,3,simplified_to_triangle
ABCABDCDCBDCDC,True,42,39,3,simplified_to_triangle
ABCABDCDCDACDC,True,42,39,3,simplified_to_triangle
ABCABDCDCDBCDC,True,42,39,3,simplified_to_triangle
ABCACABCADACBD,True,42,39,3,simplified_to_triangle
ABCACABCADACDB,True,42,39,3,simplified_to_triangle
ABCACABCADACDC,True,42,39,3,simplified_to_triangle
ABCACABCADBCAD,True,42,39,3,simplified_to_triangle
ABCACABCADBCDC,True,42,39,3,simplified_to_triangle
ABCACABCADCADC,True,42,39,3,simplified_to_triangle
ABCACABCADCBDC,True,42,39,3,simplified_to_triangle
ABCACABCADCDAC,True,42,39,3,simplified_to_triangle
ABCACABCBACDCD,True,42,39,3,simplified_to_triangle
ABCACABCBADCAD,True,42,39,3,simplified_to_triangle
ABCACABCBDACAD,True,42,39,3,simplified_to_triangle
ABCACABCBDBCBD,True,42,39,3,simplified_to_triangle
ABCACABCBDBCDB,True,42,39,3,simplified_to_triangle
ABCACABCBDCACD,True,42,39,3,simplified_to_triangle
ABCACABCBDCBCD,True,42,39,3,simplified_to_triangle
ABCACABCDABCAD,True,42,39,3,simplified_to_triangle
ABCACABCDABCDC,True,42,39,3,simplified_to_triangle
ABCACABCDACADC,True,42,39,3,simplified_to_triangle
ABCACABCDACDAC,True,42,39,3,simplified_to_triangle
ABCACABCDBACAD,True,42,39,3,simplified_to_triangle
ABCACABCDBCACD,True,42,39,3,simplified_to_triangle
ABCACABCDBCBCD,True,42,39,3,simplified_to_triangle
ABCACABCDBCDAC,True,42,39,3,simplified_to_triangle
ABCACABCDCACDC,True,42,39,3,simplified_to_triangle
ABCACABCDCADAC,True,42,39,3,simplified_to_triangle
ABCACABCDCBADC,True,42,39,3,simplified_to_triangle
ABCACABCDCBDAC,True,42,39,3,simplified_to_triangle
ABCACABCDCDBAC,True,42,39,3,simplified_to_triangle
ABCACABDABCADB,True,42,39,3,simplified_to_triangle
ABCACABDABCBAD,True,42,39,3,simplified_to_triangle
ABCACABDACABDC,True,42,39,3,simplified_to_triangle
ABCACABDACACAD,True,42,39,3,simplified_to_triangle
ABCACABDACADBC,True,42,39,3,simplified_to_triangle
ABCACABDACBADC,True,42,39,3,simplified_to_triangle
ABCACABDACBCAD,True,42,39,3,simplified_to_triangle
ABCACABDACBDAC,True,42,39,3,simplified_to_triangle
ABCACABDACDBAC,True,42,39,3,simplified_to_triangle
ABCACABDBACABD,True,42,39,3,simplified_to_triangle
ABCACABDBACADB,True,42,39,3,simplified_to_triangle
ABCACABDBCACBD,True,42,39,3,simplified_to_triangle
ABCACABDBCACDB,True,42,39,3,simplified_to_triangle
ABCACABDBCADAC,True,42,39,3,simplified_to_triangle
ABCACABDBCBCBD,True,42,39,3,simplified_to_triangle
ABCACABDBCBCDB,True,42,39,3,simplified_to_triangle
ABCACABDBCBDBC,True,42,39,3,simplified_to_triangle
ABCACABDCACBDC,True,42,39,3,simplified_to_triangle
ABCACABDCACDBC,True,42,39,3,simplified_to_triangle
ABCACABDCBCBDC,True,42,39,3,simplified_to_triangle
ABCACABDCBCDBC,True,42,39,3,simplified_to_triangle
ABCACABDCDCBAC,True,42,39,3,simplified_to_triangle
ABCACACDABCADC,True,42,39,3,simplified_to_triangle
ABCACACDABCBCD,True,42,39,3,simplified_to_triangle
ABCACACDABCDAC,True,42,39,3,simplified_to_triangle
ABCACACDACACAD,True,42,39,3,simplified_to_triangle
ABCACACDBACADC,True,42,39,3,simplified_to_triangle
ABCACACDBACDAC,True,42,39,3,simplified_to_triangle
ABCACACDBCACDC,True,42,39,3,simplified_to_triangle
ABCACACDBCBCDC,True,42,39,3,simplified_to_triangle
ABCACACDBCDCAC,True,42,39,3,simplified_to_triangle
ABCACACDBCDCBC,True,42,39,3,simplified_to_triangle
ABCACACDCABDAC,True,42,39,3,simplified_to_triangle
ABCACACDCADBAC,True,42,39,3,simplified_to_triangle
ABCACACDCBABCD,True,42,39,3,simplified_to_triangle
ABCACACDCBADAC,True,42,39,3,simplified_to_triangle
ABCACACDCBCBAD,True,42,39,3,simplified_to_triangle
ABCACACDCDADCD,True,42,39,3,simplified_to_triangle
ABCACADABCACAD,True,42,39,3,simplified_to_triangle
ABCACADABCADBC,True,42,39,3,simplified_to_triangle
ABCACADABCBADC,True,42,39,3,simplified_to_triangle
ABCACADABCBCAD,True,42,39,3,simplified_to_triangle
ABCACADABCBDAC,True,42,39,3,simplified_to_triangle
ABCACADABCDBAC,True,42,39,3,simplified_to_triangle
ABCACADABCDCBC,True,42,39,3,simplified_to_triangle
ABCACADABDADCD,True,42,39,3,simplified_to_triangle
ABCACADACACADC,True,42,39,3,simplified_to_triangle
ABCACADACACDAC,True,42,39,3,simplified_to_triangle
ABCACADACADCBC,True,42,39,3,simplified_to_triangle
ABCACADACBABDB,True,42,39,3,simplified_to_triangle
ABCACADACBCADC,True,42,39,3,simplified_to_triangle
ABCACADACBCDAC,True,42,39,3,simplified_to_triangle
ABCACADACDACBC,True,42,39,3,simplified_to_triangle
ABCACADBABCADB,True,42,39,3,simplified_to_triangle
ABCACADBABCBAD,True,42,39,3,simplified_to_triangle
ABCACADBACABDC,True,42,39,3,simplified_to_triangle
ABCACADBACACAD,True,42,39,3,simplified_to_triangle
ABCACADBACADBC,True,42,39,3,simplified_to_triangle
ABCACADBACBCAD,True,42,39,3,simplified_to_triangle
ABCACADBACBDAC,True,42,39,3,simplified_to_triangle
ABCACADBACDBAC,True,42,39,3,simplified_to_triangle
ABCACADBCACBDC,True,42,39,3,simplified_to_triangle
ABCACADBCACDBC,True,42,39,3,simplified_to_triangle
ABCACADBCBCBDC,True,42,39,3,simplified_to_triangle
ABCACADBCBCDBC,True,42,39,3,simplified_to_triangle
ABCACADBCDACBC,True,42,39,3,simplified_to_triangle
ABCACADBCDCBAC,True,42,39,3,simplified_to_triangle
ABCACADBDCDCBD,True,42,39,3,simplified_to_triangle
ABCACADBDCDCDB,True,42,39,3,simplified_to_triangle
ABCACADBDCDCDC,True,42,39,3,simplified_to_triangle
ABCACADCABCBCD,True,42,39,3,simplified_to_triangle
ABCACADCABDBAC,True,42,39,3,simplified_to_triangle
ABCACADCACDCBC,True,42,39,3,simplified_to_triangle
ABCACADCADACBC,True,42,39,3,simplified_to_triangle
ABCACADCBABCBD,True,42,39,3,simplified_to_triangle
ABCACADCBABCDB,True,42,39,3,simplified_to_triangle
ABCACADCBABDAC,True,42,39,3,simplified_to_triangle
ABCACADCBACBCD,True,42,39,3,simplified_to_triangle
ABCACADCBADBAC,True,42,39,3,simplified_to_triangle
ABCACADCBADCBC,True,42,39,3,simplified_to_triangle
ABCACADCBDACBC,True,42,39,3,simplified_to_triangle
ABCACADCDADCBD,True,42,39,3,simplified_to_triangle
ABCACADCDADCDB,True,42,39,3,simplified_to_triangle
ABCACADCDBDCBD,True,42,39,3,simplified_to_triangle
ABCACADCDBDCDB,True,42,39,3,simplified_to_triangle
ABCACADCDCADCD,True,42,39,3,simplified_to_triangle
ABCACADCDCDACD,True,42,39,3,simplified_to_triangle
ABCACADCDCDBDC,True,42,39,3,simplified_to_triangle
ABCACBABCDABCD,True,42,39,3,simplified_to_triangle
ABCACBABCDACAD,True,42,39,3,simplified_to_triangle
ABCACBABCDCACD,True,42,39,3,simplified_to_triangle
ABCACBABCDCBAD,True,42,39,3,simplified_to_triangle
ABCACBABCDCBDC,True,42,39,3,simplified_to_triangle
ABCACBABCDCDBC,True,42,39,3,simplified_to_triangle
ABCACBABDACABD,True,42,39,3,simplified_to_triangle
ABCACBABDACADB,True,42,39,3,simplified_to_triangle
ABCACBABDACBAD,True,42,39,3,simplified_to_triangle
ABCACBABDBCBDB,True,42,39,3,simplified_to_triangle
ABCACBABDCACBD,True,42,39,3,simplified_to_triangle
ABCACBABDCACDB,True,42,39,3,simplified_to_triangle
ABCACBABDCADAC,True,42,39,3,simplified_to_triangle
ABCACBABDCBCBD,True,42,39,3,simplified_to_triangle
ABCACBABDCBCDB,True,42,39,3,simplified_to_triangle
ABCACBABDCBDBC,True,42,39,3,simplified_to_triangle
ABCACBACABCDCD,True,42,39,3,simplified_to_triangle
ABCACBACABDCAD,True,42,39,3,simplified_to_triangle
ABCACBACABDCDC,True,42,39,3,simplified_to_triangle
ABCACBACADACBD,True,42,39,3,simplified_to_triangle
ABCACBACADACDC,True,42,39,3,simplified_to_triangle
ABCACBACADBCAD,True,42,39,3,simplified_to_triangle
ABCACBACADBCDC,True,42,39,3,simplified_to_triangle
ABCACBACADCADC,True,42,39,3,simplified_to_triangle
ABCACBACADCBDC,True,42,39,3,simplified_to_triangle
ABCACBACADCDAC,True,42,39,3,simplified_to_triangle
ABCACBACBDACAD,True,42,39,3,simplified_to_triangle
ABCACBACBDBCBD,True,42,39,3,simplified_to_triangle
ABCACBACBDCACD,True,42,39,3,simplified_to_triangle
ABCACBACBDCBCD,True,42,39,3,simplified_to_triangle
ABCACBACDABCAD,True,42,39,3,simplified_to_triangle
ABCACBACDABCDC,True,42,39,3,simplified_to_triangle
ABCACBACDACADC,True,42,39,3,simplified_to_triangle
ABCACBACDBACAD,True,42,39,3,simplified_to_triangle
ABCACBACDBCACD,True,42,39,3,simplified_to_triangle
ABCACBACDBCBCD,True,42,39,3,simplified_to_triangle
ABCACBACDCACDC,True,42,39,3,simplified_to_triangle
ABCACBADABCBAD,True,42,39,3,simplified_to_triangle
ABCACBADACACAD,True,42,39,3,simplified_to_triangle
ABCACBADACBCAD,True,42,39,3,simplified_to_triangle
ABCACBADBACABD,True,42,39,3,simplified_to_triangle
ABCACBADBCACBD,True,42,39,3,simplified_to_triangle
ABCACBADBCBCBD,True,42,39,3,simplified_to_triangle
ABCACBADBDCDCD,True,42,39,3,simplified_to_triangle
ABCACBCABCBDCD,True,42,39,3,simplified_to_triangle
ABCACBCABCDBCD,True,42,39,3,simplified_to_triangle
ABCACBCABDCADC,True,42,39,3,simplified_to_triangle
ABCACBCABDCDAC,True,42,39,3,simplified_to_triangle
ABCACBCACACDCD,True,42,39,3,simplified_to_triangle
ABCACBCACADCBD,True,42,39,3,simplified_to_triangle
ABCACBCACADCDB,True,42,39,3,simplified_to_triangle
ABCACBCACADCDC,True,42,39,3,simplified_to_triangle
ABCACBCACBCDCD,True,42,39,3,simplified_to_triangle
ABCACBCACBDCAD,True,42,39,3,simplified_to_triangle
ABCACBCACBDCDC,True,42,39,3,simplified_to_triangle
ABCACBCACDACBD,True,42,39,3,simplified_to_triangle
ABCACBCACDACDB,True,42,39,3,simplified_to_triangle
ABCACBCACDACDC,True,42,39,3,simplified_to_triangle
ABCACBCACDBCAD,True,42,39,3,simplified_to_triangle
ABCACBCACDBCDC,True,42,39,3,simplified_to_triangle
ABCACBCACDCADC,True,42,39,3,simplified_to_triangle
ABCACBCACDCBDC,True,42,39,3,simplified_to_triangle
ABCACBCACDCDAC,True,42,39,3,simplified_to_triangle
ABCACBCACDCDBC,True,42,39,3,simplified_to_triangle
ABCACBCADACBDC,True,42,39,3,simplified_to_triangle
ABCACBCADACDBC,True,42,39,3,simplified_to_triangle
ABCACBCADBCADC,True,42,39,3,simplified_to_triangle
ABCACBCADBCDAC,True,42,39,3,simplified_to_triangle
ABCACBCADCBDCB,True,42,39,3,simplified_to_triangle
ABCACBCADCDBCB,True,42,39,3,simplified_to_triangle
ABCACBCADCDCAC,True,42,39,3,simplified_to_triangle
ABCACBCADCDCBC,True,42,39,3,simplified_to_triangle
ABCACBCBACBDCD,True,42,39,3,simplified_to_triangle
ABCACBCBACDBCD,True,42,39,3,simplified_to_triangle
ABCACBCBADCADC,True,42,39,3,simplified_to_triangle
ABCACBCBADCDAC,True,42,39,3,simplified_to_triangle
ABCACBCBCADCAD,True,42,39,3,simplified_to_triangle
ABCACBCBCDACAD,True,42,39,3,simplified_to_triangle
ABCACBCBCDBCBD,True,42,39,3,simplified_to_triangle
ABCACBCBCDBCDB,True,42,39,3,simplified_to_triangle
ABCACBCBCDCACD,True,42,39,3,simplified_to_triangle
ABCACBCBCDCBCD,True,42,39,3,simplified_to_triangle
ABCACBCBDACADC,True,42,39,3,simplified_to_triangle
ABCACBCBDACDAC,True,42,39,3,simplified_to_triangle
ABCACBCBDBCBDC,True,42,39,3,simplified_to_triangle
ABCACBCBDBCDBC,True,42,39,3,simplified_to_triangle
ABCACBCBDCACDC,True,42,39,3,simplified_to_triangle
ABCACBCBDCADCB,True,42,39,3,simplified_to_triangle
ABCACBCBDCBCDC,True,42,39,3,simplified_to_triangle
ABCACBCDABCADC,True,42,39,3,simplified_to_triangle
ABCACBCDABCDAC,True,42,39,3,simplified_to_triangle
ABCACBCDACBDCB,True,42,39,3,simplified_to_triangle
ABCACBCDACDBCB,True,42,39,3,simplified_to_triangle
ABCACBCDACDCAC,True,42,39,3,simplified_to_triangle
ABCACBCDACDCBC,True,42,39,3,simplified_to_triangle
ABCACBCDBACADC,True,42,39,3,simplified_to_triangle
ABCACBCDBACDAC,True,42,39,3,simplified_to_triangle
ABCACBCDBCACDC,True,42,39,3,simplified_to_triangle
ABCACBCDBCADCB,True,42,39,3,simplified_to_triangle
ABCACBCDBCBCDC,True,42,39,3,simplified_to_triangle
ABCACBCDCABDAC,True,42,39,3,simplified_to_triangle
ABCACBCDCADBAC,True,42,39,3,simplified_to_triangle
ABCACBCDCBADAC,True,42,39,3,simplified_to_triangle
ABCACBCDCDCBAC,True,42,39,3,simplified_to_triangle
ABCACBCDCDCBCB,True,42,39,3,simplified_to_triangle
ABCACBDABCACBD,True,42,39,3,simplified_to_triangle
ABCACBDABCACDB,True,42,39,3,simplified_to_triangle
ABCACBDABCADAC,True,42,39,3,simplified_to_triangle
ABCACBDABCBCBD,True,42,39,3,simplified_to_triangle
ABCACBDABCBCDB,True,42,39,3,simplified_to_triangle
ABCACBDABCBDBC,True,42,39,3,simplified_to_triangle
ABCACBDABDCDCD,True,42,39,3,simplified_to_triangle
ABCACBDACACBDC,True,42,39,3,simplified_to_triangle
ABCACBDACACDBC,True,42,39,3,simplified_to_triangle
ABCACBDACACDCB,True,42,39,3,simplified_to_triangle
ABCACBDACBCBDC,True,42,39,3,simplified_to_triangle
ABCACBDACBCDBC,True,42,39,3,simplified_to_triangle
ABCACBDACDBCBC,True,42,39,3,simplified_to_triangle
ABCACBDACDCBAC,True,42,39,3,simplified_to_triangle
ABCACBDACDCDBD,True,42,39,3,simplified_to_triangle
ABCACBDADBCDCD,True,42,39,3,simplified_to_triangle
ABCACBDADBDCDC,True,42,39,3,simplified_to_triangle
ABCACBDADCDCBD,True,42,39,3,simplified_to_triangle
ABCACBDADCDCDB,True,42,39,3,simplified_to_triangle
ABCACBDADCDCDC,True,42,39,3,simplified_to_triangle
ABCACBDBABCBDB,True,42,39,3,simplified_to_triangle
ABCACBDBACACBD,True,42,39,3,simplified_to_triangle
ABCACBDBACACDB,True,42,39,3,simplified_to_triangle
ABCACBDBACADAC,True,42,39,3,simplified_to_triangle
ABCACBDBACBCBD,True,42,39,3,simplified_to_triangle
ABCACBDBACBCDB,True,42,39,3,simplified_to_triangle
ABCACBDBACBDBC,True,42,39,3,simplified_to_triangle
ABCACBDBACDBCB,True,42,39,3,simplified_to_triangle
ABCACBDBACDCBC,True,42,39,3,simplified_to_triangle
ABCACBDBADBDCD,True,42,39,3,simplified_to_triangle
ABCACBDBADCDCD,True,42,39,3,simplified_to_triangle
ABCACBDBCACADC,True,42,39,3,simplified_to_triangle
ABCACBDBCACDAC,True,42,39,3,simplified_to_triangle
ABCACBDBCBABDB,True,42,39,3,simplified_to_triangle
ABCACBDBCBCADC,True,42,39,3,simplified_to_triangle
ABCACBDBCBCDAC,True,42,39,3,simplified_to_triangle
ABCACBDBCBCDCB,True,42,39,3,simplified_to_triangle
ABCACBDBCBDBCB,True,42,39,3,simplified_to_triangle
ABCACBDBCBDCBC,True,42,39,3,simplified_to_triangle
ABCACBDBCDBCBC,True,42,39,3,simplified_to_triangle
ABCACBDBCDCDBD,True,42,39,3,simplified_to_triangle
ABCACBDCABCACD,True,42,39,3,simplified_to_triangle
ABCACBDCABDBCB,True,42,39,3,simplified_to_triangle
ABCACBDCABDCBC,True,42,39,3,simplified_to_triangle
ABCACBDCACABDB,True,42,39,3,simplified_to_triangle
ABCACBDCACADCB,True,42,39,3,simplified_to_triangle
ABCACBDCACBABD,True,42,39,3,simplified_to_triangle
ABCACBDCACBADB,True,42,39,3,simplified_to_triangle
ABCACBDCADBCBC,True,42,39,3,simplified_to_triangle
ABCACBDCADCBCB,True,42,39,3,simplified_to_triangle
ABCACBDCADCDBD,True,42,39,3,simplified_to_triangle
ABCACBDCBABCAD,True,42,39,3,simplified_to_triangle
ABCACBDCBABDBC,True,42,39,3,simplified_to_triangle
ABCACBDCBACACD,True,42,39,3,simplified_to_triangle
ABCACBDCBCABDB,True,42,39,3,simplified_to_triangle
ABCACBDCBCBABD,True,42,39,3,simplified_to_triangle
ABCACBDCBCBADB,True,42,39,3,simplified_to_triangle
ABCACBDCBCBDCB,True,42,39,3,simplified_to_triangle
ABCACBDCBCDBCB,True,42,39,3,simplified_to_triangle
ABCACBDCBCDCBC,True,42,39,3,simplified_to_triangle
ABCACBDCBDBCBC,True,42,39,3,simplified_to_triangle
ABCACBDCBDCDBD,True,42,39,3,simplified_to_triangle
ABCACBDCDACBCB,True,42,39,3,simplified_to_triangle
ABCACBDCDADBDC,True,42,39,3,simplified_to_triangle
ABCACBDCDADCAD,True,42,39,3,simplified_to_triangle
ABCACBDCDBCDBD,True,42,39,3,simplified_to_triangle
ABCACBDCDBDADC,True,42,39,3,simplified_to_triangle
ABCACBDCDBDCAD,True,42,39,3,simplified_to_triangle
ABCACBDCDCDBDC,True,42,39,3,simplified_to_triangle
ABCACDABCACDBC,True,42,39,3,simplified_to_triangle
ABCACDABCBCBDC,True,42,39,3,simplified_to_triangle
ABCACDABCBCDBC,True,42,39,3,simplified_to_triangle
ABCACDABCDABCB,True,42,39,3,simplified_to_triangle
ABCACDABCDACBC,True,42,39,3,simplified_to_triangle
ABCACDABCDCBAC,True,42,39,3,simplified_to_triangle
ABCACDABDBCDCD,True,42,39,3,simplified_to_triangle
ABCACDABDCDCBD,True,42,39,3,simplified_to_triangle
ABCACDABDCDCDB,True,42,39,3,simplified_to_triangle
ABCACDABDCDCDC,True,42,39,3,simplified_to_triangle
ABCACDACABCBCD,True,42,39,3,simplified_to_triangle
ABCACDACABDBAC,True,42,39,3,simplified_to_triangle
ABCACDACACDBCB,True,42,39,3,simplified_to_triangle
ABCACDACACDCBC,True,42,39,3,simplified_to_triangle
ABCACDACADABCB,True,42,39,3,simplified_to_triangle
ABCACDACADACBC,True,42,39,3,simplified_to_triangle
ABCACDACBABCBD,True,42,39,3,simplified_to_triangle
ABCACDACBABCDB,True,42,39,3,simplified_to_triangle
ABCACDACBABDAC,True,42,39,3,simplified_to_triangle
ABCACDACBACBCD,True,42,39,3,simplified_to_triangle
ABCACDACBADBAC,True,42,39,3,simplified_to_triangle
ABCACDACBDCBCB,True,42,39,3,simplified_to_triangle
ABCACDACDADCBD,True,42,39,3,simplified_to_triangle
ABCACDACDADCDB,True,42,39,3,simplified_to_triangle
ABCACDACDBCBCB,True,42,39,3,simplified_to_triangle
ABCACDACDBCDBD,True,42,39,3,simplified_to_triangle
ABCACDACDBDCBD,True,42,39,3,simplified_to_triangle
ABCACDACDBDCDB,True,42,39,3,simplified_to_triangle
ABCACDACDCADCD,True,42,39,3,simplified_to_triangle
ABCACDACDCDACD,True,42,39,3,simplified_to_triangle
ABCACDACDCDBDC,True,42,39,3,simplified_to_triangle
ABCACDADBADACD,True,42,39,3,simplified_to_triangle
ABCACDADBCDCBD,True,42,39,3,simplified_to_triangle
ABCACDADBCDCDB,True,42,39,3,simplified_to_triangle
ABCACDADBCDCDC,True,42,39,3,simplified_to_triangle
ABCACDADBDCBDB,True,42,39,3,simplified_to_triangle
ABCACDADCDABCD,True,42,39,3,simplified_to_triangle
ABCACDADCDACAD,True,42,39,3,simplified_to_triangle
ABCACDADCDCACD,True,42,39,3,simplified_to_triangle
ABCACDADCDCBAD,True,42,39,3,simplified_to_triangle
ABCACDADCDCBDC,True,42,39,3,simplified_to_triangle
ABCACDADCDCDBC,True,42,39,3,simplified_to_triangle
ABCACDBABCACDB,True,42,39,3,simplified_to_triangle
ABCACDBABCADAC,True,42,39,3,simplified_to_triangle
ABCACDBABCBCBD,True,42,39,3,simplified_to_triangle
ABCACDBABCBCDB,True,42,39,3,simplified_to_triangle
ABCACDBABCBDBC,True,42,39,3,simplified_to_triangle
ABCACDBABDCDCD,True,42,39,3,simplified_to_triangle
ABCACDBACACBDC,True,42,39,3,simplified_to_triangle
ABCACDBACACDBC,True,42,39,3,simplified_to_triangle
ABCACDBACACDCB,True,42,39,3,simplified_to_triangle
ABCACDBACBCBDC,True,42,39,3,simplified_to_triangle
ABCACDBACBCDBC,True,42,39,3,simplified_to_triangle
ABCACDBACDBCBC,True,42,39,3,simplified_to_triangle
ABCACDBACDCBAC,True,42,39,3,simplified_to_triangle
ABCACDBACDCDBD,True,42,39,3,simplified_to_triangle
ABCACDBADBCDCD,True,42,39,3,simplified_to_triangle
ABCACDBADBDCDC,True,42,39,3,simplified_to_triangle
ABCACDBADCDCBD,True,42,39,3,simplified_to_triangle
ABCACDBADCDCDB,True,42,39,3,simplified_to_triangle
ABCACDBADCDCDC,True,42,39,3,simplified_to_triangle
ABCACDBCACABDB,True,42,39,3,simplified_to_triangle
ABCACDBCADCBCB,True,42,39,3,simplified_to_triangle
ABCACDBCBABCAD,True,42,39,3,simplified_to_triangle
ABCACDBCBABDBC,True,42,39,3,simplified_to_triangle
ABCACDBCBACACD,True,42,39,3,simplified_to_triangle
ABCACDBCBCABDB,True,42,39,3,simplified_to_triangle
ABCACDBCBCBABD,True,42,39,3,simplified_to_triangle
ABCACDBCBCBADB,True,42,39,3,simplified_to_triangle
ABCACDBCBCBDCB,True,42,39,3,simplified_to_triangle
ABCACDBCBCDBCB,True,42,39,3,simplified_to_triangle
ABCACDBCBCDCBC,True,42,39,3,simplified_to_triangle
ABCACDBCBDBCBC,True,42,39,3,simplified_to_triangle
ABCACDBCBDCDBD,True,42,39,3,simplified_to_triangle
ABCACDBCDACBCB,True,42,39,3,simplified_to_triangle
ABCACDBCDADBDC,True,42,39,3,simplified_to_triangle
ABCACDBCDADCAD,True,42,39,3,simplified_to_triangle
ABCACDBCDBCDBD,True,42,39,3,simplified_to_triangle
ABCACDBCDBDADC,True,42,39,3,simplified_to_triangle
ABCACDBCDBDCAD,True,42,39,3,simplified_to_triangle
ABCACDBCDCDBDC,True,42,39,3,simplified_to_triangle
ABCACDBDABCDCD,True,42,39,3,simplified_to_triangle
ABCACDBDABDBCD,True,42,39,3,simplified_to_triangle
ABCACDBDABDCDC,True,42,39,3,simplified_to_triangle
ABCACDBDACDCBD,True,42,39,3,simplified_to_triangle
ABCACDBDACDCDB,True,42,39,3,simplified_to_triangle
ABCACDBDACDCDC,True,42,39,3,simplified_to_triangle
ABCACDBDADBCDC,True,42,39,3,simplified_to_triangle
ABCACDBDADCBDB,True,42,39,3,simplified_to_triangle
ABCACDBDADCDCB,True,42,39,3,simplified_to_triangle
ABCACDBDCDCBDC,True,42,39,3,simplified_to_triangle
ABCACDBDCDCDBC,True,42,39,3,simplified_to_triangle
ABCACDCABCACDC,True,42,39,3,simplified_to_triangle
ABCACDCABDBCBC,True,42,39,3,simplified_to_triangle
ABCACDCABDCBAC,True,42,39,3,simplified_to_triangle
ABCACDCABDCDBD,True,42,39,3,simplified_to_triangle
ABCACDCACABCBD,True,42,39,3,simplified_to_triangle
ABCACDCACABCDB,True,42,39,3,simplified_to_triangle
ABCACDCACABDBC,True,42,39,3,simplified_to_triangle
ABCACDCACABDCB,True,42,39,3,simplified_to_triangle
ABCACDCACACBCD,True,42,39,3,simplified_to_triangle
ABCACDCACADBCB,True,42,39,3,simplified_to_triangle
ABCACDCACADCBC,True,42,39,3,simplified_to_triangle
ABCACDCACBABDC,True,42,39,3,simplified_to_triangle
ABCACDCACBACBD,True,42,39,3,simplified_to_triangle
ABCACDCACBCBCD,True,42,39,3,simplified_to_triangle
ABCACDCACBDBAC,True,42,39,3,simplified_to_triangle
ABCACDCACDABCB,True,42,39,3,simplified_to_triangle
ABCACDCACDACBC,True,42,39,3,simplified_to_triangle
ABCACDCADBCBAC,True,42,39,3,simplified_to_triangle
ABCACDCADBCDBD,True,42,39,3,simplified_to_triangle
ABCACDCADCBCAC,True,42,39,3,simplified_to_triangle
ABCACDCADCBCBC,True,42,39,3,simplified_to_triangle
ABCACDCADCBDCD,True,42,39,3,simplified_to_triangle
ABCACDCADCDBCD,True,42,39,3,simplified_to_triangle
ABCACDCADCDBDC,True,42,39,3,simplified_to_triangle
ABCACDCBABCADC,True,42,39,3,simplified_to_triangle
ABCACDCBABCDAC,True,42,39,3,simplified_to_triangle
ABCACDCBACACDC,True,42,39,3,simplified_to_triangle
ABCACDCBADABCB,True,42,39,3,simplified_to_triangle
ABCACDCBADACBC,True,42,39,3,simplified_to_triangle
ABCACDCBADCBAC,True,42,39,3,simplified_to_triangle
ABCACDCBCABCAD,True,42,39,3,simplified_to_triangle
ABCACDCBCABDBC,True,42,39,3,simplified_to_triangle
ABCACDCBCACACD,True,42,39,3,simplified_to_triangle
ABCACDCBCBABDC,True,42,39,3,simplified_to_triangle
ABCACDCBCBACAD,True,42,39,3,simplified_to_triangle
ABCACDCBCBADBC,True,42,39,3,simplified_to_triangle
ABCACDCBCBCACD,True,42,39,3,simplified_to_triangle
ABCACDCBCBDBAC,True,42,39,3,simplified_to_triangle
ABCACDCBCBDBCB,True,42,39,3,simplified_to_triangle
ABCACDCBCBDCBC,True,42,39,3,simplified_to_triangle
ABCACDCBCDBCBC,True,42,39,3,simplified_to_triangle
ABCACDCBCDCDBD,True,42,39,3,simplified_to_triangle
ABCACDCBDACBAC,True,42,39,3,simplified_to_triangle
ABCACDCBDBCDBD,True,42,39,3,simplified_to_triangle
ABCACDCBDCABCB,True,42,39,3,simplified_to_triangle
ABCACDCBDCACBC,True,42,39,3,simplified_to_triangle
ABCACDCBDCDBDC,True,42,39,3,simplified_to_triangle
ABCACDCBDCDCBD,True,42,39,3,simplified_to_triangle
ABCACDCBDCDCDB,True,42,39,3,simplified_to_triangle
ABCACDCDABCBAC,True,42,39,3,simplified_to_triangle
ABCACDCDABCDBD,True,42,39,3,simplified_to_triangle
ABCACDCDACBCAC,True,42,39,3,simplified_to_triangle
ABCACDCDACBDCD,True,42,39,3,simplified_to_triangle
ABCACDCDACDBCD,True,42,39,3,simplified_to_triangle
ABCACDCDACDBDC,True,42,39,3,simplified_to_triangle
ABCACDCDADBDCB,True,42,39,3,simplified_to_triangle
ABCACDCDADCADC,True,42,39,3,simplified_to_triangle
ABCACDCDADCDAC,True,42,39,3,simplified_to_triangle
ABCACDCDBCABCB,True,42,39,3,simplified_to_triangle
ABCACDCDBCACBC,True,42,39,3,simplified_to_triangle
ABCACDCDBCDBDC,True,42,39,3,simplified_to_triangle
ABCACDCDBCDCBD,True,42,39,3,simplified_to_triangle
ABCACDCDBCDCDB,True,42,39,3,simplified_to_triangle
ABCACDCDBDCADC,True,42,39,3,simplified_to_triangle
ABCACDCDBDCDAC,True,42,39,3,simplified_to_triangle
ABCACDCDBDCDCB,True,42,39,3,simplified_to_triangle
ABCACDCDCACBAC,True,42,39,3,simplified_to_triangle
ABCADABCBCBDCB,True,42,39,3,simplified_to_triangle
ABCADABCBCDBCB,True,42,39,3,simplified_to_triangle
ABCADABCBCDCBC,True,42,39,3,simplified_to_triangle
ABCADABCBDCBAC,True,42,39,3,simplified_to_triangle
ABCADABCDBCBAC,True,42,39,3,simplified_to_triangle
ABCADABCDCBCAC,True,42,39,3,simplified_to_triangle
ABCADABCDCDCBD,True,42,39,3,simplified_to_triangle
ABCADABCDCDCDB,True,42,39,3,simplified_to_triangle
ABCADABDADCACD,True,42,39,3,simplified_to_triangle
ABCADABDADCBCD,True,42,39,3,simplified_to_triangle
ABCADABDCABDCD,True,42,39,3,simplified_to_triangle
ABCADABDCADBCD,True,42,39,3,simplified_to_triangle
ABCADABDCBADCD,True,42,39,3,simplified_to_triangle
ABCADABDCBDACD,True,42,39,3,simplified_to_triangle
ABCADABDCBDCDC,True,42,39,3,simplified_to_triangle
ABCADABDCDABCD,True,42,39,3,simplified_to_triangle
ABCADABDCDBACD,True,42,39,3,simplified_to_triangle
ABCADABDCDBCDC,True,42,39,3,simplified_to_triangle
ABCADABDCDCABD,True,42,39,3,simplified_to_triangle
ABCADABDCDCADB,True,42,39,3,simplified_to_triangle
ABCADABDCDCBAD,True,42,39,3,simplified_to_triangle
ABCADACABCBCAD,True,42,39,3,simplified_to_triangle
ABCADACABDABCB,True,42,39,3,simplified_to_triangle
ABCADACABDACBC,True,42,39,3,simplified_to_triangle
ABCADACABDBCAC,True,42,39,3,simplified_to_triangle
ABCADACACDCBAC,True,42,39,3,simplified_to_triangle
ABCADACADABCBC,True,42,39,3,simplified_to_triangle
ABCADACADACDBD,True,42,39,3,simplified_to_triangle
ABCADACADBABCB,True,42,39,3,simplified_to_triangle
ABCADACADBACBC,True,42,39,3,simplified_to_triangle
ABCADACADCDADC,True,42,39,3,simplified_to_triangle
ABCADACBABCADB,True,42,39,3,simplified_to_triangle
ABCADACBABCBAD,True,42,39,3,simplified_to_triangle
ABCADACBABDCAC,True,42,39,3,simplified_to_triangle
ABCADACBACACBD,True,42,39,3,simplified_to_triangle
ABCADACBACBCAD,True,42,39,3,simplified_to_triangle
ABCADACBCBABDB,True,42,39,3,simplified_to_triangle
ABCADACBCBCDCB,True,42,39,3,simplified_to_triangle
ABCADACBCDCBAC,True,42,39,3,simplified_to_triangle
ABCADACBDBACAC,True,42,39,3,simplified_to_triangle
ABCADACBDBCDBD,True,42,39,3,simplified_to_triangle
ABCADACBDCDBDC,True,42,39,3,simplified_to_triangle
ABCADACDACDADC,True,42,39,3,simplified_to_triangle
ABCADACDADCABD,True,42,39,3,simplified_to_triangle
ABCADACDADCADB,True,42,39,3,simplified_to_triangle
ABCADACDADCBAD,True,42,39,3,simplified_to_triangle
ABCADACDBCDBDC,True,42,39,3,simplified_to_triangle
ABCADACDBDCABD,True,42,39,3,simplified_to_triangle
ABCADACDBDCADB,True,42,39,3,simplified_to_triangle
ABCADACDBDCBAD,True,42,39,3,simplified_to_triangle
ABCADACDCADCAD,True,42,39,3,simplified_to_triangle
ABCADACDCBACAC,True,42,39,3,simplified_to_triangle
ABCADACDCBDCBD,True,42,39,3,simplified_to_triangle
ABCADACDCBDCDB,True,42,39,3,simplified_to_triangle
ABCADACDCDACAD,True,42,39,3,simplified_to_triangle
ABCADACDCDBCBD,True,42,39,3,simplified_to_triangle
ABCADACDCDBCDB,True,42,39,3,simplified_to_triangle
ABCADACDCDCACD,True,42,39,3,simplified_to_triangle
ABCADACDCDCADC,True,42,39,3,simplified_to_triangle
ABCADACDCDCBCD,True,42,39,3,simplified_to_triangle
ABCADBABCADCAC,True,42,39,3,simplified_to_triangle
ABCADBABCBCABD,True,42,39,3,simplified_to_triangle
ABCADBABCBCADB,True,42,39,3,simplified_to_triangle
ABCADBABCBCBAD,True,42,39,3,simplified_to_triangle
ABCADBABCBDBCB,True,42,39,3,simplified_to_triangle
ABCADBABCBDCBC,True,42,39,3,simplified_to_triangle
ABCADBABCDACAC,True,42,39,3,simplified_to_triangle
ABCADBABCDBCBC,True,42,39,3,simplified_to_triangle
ABCADBABCDCDBD,True,42,39,3,simplified_to_triangle
ABCADBACACABCD,True,42,39,3,simplified_to_triangle
ABCADBACACBDCB,True,42,39,3,simplified_to_triangle
ABCADBACACDBCB,True,42,39,3,simplified_to_triangle
ABCADBACACDCBC,True,42,39,3,simplified_to_triangle
ABCADBACBCBDCB,True,42,39,3,simplified_to_triangle
ABCADBACBCDBCB,True,42,39,3,simplified_to_triangle
ABCADBACBCDCBC,True,42,39,3,simplified_to_triangle
ABCADBACBDCBAC,True,42,39,3,simplified_to_triangle
ABCADBACDBCBAC,True,42,39,3,simplified_to_triangle
ABCADBACDCBCAC,True,42,39,3,simplified_to_triangle
ABCADBACDCDCBD,True,42,39,3,simplified_to_triangle
ABCADBACDCDCDB,True,42,39,3,simplified_to_triangle
ABCADBADCABDCD,True,42,39,3,simplified_to_triangle
ABCADBADCADBCD,True,42,39,3,simplified_to_triangle
ABCADBADCBADCD,True,42,39,3,simplified_to_triangle
ABCADBADCBDACD,True,42,39,3,simplified_to_triangle
ABCADBADCBDCDC,True,42,39,3,simplified_to_triangle
ABCADBADCDABCD,True,42,39,3,simplified_to_triangle
ABCADBADCDBACD,True,42,39,3,simplified_to_triangle
ABCADBADCDBCDC,True,42,39,3,simplified_to_triangle
ABCADBADCDCABD,True,42,39,3,simplified_to_triangle
ABCADBADCDCADB,True,42,39,3,simplified_to_triangle
ABCADBADCDCBAD,True,42,39,3,simplified_to_triangle
ABCADBCABCBCBD,True,42,39,3,simplified_to_triangle
ABCADBCABCBCDB,True,42,39,3,simplified_to_triangle
ABCADBCABDACAC,True,42,39,3,simplified_to_triangle
ABCADBCABDADCD,True,42,39,3,simplified_to_triangle
ABCADBCABDBCBC,True,42,39,3,simplified_to_triangle
ABCADBCABDCDBD,True,42,39,3,simplified_to_triangle
ABCADBCACACDCB,True,42,39,3,simplified_to_triangle
ABCADBCADABDCD,True,42,39,3,simplified_to_triangle
ABCADBCADBACAC,True,42,39,3,simplified_to_triangle
ABCADBCADBADCD,True,42,39,3,simplified_to_triangle
ABCADBCADBCDBD,True,42,39,3,simplified_to_triangle
ABCADBCADBDACD,True,42,39,3,simplified_to_triangle
ABCADBCADCADCD,True,42,39,3,simplified_to_triangle
ABCADBCADCDACD,True,42,39,3,simplified_to_triangle
ABCADBCADCDBDC,True,42,39,3,simplified_to_triangle
ABCADBCADCDCDC,True,42,39,3,simplified_to_triangle
ABCADBCBABCBDB,True,42,39,3,simplified_to_triangle
ABCADBCBABDBCB,True,42,39,3,simplified_to_triangle
ABCADBCBABDCBC,True,42,39,3,simplified_to_triangle
ABCADBCBACACAD,True,42,39,3,simplified_to_triangle
ABCADBCBACBCBD,True,42,39,3,simplified_to_triangle
ABCADBCBACBCDB,True,42,39,3,simplified_to_triangle
ABCADBCBADACAC,True,42,39,3,simplified_to_triangle
ABCADBCBADBCBC,True,42,39,3,simplified_to_triangle
ABCADBCBADBDCD,True,42,39,3,simplified_to_triangle
ABCADBCBADCDBD,True,42,39,3,simplified_to_triangle
ABCADBCBDABCBC,True,42,39,3,simplified_to_triangle
ABCADBCBDABDCD,True,42,39,3,simplified_to_triangle
ABCADBCBDACDBD,True,42,39,3,simplified_to_triangle
ABCADBCBDADBCD,True,42,39,3,simplified_to_triangle
ABCADBCBDBABCB,True,42,39,3,simplified_to_triangle
ABCADBCBDBACBC,True,42,39,3,simplified_to_triangle
ABCADBCBDBADCD,True,42,39,3,simplified_to_triangle
ABCADBCBDCBDCD,True,42,39,3,simplified_to_triangle
ABCADBCBDCDADC,True,42,39,3,simplified_to_triangle
ABCADBCBDCDBCD,True,42,39,3,simplified_to_triangle
ABCADBCBDCDCDC,True,42,39,3,simplified_to_triangle
ABCADBCDABCDBD,True,42,39,3,simplified_to_triangle
ABCADBCDABDACD,True,42,39,3,simplified_to_triangle
ABCADBCDABDBCD,True,42,39,3,simplified_to_triangle
ABCADBCDACADCD,True,42,39,3,simplified_to_triangle
ABCADBCDACDACD,True,42,39,3,simplified_to_triangle
ABCADBCDACDBDC,True,42,39,3,simplified_to_triangle
ABCADBCDACDCDC,True,42,39,3,simplified_to_triangle
ABCADBCDADBACD,True,42,39,3,simplified_to_triangle
ABCADBCDADBDCB,True,42,39,3,simplified_to_triangle
ABCADBCDADCBDB,True,42,39,3,simplified_to_triangle
ABCADBCDBABCBC,True,42,39,3,simplified_to_triangle
ABCADBCDBABDCD,True,42,39,3,simplified_to_triangle
ABCADBCDBACDBD,True,42,39,3,simplified_to_triangle
ABCADBCDBADACD,True,42,39,3,simplified_to_triangle
ABCADBCDBADBCD,True,42,39,3,simplified_to_triangle
ABCADBCDBCBDCD,True,42,39,3,simplified_to_triangle
ABCADBCDBCDADC,True,42,39,3,simplified_to_triangle
ABCADBCDBCDBCD,True,42,39,3,simplified_to_triangle
ABCADBCDBCDCDC,True,42,39,3,simplified_to_triangle
ABCADBCDBDABCD,True,42,39,3,simplified_to_triangle
ABCADBCDBDADCB,True,42,39,3,simplified_to_triangle
ABCADBCDBDCBDB,True,42,39,3,simplified_to_triangle
ABCADBCDCACDCD,True,42,39,3,simplified_to_triangle
ABCADBCDCADCDC,True,42,39,3,simplified_to_triangle
ABCADBCDCBACAC,True,42,39,3,simplified_to_triangle
ABCADBCDCBCBAC,True,42,39,3,simplified_to_triangle
ABCADBCDCBCDCD,True,42,39,3,simplified_to_triangle
ABCADBCDCBDCDC,True,42,39,3,simplified_to_triangle
ABCADBCDCDACDC,True,42,39,3,simplified_to_triangle
ABCADBCDCDBCDC,True,42,39,3,simplified_to_triangle
ABCADBDACABDCD,True,42,39,3,simplified_to_triangle
ABCADBDACADBCD,True,42,39,3,simplified_to_triangle
ABCADBDACBADCD,True,42,39,3,simplified_to_triangle
ABCADBDACBDACD,True,42,39,3,simplified_to_triangle
ABCADBDACBDCDC,True,42,39,3,simplified_to_triangle
ABCADBDACDABCD,True,42,39,3,simplified_to_triangle
ABCADBDACDBACD,True,42,39,3,simplified_to_triangle
ABCADBDACDBCDC,True,42,39,3,simplified_to_triangle
ABCADBDACDCABD,True,42,39,3,simplified_to_triangle
ABCADBDACDCADB,True,42,39,3,simplified_to_triangle
ABCADBDACDCBAD,True,42,39,3,simplified_to_triangle
ABCADBDADBCDCB,True,42,39,3,simplified_to_triangle
ABCADBDADCABDB,True,42,39,3,simplified_to_triangle
ABCADBDADCBABD,True,42,39,3,simplified_to_triangle
ABCADBDADCBADB,True,42,39,3,simplified_to_triangle
ABCADBDCACBDCD,True,42,39,3,simplified_to_triangle
ABCADBDCACDBCD,True,42,39,3,simplified_to_triangle
ABCADBDCADCADC,True,42,39,3,simplified_to_triangle
ABCADBDCADCDAC,True,42,39,3,simplified_to_triangle
ABCADBDCBCADCD,True,42,39,3,simplified_to_triangle
ABCADBDCBCDACD,True,42,39,3,simplified_to_triangle
ABCADBDCBDCBDC,True,42,39,3,simplified_to_triangle
ABCADBDCBDCDBC,True,42,39,3,simplified_to_triangle
ABCADBDCDACADC,True,42,39,3,simplified_to_triangle
ABCADBDCDACDAC,True,42,39,3,simplified_to_triangle
ABCADBDCDBCBDC,True,42,39,3,simplified_to_triangle
ABCADBDCDBCDBC,True,42,39,3,simplified_to_triangle
ABCADBDCDCACDC,True,42,39,3,simplified_to_triangle
ABCADBDCDCADCB,True,42,39,3,simplified_to_triangle
ABCADBDCDCBCDC,True,42,39,3,simplified_to_triangle
ABCADBDCDCDACB,True,42,39,3,simplified_to_triangle
ABCADCABCBACBD,True,42,39,3,simplified_to_triangle
ABCADCABCBACDB,True,42,39,3,simplified_to_triangle
ABCADCABDBCBAC,True,42,39,3,simplified_to_triangle
ABCADCABDCBCAC,True,42,39,3,simplified_to_triangle
ABCADCACABCBAD,True,42,39,3,simplified_to_triangle
ABCADCACABDBCB,True,42,39,3,simplified_to_triangle
ABCADCACABDCBC,True,42,39,3,simplified_to_triangle
ABCADCACACBCAD,True,42,39,3,simplified_to_triangle
ABCADCACACBDCB,True,42,39,3,simplified_to_triangle
ABCADCACADACAC,True,42,39,3,simplified_to_triangle
ABCADCACADBCBC,True,42,39,3,simplified_to_triangle
ABCADCACADCDBD,True,42,39,3,simplified_to_triangle
ABCADCACBCACBD,True,42,39,3,simplified_to_triangle
ABCADCACBCACDB,True,42,39,3,simplified_to_triangle
ABCADCACBCBCAD,True,42,39,3,simplified_to_triangle
ABCADCACBDABCB,True,42,39,3,simplified_to_triangle
ABCADCACBDACBC,True,42,39,3,simplified_to_triangle
ABCADCACBDBCAC,True,42,39,3,simplified_to_triangle
ABCADCACDABCBC,True,42,39,3,simplified_to_triangle
ABCADCACDACDBD,True,42,39,3,simplified_to_triangle
ABCADCACDBABCB,True,42,39,3,simplified_to_triangle
ABCADCACDBACBC,True,42,39,3,simplified_to_triangle
ABCADCACDCDADC,True,42,39,3,simplified_to_triangle
ABCADCADACABCB,True,42,39,3,simplified_to_triangle
ABCADCADACACBC,True,42,39,3,simplified_to_triangle
ABCADCADACDCAD,True,42,39,3,simplified_to_triangle
ABCADCADBCBCAC,True,42,39,3,simplified_to_triangle
ABCADCADCABDCD,True,42,39,3,simplified_to_triangle
ABCADCADCACBCB,True,42,39,3,simplified_to_triangle
ABCADCADCADBCD,True,42,39,3,simplified_to_triangle
ABCADCADCADBDC,True,42,39,3,simplified_to_triangle
ABCADCADCBACAC,True,42,39,3,simplified_to_triangle
ABCADCADCBADCD,True,42,39,3,simplified_to_triangle
ABCADCADCBDACD,True,42,39,3,simplified_to_triangle
ABCADCADCBDADC,True,42,39,3,simplified_to_triangle
ABCADCADCBDCAD,True,42,39,3,simplified_to_triangle
ABCADCADCDABCD,True,42,39,3,simplified_to_triangle
ABCADCADCDABDC,True,42,39,3,simplified_to_triangle
ABCADCADCDADBC,True,42,39,3,simplified_to_triangle
ABCADCADCDBACD,True,42,39,3,simplified_to_triangle
ABCADCADCDBADC,True,42,39,3,simplified_to_triangle
ABCADCADCDBCAD,True,42,39,3,simplified_to_triangle
ABCADCADCDBDAC,True,42,39,3,simplified_to_triangle
ABCADCADCDCADC,True,42,39,3,simplified_to_triangle
ABCADCADCDCDAC,True,42,39,3,simplified_to_triangle
ABCADCBABCADCB,True,42,39,3,simplified_to_triangle
ABCADCBABCDACB,True,42,39,3,simplified_to_triangle
ABCADCBABCDCAC,True,42,39,3,simplified_to_triangle
ABCADCBABDCBAC,True,42,39,3,simplified_to_triangle
ABCADCBACABCBD,True,42,39,3,simplified_to_triangle
ABCADCBACABCDB,True,42,39,3,simplified_to_triangle
ABCADCBACACBCD,True,42,39,3,simplified_to_triangle
ABCADCBACACDCB,True,42,39,3,simplified_to_triangle
ABCADCBADBCBAC,True,42,39,3,simplified_to_triangle
ABCADCBADCBCAC,True,42,39,3,simplified_to_triangle
ABCADCBCABCBDB,True,42,39,3,simplified_to_triangle
ABCADCBCABDBCB,True,42,39,3,simplified_to_triangle
ABCADCBCABDCBC,True,42,39,3,simplified_to_triangle
ABCADCBCACBCBD,True,42,39,3,simplified_to_triangle
ABCADCBCACBCDB,True,42,39,3,simplified_to_triangle
ABCADCBCADACAC,True,42,39,3,simplified_to_triangle
ABCADCBCADBCBC,True,42,39,3,simplified_to_triangle
ABCADCBCADBDCD,True,42,39,3,simplified_to_triangle
ABCADCBCADCDBD,True,42,39,3,simplified_to_triangle
ABCADCBCBABDCB,True,42,39,3,simplified_to_triangle
ABCADCBCBACBDB,True,42,39,3,simplified_to_triangle
ABCADCBCBADBCB,True,42,39,3,simplified_to_triangle
ABCADCBCBADCBC,True,42,39,3,simplified_to_triangle
ABCADCBCBCACAD,True,42,39,3,simplified_to_triangle
ABCADCBCBCADCB,True,42,39,3,simplified_to_triangle
ABCADCBCBCDACB,True,42,39,3,simplified_to_triangle
ABCADCBCBDABCB,True,42,39,3,simplified_to_triangle
ABCADCBCBDACBC,True,42,39,3,simplified_to_triangle
ABCADCBCBDADCD,True,42,39,3,simplified_to_triangle
ABCADCBCBDBCAC,True,42,39,3,simplified_to_triangle
ABCADCBCDABCBC,True,42,39,3,simplified_to_triangle
ABCADCBCDABDCD,True,42,39,3,simplified_to_triangle
ABCADCBCDACDBD,True,42,39,3,simplified_to_triangle
ABCADCBCDADBCD,True,42,39,3,simplified_to_triangle
ABCADCBCDBABCB,True,42,39,3,simplified_to_triangle
ABCADCBCDBACBC,True,42,39,3,simplified_to_triangle
ABCADCBCDBADCD,True,42,39,3,simplified_to_triangle
ABCADCBCDBDACD,True,42,39,3,simplified_to_triangle
ABCADCBCDCBDCD,True,42,39,3,simplified_to_triangle
ABCADCBCDCDADC,True,42,39,3,simplified_to_triangle
ABCADCBCDCDBCD,True,42,39,3,simplified_to_triangle
ABCADCBCDCDCDC,True,42,39,3,simplified_to_triangle
ABCADCBDABCBAC,True,42,39,3,simplified_to_triangle
ABCADCBDACBCAC,True,42,39,3,simplified_to_triangle
ABCADCBDBCABCB,True,42,39,3,simplified_to_triangle
ABCADCBDBCACBC,True,42,39,3,simplified_to_triangle
ABCADCBDBCDCAD,True,42,39,3,simplified_to_triangle
ABCADCBDCBACAC,True,42,39,3,simplified_to_triangle
ABCADCBDCBDCBD,True,42,39,3,simplified_to_triangle
ABCADCBDCBDCDB,True,42,39,3,simplified_to_triangle
ABCADCBDCDBCBD,True,42,39,3,simplified_to_triangle
ABCADCBDCDBCDB,True,42,39,3,simplified_to_triangle
ABCADCBDCDCABD,True,42,39,3,simplified_to_triangle
ABCADCBDCDCADB,True,42,39,3,simplified_to_triangle
ABCADCBDCDCADC,True,42,39,3,simplified_to_triangle
ABCADCBDCDCBAD,True,42,39,3,simplified_to_triangle
ABCADCBDCDCBCD,True,42,39,3,simplified_to_triangle
ABCADCBDCDCDAC,True,42,39,3,simplified_to_triangle
ABCADCDABCBCAC,True,42,39,3,simplified_to_triangle
ABCADCDACABDCD,True,42,39,3,simplified_to_triangle
ABCADCDACACBCB,True,42,39,3,simplified_to_triangle
ABCADCDACADBCD,True,42,39,3,simplified_to_triangle
ABCADCDACADBDC,True,42,39,3,simplified_to_triangle
ABCADCDACBACAC,True,42,39,3,simplified_to_triangle
ABCADCDACBADCD,True,42,39,3,simplified_to_triangle
ABCADCDACBDACD,True,42,39,3,simplified_to_triangle
ABCADCDACBDADC,True,42,39,3,simplified_to_triangle
ABCADCDACBDCAD,True,42,39,3,simplified_to_triangle
ABCADCDACDABCD,True,42,39,3,simplified_to_triangle
ABCADCDACDABDC,True,42,39,3,simplified_to_triangle
ABCADCDACDADBC,True,42,39,3,simplified_to_triangle
ABCADCDACDBACD,True,42,39,3,simplified_to_triangle
ABCADCDACDBADC,True,42,39,3,simplified_to_triangle
ABCADCDACDBCAD,True,42,39,3,simplified_to_triangle
ABCADCDACDBDAC,True,42,39,3,simplified_to_triangle
ABCADCDACDCADC,True,42,39,3,simplified_to_triangle
ABCADCDACDCDAC,True,42,39,3,simplified_to_triangle
ABCADCDADCADCB,True,42,39,3,simplified_to_triangle
ABCADCDADCDACB,True,42,39,3,simplified_to_triangle
ABCADCDADCDCAC,True,42,39,3,simplified_to_triangle
ABCADCDBABCBAC,True,42,39,3,simplified_to_triangle
ABCADCDBACBCAC,True,42,39,3,simplified_to_triangle
ABCADCDBCBDCBD,True,42,39,3,simplified_to_triangle
ABCADCDBCBDCDB,True,42,39,3,simplified_to_triangle
ABCADCDBCDBCBD,True,42,39,3,simplified_to_triangle
ABCADCDBCDBCDB,True,42,39,3,simplified_to_triangle
ABCADCDBCDCABD,True,42,39,3,simplified_to_triangle
ABCADCDBCDCADB,True,42,39,3,simplified_to_triangle
ABCADCDBCDCADC,True,42,39,3,simplified_to_triangle
ABCADCDBCDCBAD,True,42,39,3,simplified_to_triangle
ABCADCDBCDCBCD,True,42,39,3,simplified_to_triangle
ABCADCDBCDCDAC,True,42,39,3,simplified_to_triangle
ABCADCDBDCABCD,True,42,39,3,simplified_to_triangle
ABCADCDBDCADCB,True,42,39,3,simplified_to_triangle
ABCADCDBDCBACD,True,42,39,3,simplified_to_triangle
ABCADCDBDCDACB,True,42,39,3,simplified_to_triangle
ABCADCDBDCDCAC,True,42,39,3,simplified_to_triangle
ABCADCDCABCBAC,True,42,39,3,simplified_to_triangle
ABCADCDCABCDBD,True,42,39,3,simplified_to_triangle
ABCADCDCACBCAC,True,42,39,3,simplified_to_triangle
ABCADCDCACBDCD,True,42,39,3,simplified_to_triangle
ABCADCDCACDBCD,True,42,39,3,simplified_to_triangle
ABCADCDCACDBDC,True,42,39,3,simplified_to_triangle
ABCADCDCADACAD,True,42,39,3,simplified_to_triangle
ABCADCDCADBDCB,True,42,39,3,simplified_to_triangle
ABCADCDCADCACD,True,42,39,3,simplified_to_triangle
ABCADCDCADCADC,True,42,39,3,simplified_to_triangle
ABCADCDCADCDAC,True,42,39,3,simplified_to_triangle
ABCADCDCBABCBC,True,42,39,3,simplified_to_triangle
ABCADCDCBACDBD,True,42,39,3,simplified_to_triangle
ABCADCDCBCABCB,True,42,39,3,simplified_to_triangle
ABCADCDCBCACBC,True,42,39,3,simplified_to_triangle
ABCADCDCBCDBDC,True,42,39,3,simplified_to_triangle
ABCADCDCBCDCBD,True,42,39,3,simplified_to_triangle
ABCADCDCBCDCDB,True,42,39,3,simplified_to_triangle
ABCADCDCBDADCB,True,42,39,3,simplified_to_triangle
ABCADCDCBDBCAD,True,42,39,3,simplified_to_triangle
ABCADCDCBDCADC,True,42,39,3,simplified_to_triangle
ABCADCDCBDCDAC,True,42,39,3,simplified_to_triangle
ABCADCDCBDCDCB,True,42,39,3,simplified_to_triangle
ABCADCDCDABDCB,True,42,39,3,simplified_to_triangle
ABCADCDCDACACD,True,42,39,3,simplified_to_triangle
ABCADCDCDACADC,True,42,39,3,simplified_to_triangle
ABCADCDCDACDAC,True,42,39,3,simplified_to_triangle
ABCADCDCDADBCB,True,42,39,3,simplified_to_triangle
ABCADCDCDADCBC,True,42,39,3,simplified_to_triangle
ABCADCDCDBADCB,True,42,39,3,simplified_to_triangle
ABCADCDCDBCADC,True,42,39,3,simplified_to_triangle
ABCADCDCDBCDAC,True,42,39,3,simplified_to_triangle
ABCADCDCDBCDCB,True,42,39,3,simplified_to_triangle
ABCADCDCDBDCBC,True,42,39,3,simplified_to_triangle
ABCADCDCDCABCD,True,42,39,3,simplified_to_triangle
ABCADCDCDCABDB,True,42,39,3,simplified_to_triangle
ABCADCDCDCABDC,True,42,36,6,visual_inspection
ABCADCDCDCACDC,True,42,39,3,simplified_to_triangle
ABCADCDCDCBABD,True,42,39,3,simplified_to_triangle
ABCADCDCDCBACD,True,42,39,3,simplified_to_triangle
ABCADCDCDCBADB,True,42,39,3,simplified_to_triangle
ABCADCDCDCBADC,True,42,36,6,visual_inspection
ABCBABCBABCDCD,True,42,39,3,simplified_to_triangle
ABCBABCBABDBCD,True,42,39,3,simplified_to_triangle
ABCBABCBABDCDC,True,42,39,3,simplified_to_triangle
ABCBABCBACDCBD,True,42,39,3,simplified_to_triangle
ABCBABCBACDCDC,True,42,39,3,simplified_to_triangle
ABCBABCBCDCBDC,True,42,39,3,simplified_to_triangle
ABCBABCBCDCDBC,True,42,39,3,simplified_to_triangle
ABCBABCBDABCDC,True,42,39,3,simplified_to_triangle
ABCBABCBDACBDB,True,42,39,3,simplified_to_triangle
ABCBABCBDACDCB,True,42,39,3,simplified_to_triangle
ABCBABCBDBABCD,True,42,39,3,simplified_to_triangle
ABCBABCBDBACDC,True,42,39,3,simplified_to_triangle
ABCBABCBDBCABD,True,42,39,3,simplified_to_triangle
ABCBABCBDBCADB,True,42,39,3,simplified_to_triangle
ABCBABCBDBCBAD,True,42,39,3,simplified_to_triangle
ABCBABCBDBCDCB,True,42,39,3,simplified_to_triangle
ABCBABCBDCABDC,True,42,39,3,simplified_to_triangle
ABCBABCBDCACAD,True,42,39,3,simplified_to_triangle
ABCBABCBDCADBC,True,42,39,3,simplified_to_triangle
ABCBABCBDCADCB,True,42,39,3,simplified_to_triangle
ABCBABCBDCBADC,True,42,39,3,simplified_to_triangle
ABCBABCBDCBCAD,True,42,39,3,simplified_to_triangle
ABCBABCBDCBDAC,True,42,39,3,simplified_to_triangle
ABCBABCBDCBDCB,True,42,39,3,simplified_to_triangle
ABCBABCBDCDBAC,True,42,39,3,simplified_to_triangle
ABCBABCBDCDBCB,True,42,39,3,simplified_to_triangle
ABCBABCBDCDCBC,True,42,39,3,simplified_to_triangle
ABCBABCDABCBDB,True,42,39,3,simplified_to_triangle
ABCBABCDACACBD,True,42,39,3,simplified_to_triangle
ABCBABCDACACDB,True,42,39,3,simplified_to_triangle
ABCBABCDACADAC,True,42,39,3,simplified_to_triangle
ABCBABCDACBCBD,True,42,39,3,simplified_to_triangle
ABCBABCDACBCDB,True,42,39,3,simplified_to_triangle
ABCBABCDACBDBC,True,42,39,3,simplified_to_triangle
ABCBABCDACDCBC,True,42,39,3,simplified_to_triangle
ABCBABCDADBDCD,True,42,39,3,simplified_to_triangle
ABCBABCDADCDCD,True,42,39,3,simplified_to_triangle
ABCBABCDBABCDC,True,42,39,3,simplified_to_triangle
ABCBABCDBACBDB,True,42,39,3,simplified_to_triangle
ABCBABCDBACDCB,True,42,39,3,simplified_to_triangle
ABCBABCDBCABDC,True,42,39,3,simplified_to_triangle
ABCBABCDBCACAD,True,42,39,3,simplified_to_triangle
ABCBABCDBCADBC,True,42,39,3,simplified_to_triangle
ABCBABCDBCBADC,True,42,39,3,simplified_to_triangle
ABCBABCDBCBCAD,True,42,39,3,simplified_to_triangle
ABCBABCDBCBDAC,True,42,39,3,simplified_to_triangle
ABCBABCDBCBDCB,True,42,39,3,simplified_to_triangle
ABCBABCDBCDBAC,True,42,39,3,simplified_to_triangle
ABCBABCDBCDCBC,True,42,39,3,simplified_to_triangle
ABCBABCDBDADCD,True,42,39,3,simplified_to_triangle
ABCBABCDCACADC,True,42,39,3,simplified_to_triangle
ABCBABCDCACDAC,True,42,39,3,simplified_to_triangle
ABCBABCDCADCBC,True,42,39,3,simplified_to_triangle
ABCBABCDCBABDB,True,42,39,3,simplified_to_triangle
ABCBABCDCBCADC,True,42,39,3,simplified_to_triangle
ABCBABCDCBCDAC,True,42,39,3,simplified_to_triangle
ABCBABCDCBCDCB,True,42,39,3,simplified_to_triangle
ABCBABCDCBDCBC,True,42,39,3,simplified_to_triangle
ABCBABCDCDACBC,True,42,39,3,simplified_to_triangle
ABCBABCDCDBCBC,True,42,39,3,simplified_to_triangle
ABCBABCDCDCDBD,True,42,39,3,simplified_to_triangle
ABCBABDABCBABD,True,42,39,3,simplified_to_triangle
ABCBABDABCBADB,True,42,39,3,simplified_to_triangle
ABCBABDACACABD,True,42,39,3,simplified_to_triangle
ABCBABDACACADB,True,42,39,3,simplified_to_triangle
ABCBABDACADCAC,True,42,39,3,simplified_to_triangle
ABCBABDACBCABD,True,42,39,3,simplified_to_triangle
ABCBABDACBCADB,True,42,39,3,simplified_to_triangle
ABCBABDACBCBAD,True,42,39,3,simplified_to_triangle
ABCBABDACBDCBC,True,42,39,3,simplified_to_triangle
ABCBABDACDACAC,True,42,39,3,simplified_to_triangle
ABCBABDACDBCBC,True,42,39,3,simplified_to_triangle
ABCBABDACDCDBD,True,42,39,3,simplified_to_triangle
ABCBABDBACABDB,True,42,39,3,simplified_to_triangle
ABCBABDBCACBDB,True,42,39,3,simplified_to_triangle
ABCBABDBCADCBC,True,42,39,3,simplified_to_triangle
ABCBABDBCBABCD,True,42,39,3,simplified_to_triangle
ABCBABDBCBCBDB,True,42,39,3,simplified_to_triangle
ABCBABDBCBDCAC,True,42,39,3,simplified_to_triangle
ABCBABDBCDACBC,True,42,39,3,simplified_to_triangle
ABCBABDBCDADCD,True,42,39,3,simplified_to_triangle
ABCBABDBCDBCAC,True,42,39,3,simplified_to_triangle
ABCBABDBCDBDCD,True,42,39,3,simplified_to_triangle
ABCBABDCACDCAC,True,42,39,3,simplified_to_triangle
ABCBABDCADCBAC,True,42,39,3,simplified_to_triangle
ABCBABDCBCABCD,True,42,39,3,simplified_to_triangle
ABCBABDCBCBACD,True,42,39,3,simplified_to_triangle
ABCBABDCBCDCAC,True,42,39,3,simplified_to_triangle
ABCBABDCDCACBC,True,42,39,3,simplified_to_triangle
ABCBABDCDCBCBC,True,42,39,3,simplified_to_triangle
ABCBABDCDCDCAD,True,42,39,3,simplified_to_triangle
ABCBACABCBCDCD,True,42,39,3,simplified_to_triangle
ABCBACABCBDCAD,True,42,39,3,simplified_to_triangle
ABCBACABCBDCDC,True,42,39,3,simplified_to_triangle
ABCBACABCDACBD,True,42,39,3,simplified_to_triangle
ABCBACABCDACDC,True,42,39,3,simplified_to_triangle
ABCBACABCDBCAD,True,42,39,3,simplified_to_triangle
ABCBACABCDBCDC,True,42,39,3,simplified_to_triangle
ABCBACABCDCADC,True,42,39,3,simplified_to_triangle
ABCBACABCDCBDC,True,42,39,3,simplified_to_triangle
ABCBACABCDCDAC,True,42,39,3,simplified_to_triangle
ABCBACABCDCDBC,True,42,39,3,simplified_to_triangle
ABCBACABDACBDC,True,42,39,3,simplified_to_triangle
ABCBACABDACDBC,True,42,39,3,simplified_to_triangle
ABCBACABDBCADC,True,42,39,3,simplified_to_triangle
ABCBACABDBCDAC,True,42,39,3,simplified_to_triangle
ABCBACABDCDCAC,True,42,39,3,simplified_to_triangle
ABCBACABDCDCBC,True,42,39,3,simplified_to_triangle
ABCBACACABDACD,True,42,39,3,simplified_to_triangle
ABCBACACABDCDC,True,42,39,3,simplified_to_triangle
ABCBACACADABCD,True,42,39,3,simplified_to_triangle
ABCBACACADBACD,True,42,39,3,simplified_to_triangle
ABCBACACADBCDC,True,42,39,3,simplified_to_triangle
ABCBACACADCABD,True,42,39,3,simplified_to_triangle
ABCBACACADCBAD,True,42,39,3,simplified_to_triangle
ABCBACACBCDCAD,True,42,39,3,simplified_to_triangle
ABCBACACBCDCDC,True,42,39,3,simplified_to_triangle
ABCBACACBDACDC,True,42,39,3,simplified_to_triangle
ABCBACACDABCDC,True,42,39,3,simplified_to_triangle
ABCBACACDACABD,True,42,39,3,simplified_to_triangle
ABCBACACDBACDC,True,42,39,3,simplified_to_triangle
ABCBACACDCABDC,True,42,39,3,simplified_to_triangle
ABCBACACDCACBD,True,42,39,3,simplified_to_triangle
ABCBACACDCADBC,True,42,39,3,simplified_to_triangle
ABCBACACDCBADC,True,42,39,3,simplified_to_triangle
ABCBACACDCBCBD,True,42,39,3,simplified_to_triangle
ABCBACACDCBDAC,True,42,39,3,simplified_to_triangle
ABCBACACDCDCAC,True,42,39,3,simplified_to_triangle
ABCBACADABCBDC,True,42,39,3,simplified_to_triangle
ABCBACADABCDBC,True,42,39,3,simplified_to_triangle
ABCBACADACACDC,True,42,39,3,simplified_to_triangle
ABCBACADACBCDC,True,42,39,3,simplified_to_triangle
ABCBACADBACBDC,True,42,39,3,simplified_to_triangle
ABCBACADBACDBC,True,42,39,3,simplified_to_triangle
ABCBACADBCDCBC,True,42,39,3,simplified_to_triangle
ABCBACADCABDBC,True,42,39,3,simplified_to_triangle
ABCBACADCBABDC,True,42,39,3,simplified_to_triangle
ABCBACADCBADBC,True,42,39,3,simplified_to_triangle
ABCBACBCABCDCD,True,42,39,3,simplified_to_triangle
ABCBACBCABDBCD,True,42,39,3,simplified_to_triangle
ABCBACBCABDCDC,True,42,39,3,simplified_to_triangle
ABCBACBCACDCBD,True,42,39,3,simplified_to_triangle
ABCBACBCACDCDC,True,42,39,3,simplified_to_triangle
ABCBACBCADBCDC,True,42,39,3,simplified_to_triangle
ABCBACBCBABDCD,True,42,39,3,simplified_to_triangle
ABCBACBCBACDCD,True,42,39,3,simplified_to_triangle
ABCBACBCBADBCD,True,42,39,3,simplified_to_triangle
ABCBACBCBADCDC,True,42,39,3,simplified_to_triangle
ABCBACBCBCDCBD,True,42,39,3,simplified_to_triangle
ABCBACBCBDABCD,True,42,39,3,simplified_to_triangle
ABCBACBCBDACDC,True,42,39,3,simplified_to_triangle
ABCBACBCBDBACD,True,42,39,3,simplified_to_triangle
ABCBACBCBDCABD,True,42,39,3,simplified_to_triangle
ABCBACBCBDCBAD,True,42,39,3,simplified_to_triangle
ABCBACBCDABCDC,True,42,39,3,simplified_to_triangle
ABCBACBCDBABCD,True,42,39,3,simplified_to_triangle
ABCBACBCDBACDC,True,42,39,3,simplified_to_triangle
ABCBACBCDBCABD,True,42,39,3,simplified_to_triangle
ABCBACBCDBCBAD,True,42,39,3,simplified_to_triangle
ABCBACBCDCABDC,True,42,39,3,simplified_to_triangle
ABCBACBCDCACAD,True,42,39,3,simplified_to_triangle
ABCBACBCDCADBC,True,42,39,3,simplified_to_triangle
ABCBACBCDCBADC,True,42,39,3,simplified_to_triangle
ABCBACBCDCBCAD,True,42,39,3,simplified_to_triangle
ABCBACBCDCDCBC,True,42,39,3,simplified_to_triangle
ABCBACBDBACADC,True,42,39,3,simplified_to_triangle
ABCBACBDBCACDC,True,42,39,3,simplified_to_triangle
ABCBACBDBCBCDC,True,42,39,3,simplified_to_triangle
ABCBACDADCBDCD,True,42,39,3,simplified_to_triangle
ABCBACDADCDBCD,True,42,39,3,simplified_to_triangle
ABCBACDBDCADCD,True,42,39,3,simplified_to_triangle
ABCBACDBDCDACD,True,42,39,3,simplified_to_triangle
ABCBACDCADCDBD,True,42,39,3,simplified_to_triangle
ABCBACDCADCDCD,True,42,39,3,simplified_to_triangle
ABCBACDCBABCDC,True,42,39,3,simplified_to_triangle
ABCBACDCBDCDCD,True,42,39,3,simplified_to_triangle
ABCBACDCDACDBD,True,42,39,3,simplified_to_triangle
ABCBACDCDACDCD,True,42,39,3,simplified_to_triangle
ABCBACDCDADCDC,True,42,39,3,simplified_to_triangle
ABCBACDCDBCDCD,True,42,39,3,simplified_to_triangle
ABCBACDCDBDCDC,True,42,39,3,simplified_to_triangle
ABCBACDCDCADCD,True,42,39,3,simplified_to_triangle
ABCBACDCDCBDCD,True,42,39,3,simplified_to_triangle
ABCBACDCDCDACD,True,42,39,3,simplified_to_triangle
ABCBACDCDCDBCD,True,42,39,3,simplified_to_triangle
ABCBADABCBCABD,True,42,39,3,simplified_to_triangle
ABCBADABCBCBAD,True,42,39,3,simplified_to_triangle
ABCBADABCDCDBD,True,42,39,3,simplified_to_triangle
ABCBADACACABCD,True,42,39,3,simplified_to_triangle
ABCBADACDCDCBD,True,42,39,3,simplified_to_triangle
ABCBADBACACABD,True,42,39,3,simplified_to_triangle
ABCBADBACBCABD,True,42,39,3,simplified_to_triangle
ABCBADBACDCDBD,True,42,39,3,simplified_to_triangle
ABCBADBCBCABCD,True,42,39,3,simplified_to_triangle
ABCBADBCBCBACD,True,42,39,3,simplified_to_triangle
ABCBADBDCABDCD,True,42,39,3,simplified_to_triangle
ABCBADBDCACDCD,True,42,39,3,simplified_to_triangle
ABCBADBDCADBCD,True,42,39,3,simplified_to_triangle
ABCBADBDCBADCD,True,42,39,3,simplified_to_triangle
ABCBADBDCBDACD,True,42,39,3,simplified_to_triangle
ABCBADBDCDABCD,True,42,39,3,simplified_to_triangle
ABCBADBDCDBACD,True,42,39,3,simplified_to_triangle
ABCBADCABDADCD,True,42,39,3,simplified_to_triangle
ABCBADCADABDCD,True,42,39,3,simplified_to_triangle
ABCBADCADBADCD,True,42,39,3,simplified_to_triangle
ABCBADCADBDACD,True,42,39,3,simplified_to_triangle
ABCBADCADCADCD,True,42,39,3,simplified_to_triangle
ABCBADCADCDACD,True,42,39,3,simplified_to_triangle
ABCBADCBADBDCD,True,42,39,3,simplified_to_triangle
ABCBADCBDABDCD,True,42,39,3,simplified_to_triangle
ABCBADCBDADBCD,True,42,39,3,simplified_to_triangle
ABCBADCBDBADCD,True,42,39,3,simplified_to_triangle
ABCBADCBDCBDCD,True,42,39,3,simplified_to_triangle
ABCBADCBDCDBCD,True,42,39,3,simplified_to_triangle
ABCBADCDACADCD,True,42,39,3,simplified_to_triangle
ABCBADCDBABDCD,True,42,39,3,simplified_to_triangle
ABCBADCDBCBDCD,True,42,39,3,simplified_to_triangle
ABCBADCDCACDCD,True,42,39,3,simplified_to_triangle
ABCBADCDCBCDCD,True,42,39,3,simplified_to_triangle
ABCBCABCBDACBD,True,42,39,3,simplified_to_triangle
ABCBCABCBDACDB,True,42,39,3,simplified_to_triangle
ABCBCABCBDACDC,True,42,39,3,simplified_to_triangle
ABCBCABCBDBCAD,True,42,39,3,simplified_to_triangle
ABCBCABCBDBCDC,True,42,39,3,simplified_to_triangle
ABCBCABCBDCADC,True,42,39,3,simplified_to_triangle
ABCBCABCBDCBDC,True,42,39,3,simplified_to_triangle
ABCBCABCBDCDBC,True,42,39,3,simplified_to_triangle
ABCBCABCDABCBD,True,42,39,3,simplified_to_triangle
ABCBCABCDABCDB,True,42,39,3,simplified_to_triangle
ABCBCABCDACACD,True,42,39,3,simplified_to_triangle
ABCBCABCDACBCD,True,42,39,3,simplified_to_triangle
ABCBCABCDACDBC,True,42,39,3,simplified_to_triangle
ABCBCABCDACDCB,True,42,39,3,simplified_to_triangle
ABCBCABCDBACBD,True,42,39,3,simplified_to_triangle
ABCBCABCDBACDB,True,42,39,3,simplified_to_triangle
ABCBCABCDBACDC,True,42,39,3,simplified_to_triangle
ABCBCABCDBCBDC,True,42,39,3,simplified_to_triangle
ABCBCABCDBCDBC,True,42,39,3,simplified_to_triangle
ABCBCABCDCABDB,True,42,39,3,simplified_to_triangle
ABCBCABCDCABDC,True,42,39,3,simplified_to_triangle
ABCBCABCDCADBC,True,42,39,3,simplified_to_triangle
ABCBCABCDCBABD,True,42,39,3,simplified_to_triangle
ABCBCABCDCBADB,True,42,39,3,simplified_to_triangle
ABCBCABCDCBCDC,True,42,39,3,simplified_to_triangle
ABCBCABCDCBDBC,True,42,39,3,simplified_to_triangle
ABCBCABDACACAD,True,42,39,3,simplified_to_triangle
ABCBCABDACADAC,True,42,39,3,simplified_to_triangle
ABCBCABDACBCAD,True,42,39,3,simplified_to_triangle
ABCBCABDACBDBC,True,42,39,3,simplified_to_triangle
ABCBCABDBABCDC,True,42,39,3,simplified_to_triangle
ABCBCABDBACABD,True,42,39,3,simplified_to_triangle
ABCBCABDBACADB,True,42,39,3,simplified_to_triangle
ABCBCABDBCABDC,True,42,39,3,simplified_to_triangle
ABCBCABDBCACBD,True,42,39,3,simplified_to_triangle
ABCBCABDBCACDB,True,42,39,3,simplified_to_triangle
ABCBCABDBCADBC,True,42,39,3,simplified_to_triangle
ABCBCABDBCBADC,True,42,39,3,simplified_to_triangle
ABCBCABDBCBCBD,True,42,39,3,simplified_to_triangle
ABCBCABDBCBCDB,True,42,39,3,simplified_to_triangle
ABCBCABDBCBDAC,True,42,39,3,simplified_to_triangle
ABCBCABDBCDBAC,True,42,39,3,simplified_to_triangle
ABCBCABDCACADC,True,42,39,3,simplified_to_triangle
ABCBCABDCACDAC,True,42,39,3,simplified_to_triangle
ABCBCABDCBCADC,True,42,39,3,simplified_to_triangle
ABCBCABDCBCDAC,True,42,39,3,simplified_to_triangle
ABCBCABDCDCBAC,True,42,39,3,simplified_to_triangle
ABCBCACABCDACD,True,42,39,3,simplified_to_triangle
ABCBCACABDCBDC,True,42,39,3,simplified_to_triangle
ABCBCACABDCDBC,True,42,39,3,simplified_to_triangle
ABCBCACACBDCBD,True,42,39,3,simplified_to_triangle
ABCBCACACBDCDB,True,42,39,3,simplified_to_triangle
ABCBCACACDACAD,True,42,39,3,simplified_to_triangle
ABCBCACACDBCBD,True,42,39,3,simplified_to_triangle
ABCBCACACDBCDB,True,42,39,3,simplified_to_triangle
ABCBCACACDCACD,True,42,39,3,simplified_to_triangle
ABCBCACACDCBCD,True,42,39,3,simplified_to_triangle
ABCBCACADACADC,True,42,39,3,simplified_to_triangle
ABCBCACADACDAC,True,42,39,3,simplified_to_triangle
ABCBCACADBCBDC,True,42,39,3,simplified_to_triangle
ABCBCACADBCDBC,True,42,39,3,simplified_to_triangle
ABCBCACADCACDC,True,42,39,3,simplified_to_triangle
ABCBCACADCADCB,True,42,39,3,simplified_to_triangle
ABCBCACADCBCDC,True,42,39,3,simplified_to_triangle
ABCBCACBCACDCD,True,42,39,3,simplified_to_triangle
ABCBCACBCADCBD,True,42,39,3,simplified_to_triangle
ABCBCACBCADCDB,True,42,39,3,simplified_to_triangle
ABCBCACBCADCDC,True,42,39,3,simplified_to_triangle
ABCBCACBCBCDCD,True,42,39,3,simplified_to_triangle
ABCBCACBCBDCAD,True,42,39,3,simplified_to_triangle
ABCBCACBCBDCDC,True,42,39,3,simplified_to_triangle
ABCBCACBCDACBD,True,42,39,3,simplified_to_triangle
ABCBCACBCDACDB,True,42,39,3,simplified_to_triangle
ABCBCACBCDACDC,True,42,39,3,simplified_to_triangle
ABCBCACBCDBCAD,True,42,39,3,simplified_to_triangle
ABCBCACBCDBCDC,True,42,39,3,simplified_to_triangle
ABCBCACBCDCADC,True,42,39,3,simplified_to_triangle
ABCBCACBCDCBDC,True,42,39,3,simplified_to_triangle
ABCBCACBCDCDAC,True,42,39,3,simplified_to_triangle
ABCBCACBCDCDBC,True,42,39,3,simplified_to_triangle
ABCBCACBDACBDC,True,42,39,3,simplified_to_triangle
ABCBCACBDACDBC,True,42,39,3,simplified_to_triangle
ABCBCACBDBCADC,True,42,39,3,simplified_to_triangle
ABCBCACBDBCDAC,True,42,39,3,simplified_to_triangle
ABCBCACBDCBDCB,True,42,39,3,simplified_to_triangle
ABCBCACBDCDBCB,True,42,39,3,simplified_to_triangle
ABCBCACBDCDCAC,True,42,39,3,simplified_to_triangle
ABCBCACBDCDCBC,True,42,39,3,simplified_to_triangle
ABCBCACDABCBDC,True,42,39,3,simplified_to_triangle
ABCBCACDABCDBC,True,42,39,3,simplified_to_triangle
ABCBCACDACACDC,True,42,39,3,simplified_to_triangle
ABCBCACDACADCB,True,42,39,3,simplified_to_triangle
ABCBCACDACBCDC,True,42,39,3,simplified_to_triangle
ABCBCACDBACBDC,True,42,39,3,simplified_to_triangle
ABCBCACDBACDBC,True,42,39,3,simplified_to_triangle
ABCBCACDBCBDCB,True,42,39,3,simplified_to_triangle
ABCBCACDBCDBCB,True,42,39,3,simplified_to_triangle
ABCBCACDBCDCAC,True,42,39,3,simplified_to_triangle
ABCBCACDBCDCBC,True,42,39,3,simplified_to_triangle
ABCBCACDCABDBC,True,42,39,3,simplified_to_triangle
ABCBCACDCACDCB,True,42,39,3,simplified_to_triangle
ABCBCACDCBABDC,True,42,39,3,simplified_to_triangle
ABCBCACDCBADBC,True,42,39,3,simplified_to_triangle
ABCBCACDCBCDCB,True,42,39,3,simplified_to_triangle
ABCBCACDCBDBAC,True,42,39,3,simplified_to_triangle
ABCBCACDCDCBAC,True,42,39,3,simplified_to_triangle
ABCBCADABCBCAD,True,42,39,3,simplified_to_triangle
ABCBCADABCBDBC,True,42,39,3,simplified_to_triangle
ABCBCADABCDCAC,True,42,39,3,simplified_to_triangle
ABCBCADABDADCD,True,42,39,3,simplified_to_triangle
ABCBCADACACBDC,True,42,39,3,simplified_to_triangle
ABCBCADACACDBC,True,42,39,3,simplified_to_triangle
ABCBCADACADCAC,True,42,39,3,simplified_to_triangle
ABCBCADACBCBDC,True,42,39,3,simplified_to_triangle
ABCBCADACBCDBC,True,42,39,3,simplified_to_triangle
ABCBCADACDACAC,True,42,39,3,simplified_to_triangle
ABCBCADBACACAD,True,42,39,3,simplified_to_triangle
ABCBCADBACADAC,True,42,39,3,simplified_to_triangle
ABCBCADBACBCAD,True,42,39,3,simplified_to_triangle
ABCBCADBACBDBC,True,42,39,3,simplified_to_triangle
ABCBCADBCACADC,True,42,39,3,simplified_to_triangle
ABCBCADBCACDAC,True,42,39,3,simplified_to_triangle
ABCBCADBCBCADC,True,42,39,3,simplified_to_triangle
ABCBCADBCBCDAC,True,42,39,3,simplified_to_triangle
ABCBCADBCDACAC,True,42,39,3,simplified_to_triangle
ABCBCADBCDCBAC,True,42,39,3,simplified_to_triangle
ABCBCADBDADCDC,True,42,39,3,simplified_to_triangle
ABCBCADBDCDCAD,True,42,39,3,simplified_to_triangle
ABCBCADBDCDCDC,True,42,39,3,simplified_to_triangle
ABCBCADCABCBCD,True,42,39,3,simplified_to_triangle
ABCBCADCACDCAC,True,42,39,3,simplified_to_triangle
ABCBCADCADACAC,True,42,39,3,simplified_to_triangle
ABCBCADCADCBCB,True,42,39,3,simplified_to_triangle
ABCBCADCBABCBD,True,42,39,3,simplified_to_triangle
ABCBCADCBABCDB,True,42,39,3,simplified_to_triangle
ABCBCADCBABDBC,True,42,39,3,simplified_to_triangle
ABCBCADCBACBCD,True,42,39,3,simplified_to_triangle
ABCBCADCBADCAC,True,42,39,3,simplified_to_triangle
ABCBCADCBDACAC,True,42,39,3,simplified_to_triangle
ABCBCADCDACBCB,True,42,39,3,simplified_to_triangle
ABCBCADCDADBDC,True,42,39,3,simplified_to_triangle
ABCBCADCDADCBD,True,42,39,3,simplified_to_triangle
ABCBCADCDADCDB,True,42,39,3,simplified_to_triangle
ABCBCADCDBDADC,True,42,39,3,simplified_to_triangle
ABCBCADCDBDCBD,True,42,39,3,simplified_to_triangle
ABCBCADCDBDCDB,True,42,39,3,simplified_to_triangle
ABCBCADCDCDADC,True,42,39,3,simplified_to_triangle
ABCBCBABCDCADC,True,42,39,3,simplified_to_triangle
ABCBCBABCDCDAC,True,42,39,3,simplified_to_triangle
ABCBCBABDABCDC,True,42,39,3,simplified_to_triangle
ABCBCBABDACABD,True,42,39,3,simplified_to_triangle
ABCBCBABDACADB,True,42,39,3,simplified_to_triangle
ABCBCBABDBACDC,True,42,39,3,simplified_to_triangle
ABCBCBABDBCBDB,True,42,39,3,simplified_to_triangle
ABCBCBABDCABDC,True,42,39,3,simplified_to_triangle
ABCBCBABDCACBD,True,42,39,3,simplified_to_triangle
ABCBCBABDCACDB,True,42,39,3,simplified_to_triangle
ABCBCBABDCADBC,True,42,39,3,simplified_to_triangle
ABCBCBABDCBADC,True,42,39,3,simplified_to_triangle
ABCBCBABDCBCBD,True,42,39,3,simplified_to_triangle
ABCBCBABDCBCDB,True,42,39,3,simplified_to_triangle
ABCBCBABDCBDAC,True,42,39,3,simplified_to_triangle
ABCBCBABDCDBAC,True,42,39,3,simplified_to_triangle
ABCBCBACABCDCD,True,42,39,3,simplified_to_triangle
ABCBCBACABDCBD,True,42,39,3,simplified_to_triangle
ABCBCBACADACAD,True,42,39,3,simplified_to_triangle
ABCBCBACADBCBD,True,42,39,3,simplified_to_triangle
ABCBCBACADCACD,True,42,39,3,simplified_to_triangle
ABCBCBACADCBCD,True,42,39,3,simplified_to_triangle
ABCBCBACBDACBD,True,42,39,3,simplified_to_triangle
ABCBCBACBDACDC,True,42,39,3,simplified_to_triangle
ABCBCBACBDBCAD,True,42,39,3,simplified_to_triangle
ABCBCBACBDBCDC,True,42,39,3,simplified_to_triangle
ABCBCBACBDCADC,True,42,39,3,simplified_to_triangle
ABCBCBACBDCBDC,True,42,39,3,simplified_to_triangle
ABCBCBACBDCDBC,True,42,39,3,simplified_to_triangle
ABCBCBACDABCBD,True,42,39,3,simplified_to_triangle
ABCBCBACDACACD,True,42,39,3,simplified_to_triangle
ABCBCBACDACBCD,True,42,39,3,simplified_to_triangle
ABCBCBACDBACBD,True,42,39,3,simplified_to_triangle
ABCBCBACDBACDC,True,42,39,3,simplified_to_triangle
ABCBCBACDBCBDC,True,42,39,3,simplified_to_triangle
ABCBCBACDCBABD,True,42,39,3,simplified_to_triangle
ABCBCBACDCBCDC,True,42,39,3,simplified_to_triangle
ABCBCBADACACAD,True,42,39,3,simplified_to_triangle
ABCBCBADACBCAD,True,42,39,3,simplified_to_triangle
ABCBCBADBACABD,True,42,39,3,simplified_to_triangle
ABCBCBADBCACBD,True,42,39,3,simplified_to_triangle
ABCBCBADBCBCBD,True,42,39,3,simplified_to_triangle
ABCBCBDABCBCBD,True,42,39,3,simplified_to_triangle
ABCBCBDABCBCDB,True,42,39,3,simplified_to_triangle
ABCBCBDABCBDAC,True,42,39,3,simplified_to_triangle
ABCBCBDABCDBAC,True,42,39,3,simplified_to_triangle
ABCBCBDACACADC,True,42,39,3,simplified_to_triangle
ABCBCBDACACDAC,True,42,39,3,simplified_to_triangle
ABCBCBDACBCADC,True,42,39,3,simplified_to_triangle
ABCBCBDACBCDAC,True,42,39,3,simplified_to_triangle
ABCBCBDACDBCAC,True,42,39,3,simplified_to_triangle
ABCBCBDACDCBAC,True,42,39,3,simplified_to_triangle
ABCBCBDADCDCAD,True,42,39,3,simplified_to_triangle
ABCBCBDADCDCDC,True,42,39,3,simplified_to_triangle
ABCBCBDBABCBDB,True,42,39,3,simplified_to_triangle
ABCBCBDBACABDC,True,42,39,3,simplified_to_triangle
ABCBCBDBACACBD,True,42,39,3,simplified_to_triangle
ABCBCBDBACACDB,True,42,39,3,simplified_to_triangle
ABCBCBDBACADBC,True,42,39,3,simplified_to_triangle
ABCBCBDBACBCBD,True,42,39,3,simplified_to_triangle
ABCBCBDBACBCDB,True,42,39,3,simplified_to_triangle
ABCBCBDBACBDAC,True,42,39,3,simplified_to_triangle
ABCBCBDBACDBAC,True,42,39,3,simplified_to_triangle
ABCBCBDBACDCAC,True,42,39,3,simplified_to_triangle
ABCBCBDBADBDCD,True,42,39,3,simplified_to_triangle
ABCBCBDBCACBDC,True,42,39,3,simplified_to_triangle
ABCBCBDBCACDBC,True,42,39,3,simplified_to_triangle
ABCBCBDBCBABDB,True,42,39,3,simplified_to_triangle
ABCBCBDBCBCBDC,True,42,39,3,simplified_to_triangle
ABCBCBDBCBCDBC,True,42,39,3,simplified_to_triangle
ABCBCBDBCBDCAC,True,42,39,3,simplified_to_triangle
ABCBCBDBCDBCAC,True,42,39,3,simplified_to_triangle
ABCBCBDCABDBAC,True,42,39,3,simplified_to_triangle
ABCBCBDCABDCAC,True,42,39,3,simplified_to_triangle
ABCBCBDCACABDB,True,42,39,3,simplified_to_triangle
ABCBCBDCADBCAC,True,42,39,3,simplified_to_triangle
ABCBCBDCBABDAC,True,42,39,3,simplified_to_triangle
ABCBCBDCBACACD,True,42,39,3,simplified_to_triangle
ABCBCBDCBADBAC,True,42,39,3,simplified_to_triangle
ABCBCBDCBCABDB,True,42,39,3,simplified_to_triangle
ABCBCBDCBCBABD,True,42,39,3,simplified_to_triangle
ABCBCBDCBCBADB,True,42,39,3,simplified_to_triangle
ABCBCBDCBCDCAC,True,42,39,3,simplified_to_triangle
ABCBCBDCBDBCAC,True,42,39,3,simplified_to_triangle
ABCBCBDCBDCBCB,True,42,39,3,simplified_to_triangle
ABCBCBDCDADCAD,True,42,39,3,simplified_to_triangle
ABCBCBDCDBCBCB,True,42,39,3,simplified_to_triangle
ABCBCBDCDBDCAD,True,42,39,3,simplified_to_triangle
ABCBCBDCDCBDCD,True,42,39,3,simplified_to_triangle
ABCBCBDCDCDADC,True,42,39,3,simplified_to_triangle
ABCBCBDCDCDBCD,True,42,39,3,simplified_to_triangle
ABCBCDABCBCDAC,True,42,39,3,simplified_to_triangle
ABCBCDABCDACAC,True,42,39,3,simplified_to_triangle
ABCBCDABCDCBAC,True,42,39,3,simplified_to_triangle
ABCBCDABCDCDCD,True,42,35,7,visual_inspection
ABCBCDABDADCDC,True,42,39,3,simplified_to_triangle
ABCBCDABDCDCAD,True,42,39,3,simplified_to_triangle
ABCBCDABDCDCDC,True,42,39,3,simplified_to_triangle
ABCBCDACACDCAC,True,42,39,3,simplified_to_triangle
ABCBCDACADACAC,True,42,39,3,simplified_to_triangle
ABCBCDACADCBCB,True,42,39,3,simplified_to_triangle
ABCBCDACBCBCAD,True,42,39,3,simplified_to_triangle
ABCBCDACDADBDC,True,42,39,3,simplified_to_triangle
ABCBCDACDADCBD,True,42,39,3,simplified_to_triangle
ABCBCDACDADCDB,True,42,39,3,simplified_to_triangle
ABCBCDACDBDADC,True,42,39,3,simplified_to_triangle
ABCBCDACDBDCBD,True,42,39,3,simplified_to_triangle
ABCBCDACDBDCDB,True,42,39,3,simplified_to_triangle
ABCBCDACDCDADC,True,42,39,3,simplified_to_triangle
ABCBCDADBADACD,True,42,39,3,simplified_to_triangle
ABCBCDADBADCDC,True,42,39,3,simplified_to_triangle
ABCBCDADBCDCAD,True,42,39,3,simplified_to_triangle
ABCBCDADBCDCDC,True,42,39,3,simplified_to_triangle
ABCBCDADBDACDC,True,42,39,3,simplified_to_triangle
ABCBCDADBDCBDB,True,42,39,3,simplified_to_triangle
ABCBCDADCDCADC,True,42,39,3,simplified_to_triangle
ABCBCDADCDCDAC,True,42,39,3,simplified_to_triangle
ABCBCDBABCBCDB,True,42,39,3,simplified_to_triangle
ABCBCDBABCBDAC,True,42,39,3,simplified_to_triangle
ABCBCDBABCDBAC,True,42,39,3,simplified_to_triangle
ABCBCDBACACADC,True,42,39,3,simplified_to_triangle
ABCBCDBACACDAC,True,42,39,3,simplified_to_triangle
ABCBCDBACBCADC,True,42,39,3,simplified_to_triangle
ABCBCDBACBCDAC,True,42,39,3,simplified_to_triangle
ABCBCDBACDBCAC,True,42,39,3,simplified_to_triangle
ABCBCDBACDCBAC,True,42,39,3,simplified_to_triangle
ABCBCDBADCDCAD,True,42,39,3,simplified_to_triangle
ABCBCDBADCDCDC,True,42,39,3,simplified_to_triangle
ABCBCDBCABDBAC,True,42,39,3,simplified_to_triangle
ABCBCDBCACABDB,True,42,39,3,simplified_to_triangle
ABCBCDBCBABDAC,True,42,39,3,simplified_to_triangle
ABCBCDBCBACACD,True,42,39,3,simplified_to_triangle
ABCBCDBCBADBAC,True,42,39,3,simplified_to_triangle
ABCBCDBCBCABDB,True,42,39,3,simplified_to_triangle
ABCBCDBCBCDCAC,True,42,39,3,simplified_to_triangle
ABCBCDBCBDBCAC,True,42,39,3,simplified_to_triangle
ABCBCDBCBDCBCB,True,42,39,3,simplified_to_triangle
ABCBCDBCDADCAD,True,42,39,3,simplified_to_triangle
ABCBCDBCDBDCAD,True,42,39,3,simplified_to_triangle
ABCBCDBCDCBDCD,True,42,39,3,simplified_to_triangle
ABCBCDBCDCDADC,True,42,39,3,simplified_to_triangle
ABCBCDBCDCDBCD,True,42,39,3,simplified_to_triangle
ABCBCDBDABDBCD,True,42,39,3,simplified_to_triangle
ABCBCDBDACDCAD,True,42,39,3,simplified_to_triangle
ABCBCDBDACDCDC,True,42,39,3,simplified_to_triangle
ABCBCDBDADCBDB,True,42,39,3,simplified_to_triangle
ABCBCDCABCBCDC,True,42,39,3,simplified_to_triangle
ABCBCDCABDBCAC,True,42,39,3,simplified_to_triangle
ABCBCDCABDCBAC,True,42,39,3,simplified_to_triangle
ABCBCDCACABCBD,True,42,39,3,simplified_to_triangle
ABCBCDCACABCDB,True,42,39,3,simplified_to_triangle
ABCBCDCACABDAC,True,42,39,3,simplified_to_triangle
ABCBCDCACACBCD,True,42,39,3,simplified_to_triangle
ABCBCDCACADBAC,True,42,39,3,simplified_to_triangle
ABCBCDCACADCAC,True,42,39,3,simplified_to_triangle
ABCBCDCACBCBCD,True,42,39,3,simplified_to_triangle
ABCBCDCACDACAC,True,42,39,3,simplified_to_triangle
ABCBCDCACDCBCB,True,42,39,3,simplified_to_triangle
ABCBCDCADBCBAC,True,42,39,3,simplified_to_triangle
ABCBCDCADCBCAC,True,42,39,3,simplified_to_triangle
ABCBCDCADCBCBC,True,42,39,3,simplified_to_triangle
ABCBCDCADCDADC,True,42,39,3,simplified_to_triangle
ABCBCDCADCDCAD,True,42,39,3,simplified_to_triangle
ABCBCDCBABCBDC,True,42,39,3,simplified_to_triangle
ABCBCDCBABCDBC,True,42,39,3,simplified_to_triangle
ABCBCDCBACBCDC,True,42,39,3,simplified_to_triangle
ABCBCDCBADACAC,True,42,39,3,simplified_to_triangle
ABCBCDCBADCBAC,True,42,39,3,simplified_to_triangle
ABCBCDCBCABDAC,True,42,39,3,simplified_to_triangle
ABCBCDCBCACACD,True,42,39,3,simplified_to_triangle
ABCBCDCBCADBAC,True,42,39,3,simplified_to_triangle
ABCBCDCBCBACAD,True,42,39,3,simplified_to_triangle
ABCBCDCBCBCACD,True,42,39,3,simplified_to_triangle
ABCBCDCBCBDCAC,True,42,39,3,simplified_to_triangle
ABCBCDCBCDBCAC,True,42,39,3,simplified_to_triangle
ABCBCDCBCDBDCD,True,42,39,3,simplified_to_triangle
ABCBCDCBCDCBCB,True,42,39,3,simplified_to_triangle
ABCBCDCBDCACBC,True,42,39,3,simplified_to_triangle
ABCBCDCBDCADCD,True,42,39,3,simplified_to_triangle
ABCBCDCBDCDACD,True,42,39,3,simplified_to_triangle
ABCBCDCBDCDADC,True,42,39,3,simplified_to_triangle
ABCBCDCDACBCAC,True,42,39,3,simplified_to_triangle
ABCBCDCDACDADC,True,42,39,3,simplified_to_triangle
ABCBCDCDACDCAD,True,42,39,3,simplified_to_triangle
ABCBCDCDADCBDC,True,42,39,3,simplified_to_triangle
ABCBCDCDADCDBC,True,42,39,3,simplified_to_triangle
ABCBCDCDBCACBC,True,42,39,3,simplified_to_triangle
ABCBCDCDBCADCD,True,42,39,3,simplified_to_triangle
ABCBCDCDBCDACD,True,42,39,3,simplified_to_triangle
ABCBCDCDBCDADC,True,42,39,3,simplified_to_triangle
ABCBCDCDBDCBCD,True,42,39,3,simplified_to_triangle
ABCBCDCDBDCBDC,True,42,39,3,simplified_to_triangle
ABCBCDCDBDCDBC,True,42,39,3,simplified_to_triangle
ABCBCDCDCBCBAC,True,42,39,3,simplified_to_triangle
ABCBDABCDCACBC,True,42,39,3,simplified_to_triangle
ABCBDABCDCBCBC,True,42,39,3,simplified_to_triangle
ABCBDABCDCDCAD,True,42,39,3,simplified_to_triangle
ABCBDABDCABDCD,True,42,39,3,simplified_to_triangle
ABCBDABDCACDCD,True,42,39,3,simplified_to_triangle
ABCBDABDCADBCD,True,42,39,3,simplified_to_triangle
ABCBDABDCADCDC,True,42,39,3,simplified_to_triangle
ABCBDABDCBADCD,True,42,39,3,simplified_to_triangle
ABCBDABDCBDACD,True,42,39,3,simplified_to_triangle
ABCBDABDCDABCD,True,42,39,3,simplified_to_triangle
ABCBDABDCDACDC,True,42,39,3,simplified_to_triangle
ABCBDABDCDBACD,True,42,39,3,simplified_to_triangle
ABCBDABDCDCABD,True,42,39,3,simplified_to_triangle
ABCBDABDCDCADB,True,42,39,3,simplified_to_triangle
ABCBDABDCDCBAD,True,42,39,3,simplified_to_triangle
ABCBDABDCDCDCB,True,42,39,3,simplified_to_triangle
ABCBDACABDACAC,True,42,39,3,simplified_to_triangle
ABCBDACABDADCD,True,42,39,3,simplified_to_triangle
ABCBDACABDBCBC,True,42,39,3,simplified_to_triangle
ABCBDACABDCDBD,True,42,39,3,simplified_to_triangle
ABCBDACADABDCD,True,42,39,3,simplified_to_triangle
ABCBDACADBACAC,True,42,39,3,simplified_to_triangle
ABCBDACADBADCD,True,42,39,3,simplified_to_triangle
ABCBDACADBCDBD,True,42,39,3,simplified_to_triangle
ABCBDACADBDACD,True,42,39,3,simplified_to_triangle
ABCBDACADCADCD,True,42,39,3,simplified_to_triangle
ABCBDACADCDACD,True,42,39,3,simplified_to_triangle
ABCBDACADCDBDC,True,42,39,3,simplified_to_triangle
ABCBDACADCDCDC,True,42,39,3,simplified_to_triangle
ABCBDACBDABDCD,True,42,39,3,simplified_to_triangle
ABCBDACBDACDBD,True,42,39,3,simplified_to_triangle
ABCBDACBDADBCD,True,42,39,3,simplified_to_triangle
ABCBDACBDBACBC,True,42,39,3,simplified_to_triangle
ABCBDACBDBADCD,True,42,39,3,simplified_to_triangle
ABCBDACBDCBDCD,True,42,39,3,simplified_to_triangle
ABCBDACBDCDADC,True,42,39,3,simplified_to_triangle
ABCBDACBDCDBCD,True,42,39,3,simplified_to_triangle
ABCBDACBDCDCDC,True,42,39,3,simplified_to_triangle
ABCBDACDABCDBD,True,42,39,3,simplified_to_triangle
ABCBDACDABDACD,True,42,39,3,simplified_to_triangle
ABCBDACDABDBCD,True,42,39,3,simplified_to_triangle
ABCBDACDACADCD,True,42,39,3,simplified_to_triangle
ABCBDACDACDACD,True,42,39,3,simplified_to_triangle
ABCBDACDACDBDC,True,42,39,3,simplified_to_triangle
ABCBDACDACDCDC,True,42,39,3,simplified_to_triangle
ABCBDACDADBACD,True,42,39,3,simplified_to_triangle
ABCBDACDADBDCB,True,42,39,3,simplified_to_triangle
ABCBDACDADCBDB,True,42,39,3,simplified_to_triangle
ABCBDACDBABDCD,True,42,39,3,simplified_to_triangle
ABCBDACDBACDBD,True,42,39,3,simplified_to_triangle
ABCBDACDBADACD,True,42,39,3,simplified_to_triangle
ABCBDACDBADBCD,True,42,39,3,simplified_to_triangle
ABCBDACDBCBDCD,True,42,39,3,simplified_to_triangle
ABCBDACDBCDADC,True,42,39,3,simplified_to_triangle
ABCBDACDBCDBCD,True,42,39,3,simplified_to_triangle
ABCBDACDBCDCDC,True,42,39,3,simplified_to_triangle
ABCBDACDBDABCD,True,42,39,3,simplified_to_triangle
ABCBDACDBDADCB,True,42,39,3,simplified_to_triangle
ABCBDACDBDCBDB,True,42,39,3,simplified_to_triangle
ABCBDACDCACDBD,True,42,39,3,simplified_to_triangle
ABCBDACDCACDCD,True,42,39,3,simplified_to_triangle
ABCBDACDCADCDC,True,42,39,3,simplified_to_triangle
ABCBDACDCBACBC,True,42,39,3,simplified_to_triangle
ABCBDACDCBCDCD,True,42,39,3,simplified_to_triangle
ABCBDACDCBDCDC,True,42,39,3,simplified_to_triangle
ABCBDACDCDACDC,True,42,39,3,simplified_to_triangle
ABCBDACDCDADCB,True,42,39,3,simplified_to_triangle
ABCBDACDCDBCDC,True,42,39,3,simplified_to_triangle
ABCBDADBCABDCD,True,42,39,3,simplified_to_triangle
ABCBDADBCACDCD,True,42,39,3,simplified_to_triangle
ABCBDADBCADBCD,True,42,39,3,simplified_to_triangle
ABCBDADBCADCDC,True,42,39,3,simplified_to_triangle
ABCBDADBCBADCD,True,42,39,3,simplified_to_triangle
ABCBDADBCBDACD,True,42,39,3,simplified_to_triangle
ABCBDADBCDABCD,True,42,39,3,simplified_to_triangle
ABCBDADBCDACDC,True,42,39,3,simplified_to_triangle
ABCBDADBCDBACD,True,42,39,3,simplified_to_triangle
ABCBDADBCDCABD,True,42,39,3,simplified_to_triangle
ABCBDADBCDCADB,True,42,39,3,simplified_to_triangle
ABCBDADBCDCBAD,True,42,39,3,simplified_to_triangle
ABCBDADBCDCDCB,True,42,39,3,simplified_to_triangle
ABCBDADBDACDCB,True,42,39,3,simplified_to_triangle
ABCBDADCACBDCD,True,42,39,3,simplified_to_triangle
ABCBDADCACDBCD,True,42,39,3,simplified_to_triangle
ABCBDADCADCADC,True,42,39,3,simplified_to_triangle
ABCBDADCADCDAC,True,42,39,3,simplified_to_triangle
ABCBDADCBCADCD,True,42,39,3,simplified_to_triangle
ABCBDADCBCDACD,True,42,39,3,simplified_to_triangle
ABCBDADCBDCBDC,True,42,39,3,simplified_to_triangle
ABCBDADCBDCDBC,True,42,39,3,simplified_to_triangle
ABCBDADCDACADC,True,42,39,3,simplified_to_triangle
ABCBDADCDACDAC,True,42,39,3,simplified_to_triangle
ABCBDADCDBCBDC,True,42,39,3,simplified_to_triangle
ABCBDADCDBCDBC,True,42,39,3,simplified_to_triangle
ABCBDADCDCACDC,True,42,39,3,simplified_to_triangle
ABCBDADCDCADCB,True,42,39,3,simplified_to_triangle
ABCBDADCDCBCDC,True,42,39,3,simplified_to_triangle
ABCBDBABCBDCAC,True,42,39,3,simplified_to_triangle
ABCBDBABCDACBC,True,42,39,3,simplified_to_triangle
ABCBDBABCDADCD,True,42,39,3,simplified_to_triangle
ABCBDBABCDBCAC,True,42,39,3,simplified_to_triangle
ABCBDBABCDBDCD,True,42,39,3,simplified_to_triangle
ABCBDBACACADCB,True,42,39,3,simplified_to_triangle
ABCBDBACACDCAC,True,42,39,3,simplified_to_triangle
ABCBDBACADCBAC,True,42,39,3,simplified_to_triangle
ABCBDBACBCABCD,True,42,39,3,simplified_to_triangle
ABCBDBACBCADCB,True,42,39,3,simplified_to_triangle
ABCBDBACBCDCAC,True,42,39,3,simplified_to_triangle
ABCBDBACDCACBC,True,42,39,3,simplified_to_triangle
ABCBDBACDCBCBC,True,42,39,3,simplified_to_triangle
ABCBDBACDCDCAD,True,42,39,3,simplified_to_triangle
ABCBDBADBDCACD,True,42,39,3,simplified_to_triangle
ABCBDBADBDCBCD,True,42,39,3,simplified_to_triangle
ABCBDBADCABDCD,True,42,39,3,simplified_to_triangle
ABCBDBADCACDCD,True,42,39,3,simplified_to_triangle
ABCBDBADCADBCD,True,42,39,3,simplified_to_triangle
ABCBDBADCADCDC,True,42,39,3,simplified_to_triangle
ABCBDBADCBADCD,True,42,39,3,simplified_to_triangle
ABCBDBADCBDACD,True,42,39,3,simplified_to_triangle
ABCBDBADCDABCD,True,42,39,3,simplified_to_triangle
ABCBDBADCDACDC,True,42,39,3,simplified_to_triangle
ABCBDBADCDBACD,True,42,39,3,simplified_to_triangle
ABCBDBADCDCABD,True,42,39,3,simplified_to_triangle
ABCBDBADCDCADB,True,42,39,3,simplified_to_triangle
ABCBDBADCDCBAD,True,42,39,3,simplified_to_triangle
ABCBDBADCDCDCB,True,42,39,3,simplified_to_triangle
ABCBDBCABDACBC,True,42,39,3,simplified_to_triangle
ABCBDBCABDBCAC,True,42,39,3,simplified_to_triangle
ABCBDBCACDCBAC,True,42,39,3,simplified_to_triangle
ABCBDBCADACDBD,True,42,39,3,simplified_to_triangle
ABCBDBCADBACBC,True,42,39,3,simplified_to_triangle
ABCBDBCADCDADC,True,42,39,3,simplified_to_triangle
ABCBDBCBABDCAC,True,42,39,3,simplified_to_triangle
ABCBDBCBACACBD,True,42,39,3,simplified_to_triangle
ABCBDBCBACBCAD,True,42,39,3,simplified_to_triangle
ABCBDBCBCDCBAC,True,42,39,3,simplified_to_triangle
ABCBDBCBDBACAC,True,42,39,3,simplified_to_triangle
ABCBDBCBDBCDBD,True,42,39,3,simplified_to_triangle
ABCBDBCBDCDBDC,True,42,39,3,simplified_to_triangle
ABCBDBCDACDADC,True,42,39,3,simplified_to_triangle
ABCBDBCDADCABD,True,42,39,3,simplified_to_triangle
ABCBDBCDADCADB,True,42,39,3,simplified_to_triangle
ABCBDBCDADCBAD,True,42,39,3,simplified_to_triangle
ABCBDBCDBCDBDC,True,42,39,3,simplified_to_triangle
ABCBDBCDBDCABD,True,42,39,3,simplified_to_triangle
ABCBDBCDBDCADB,True,42,39,3,simplified_to_triangle
ABCBDBCDBDCBAD,True,42,39,3,simplified_to_triangle
ABCBDBCDCACDBD,True,42,39,3,simplified_to_triangle
ABCBDBCDCADCAD,True,42,39,3,simplified_to_triangle
ABCBDBCDCBACBC,True,42,39,3,simplified_to_triangle
ABCBDBCDCBDCBD,True,42,39,3,simplified_to_triangle
ABCBDBCDCBDCDB,True,42,39,3,simplified_to_triangle
ABCBDBCDCDACAD,True,42,39,3,simplified_to_triangle
ABCBDBCDCDADCB,True,42,39,3,simplified_to_triangle
ABCBDBCDCDBCBD,True,42,39,3,simplified_to_triangle
ABCBDBCDCDBCDB,True,42,39,3,simplified_to_triangle
ABCBDBCDCDCACD,True,42,39,3,simplified_to_triangle
ABCBDBCDCDCADC,True,42,39,3,simplified_to_triangle
ABCBDBCDCDCBCD,True,42,39,3,simplified_to_triangle
ABCBDCABDCACBC,True,42,39,3,simplified_to_triangle
ABCBDCABDCBCBC,True,42,39,3,simplified_to_triangle
ABCBDCACABDCAC,True,42,39,3,simplified_to_triangle
ABCBDCACACBCBD,True,42,39,3,simplified_to_triangle
ABCBDCACACBCDB,True,42,39,3,simplified_to_triangle
ABCBDCACADACBC,True,42,39,3,simplified_to_triangle
ABCBDCACADBCAC,True,42,39,3,simplified_to_triangle
ABCBDCACADBDCD,True,42,39,3,simplified_to_triangle
ABCBDCACBCACAD,True,42,39,3,simplified_to_triangle
ABCBDCACBCBCDB,True,42,39,3,simplified_to_triangle
ABCBDCACBDACAC,True,42,39,3,simplified_to_triangle
ABCBDCACBDADCD,True,42,39,3,simplified_to_triangle
ABCBDCACBDBCBC,True,42,39,3,simplified_to_triangle
ABCBDCACBDCDBD,True,42,39,3,simplified_to_triangle
ABCBDCACDABDCD,True,42,39,3,simplified_to_triangle
ABCBDCACDADBCD,True,42,39,3,simplified_to_triangle
ABCBDCACDBACAC,True,42,39,3,simplified_to_triangle
ABCBDCACDBADCD,True,42,39,3,simplified_to_triangle
ABCBDCACDBCDBD,True,42,39,3,simplified_to_triangle
ABCBDCACDBDACD,True,42,39,3,simplified_to_triangle
ABCBDCACDCADCD,True,42,39,3,simplified_to_triangle
ABCBDCACDCDACD,True,42,39,3,simplified_to_triangle
ABCBDCACDCDBDC,True,42,39,3,simplified_to_triangle
ABCBDCACDCDCDC,True,42,39,3,simplified_to_triangle
ABCBDCADACBCAC,True,42,39,3,simplified_to_triangle
ABCBDCADACDCBD,True,42,39,3,simplified_to_triangle
ABCBDCADACDCDB,True,42,39,3,simplified_to_triangle
ABCBDCADBCACBC,True,42,39,3,simplified_to_triangle
ABCBDCADCACDBD,True,42,39,3,simplified_to_triangle
ABCBDCADCADCAD,True,42,39,3,simplified_to_triangle
ABCBDCADCBACBC,True,42,39,3,simplified_to_triangle
ABCBDCADCDACAD,True,42,39,3,simplified_to_triangle
ABCBDCADCDADCB,True,42,39,3,simplified_to_triangle
ABCBDCADCDCABD,True,42,39,3,simplified_to_triangle
ABCBDCADCDCACD,True,42,39,3,simplified_to_triangle
ABCBDCADCDCADB,True,42,39,3,simplified_to_triangle
ABCBDCADCDCBAD,True,42,39,3,simplified_to_triangle
ABCBDCADCDCBDC,True,42,39,3,simplified_to_triangle
ABCBDCADCDCDBC,True,42,39,3,simplified_to_triangle
ABCBDCBABCBDCB,True,42,39,3,simplified_to_triangle
ABCBDCBABCDBCB,True,42,39,3,simplified_to_triangle
ABCBDCBABCDCBC,True,42,39,3,simplified_to_triangle
ABCBDCBACBCACD,True,42,39,3,simplified_to_triangle
ABCBDCBACBCBCD,True,42,39,3,simplified_to_triangle
ABCBDCBACBCDCB,True,42,39,3,simplified_to_triangle
ABCBDCBADCACBC,True,42,39,3,simplified_to_triangle
ABCBDCBADCBCBC,True,42,39,3,simplified_to_triangle
ABCBDCBCABDCAC,True,42,39,3,simplified_to_triangle
ABCBDCBCACACBD,True,42,39,3,simplified_to_triangle
ABCBDCBCACACDB,True,42,39,3,simplified_to_triangle
ABCBDCBCACBCAD,True,42,39,3,simplified_to_triangle
ABCBDCBCADACBC,True,42,39,3,simplified_to_triangle
ABCBDCBCADBCAC,True,42,39,3,simplified_to_triangle
ABCBDCBCBCACBD,True,42,39,3,simplified_to_triangle
ABCBDCBCBCACDB,True,42,39,3,simplified_to_triangle
ABCBDCBCBDACAC,True,42,39,3,simplified_to_triangle
ABCBDCBCBDBCBC,True,42,39,3,simplified_to_triangle
ABCBDCBCBDCDBD,True,42,39,3,simplified_to_triangle
ABCBDCBCDBACAC,True,42,39,3,simplified_to_triangle
ABCBDCBCDBCDBD,True,42,39,3,simplified_to_triangle
ABCBDCBCDCDBDC,True,42,39,3,simplified_to_triangle
ABCBDCBDACACBC,True,42,39,3,simplified_to_triangle
ABCBDCBDBCBCAC,True,42,39,3,simplified_to_triangle
ABCBDCBDBCDCBD,True,42,39,3,simplified_to_triangle
ABCBDCBDBCDCDB,True,42,39,3,simplified_to_triangle
ABCBDCBDCABDCD,True,42,39,3,simplified_to_triangle
ABCBDCBDCACDBD,True,42,39,3,simplified_to_triangle
ABCBDCBDCADBCD,True,42,39,3,simplified_to_triangle
ABCBDCBDCADBDC,True,42,39,3,simplified_to_triangle
ABCBDCBDCADCBD,True,42,39,3,simplified_to_triangle
ABCBDCBDCADCDB,True,42,39,3,simplified_to_triangle
ABCBDCBDCBACBC,True,42,39,3,simplified_to_triangle
ABCBDCBDCBADCD,True,42,39,3,simplified_to_triangle
ABCBDCBDCBDACD,True,42,39,3,simplified_to_triangle
ABCBDCBDCBDADC,True,42,39,3,simplified_to_triangle
ABCBDCBDCDABCD,True,42,39,3,simplified_to_triangle
ABCBDCBDCDABDC,True,42,39,3,simplified_to_triangle
ABCBDCBDCDACBD,True,42,39,3,simplified_to_triangle
ABCBDCBDCDACDB,True,42,39,3,simplified_to_triangle
ABCBDCBDCDADBC,True,42,39,3,simplified_to_triangle
ABCBDCBDCDADCB,True,42,39,3,simplified_to_triangle
ABCBDCBDCDBACD,True,42,39,3,simplified_to_triangle
ABCBDCBDCDBADC,True,42,39,3,simplified_to_triangle
ABCBDCBDCDBDAC,True,42,39,3,simplified_to_triangle
ABCBDCBDCDCBDC,True,42,39,3,simplified_to_triangle
ABCBDCBDCDCDBC,True,42,39,3,simplified_to_triangle
ABCBDCDACADCAD,True,42,39,3,simplified_to_triangle
ABCBDCDACDACAD,True,42,39,3,simplified_to_triangle
ABCBDCDACDCABD,True,42,39,3,simplified_to_triangle
ABCBDCDACDCACD,True,42,39,3,simplified_to_triangle
ABCBDCDACDCADB,True,42,39,3,simplified_to_triangle
ABCBDCDACDCBAD,True,42,39,3,simplified_to_triangle
ABCBDCDACDCBDC,True,42,39,3,simplified_to_triangle
ABCBDCDACDCDBC,True,42,39,3,simplified_to_triangle
ABCBDCDADCABCD,True,42,39,3,simplified_to_triangle
ABCBDCDADCBACD,True,42,39,3,simplified_to_triangle
ABCBDCDADCBDCB,True,42,39,3,simplified_to_triangle
ABCBDCDADCDBCB,True,42,39,3,simplified_to_triangle
ABCBDCDADCDCBC,True,42,39,3,simplified_to_triangle
ABCBDCDBACACBC,True,42,39,3,simplified_to_triangle
ABCBDCDBCABDCD,True,42,39,3,simplified_to_triangle
ABCBDCDBCACDBD,True,42,39,3,simplified_to_triangle
ABCBDCDBCADBCD,True,42,39,3,simplified_to_triangle
ABCBDCDBCADBDC,True,42,39,3,simplified_to_triangle
ABCBDCDBCADCBD,True,42,39,3,simplified_to_triangle
ABCBDCDBCADCDB,True,42,39,3,simplified_to_triangle
ABCBDCDBCBACBC,True,42,39,3,simplified_to_triangle
ABCBDCDBCBADCD,True,42,39,3,simplified_to_triangle
ABCBDCDBCBDACD,True,42,39,3,simplified_to_triangle
ABCBDCDBCBDADC,True,42,39,3,simplified_to_triangle
ABCBDCDBCDABCD,True,42,39,3,simplified_to_triangle
ABCBDCDBCDABDC,True,42,39,3,simplified_to_triangle
ABCBDCDBCDACBD,True,42,39,3,simplified_to_triangle
ABCBDCDBCDACDB,True,42,39,3,simplified_to_triangle
ABCBDCDBCDADBC,True,42,39,3,simplified_to_triangle
ABCBDCDBCDADCB,True,42,39,3,simplified_to_triangle
ABCBDCDBCDBACD,True,42,39,3,simplified_to_triangle
ABCBDCDBCDBADC,True,42,39,3,simplified_to_triangle
ABCBDCDBCDBDAC,True,42,39,3,simplified_to_triangle
ABCBDCDBCDCBDC,True,42,39,3,simplified_to_triangle
ABCBDCDBCDCDBC,True,42,39,3,simplified_to_triangle
ABCBDCDBDCBDCB,True,42,39,3,simplified_to_triangle
ABCBDCDBDCDBCB,True,42,39,3,simplified_to_triangle
ABCBDCDBDCDCBC,True,42,39,3,simplified_to_triangle
ABCBDCDCACBCAC,True,42,39,3,simplified_to_triangle
ABCBDCDCACDCAD,True,42,39,3,simplified_to_triangle
ABCBDCDCADACBD,True,42,39,3,simplified_to_triangle
ABCBDCDCADACDB,True,42,39,3,simplified_to_triangle
ABCBDCDCADCBDC,True,42,39,3,simplified_to_triangle
ABCBDCDCADCDBC,True,42,39,3,simplified_to_triangle
ABCBDCDCBCACBC,True,42,39,3,simplified_to_triangle
ABCBDCDCBCADCD,True,42,39,3,simplified_to_triangle
ABCBDCDCBCDACD,True,42,39,3,simplified_to_triangle
ABCBDCDCBCDADC,True,42,39,3,simplified_to_triangle
ABCBDCDCBDBCBD,True,42,39,3,simplified_to_triangle
ABCBDCDCBDBCDB,True,42,39,3,simplified_to_triangle
ABCBDCDCBDCBCD,True,42,39,3,simplified_to_triangle
ABCBDCDCBDCBDC,True,42,39,3,simplified_to_triangle
ABCBDCDCBDCDBC,True,42,39,3,simplified_to_triangle
ABCBDCDCDACBDC,True,42,39,3,simplified_to_triangle
ABCBDCDCDACDBC,True,42,39,3,simplified_to_triangle
ABCBDCDCDBCBCD,True,42,39,3,simplified_to_triangle
ABCBDCDCDBCBDC,True,42,39,3,simplified_to_triangle
ABCBDCDCDBCDBC,True,42,39,3,simplified_to_triangle
ABCBDCDCDBDCAC,True,42,39,3,simplified_to_triangle
ABCBDCDCDCABCD,True,42,39,3,simplified_to_triangle
ABCBDCDCDCBACD,True,42,39,3,simplified_to_triangle
ABCBDCDCDCBCDC,True,42,39,3,simplified_to_triangle
ABCDABCDABCDBD,True,42,39,3,simplified_to_triangle
ABCDABCDABDACD,True,42,39,3,simplified_to_triangle
ABCDABCDABDBCD,True,42,39,3,simplified_to_triangle
ABCDABCDACADCD,True,42,39,3,simplified_to_triangle
ABCDABCDACDACD,True,42,39,3,simplified_to_triangle
ABCDABCDACDBDC,True,42,39,3,simplified_to_triangle
ABCDABCDACDCDC,True,42,39,3,simplified_to_triangle
ABCDABCDADBACD,True,42,39,3,simplified_to_triangle
ABCDABCDADBDCB,True,42,39,3,simplified_to_triangle
ABCDABCDADCACD,True,42,39,3,simplified_to_triangle
ABCDABCDADCBDB,True,42,39,3,simplified_to_triangle
ABCDABCDBABDCD,True,42,39,3,simplified_to_triangle
ABCDABCDBACDBD,True,42,39,3,simplified_to_triangle
ABCDABCDBADACD,True,42,39,3,simplified_to_triangle
ABCDABCDBADBCD,True,42,39,3,simplified_to_triangle
ABCDABCDBCBDCD,True,42,39,3,simplified_to_triangle
ABCDABCDBCDADC,True,42,39,3,simplified_to_triangle
ABCDABCDBCDBCD,True,42,39,3,simplified_to_triangle
ABCDABCDBCDCDC,True,42,39,3,simplified_to_triangle
ABCDABCDBDADCB,True,42,39,3,simplified_to_triangle
ABCDABCDBDCBDB,True,42,39,3,simplified_to_triangle
ABCDABCDCACDCD,True,42,39,3,simplified_to_triangle
ABCDABCDCADCDC,True,42,39,3,simplified_to_triangle
ABCDABCDCBACAC,True,42,39,3,simplified_to_triangle
ABCDABCDCBCDCD,True,42,39,3,simplified_to_triangle
ABCDABCDCBDCDC,True,42,39,3,simplified_to_triangle
ABCDABCDCDACDC,True,42,39,3,simplified_to_triangle
ABCDABCDCDBCDC,True,42,39,3,simplified_to_triangle
ABCDABCDCDCBDC,True,42,36,6,visual_inspection
ABCDABCDCDCDBC,True,42,36,6,visual_inspection
ABCDABDACABDCD,True,42,39,3,simplified_to_triangle
ABCDABDACADBCD,True,42,39,3,simplified_to_triangle
ABCDABDACBDACD,True,42,39,3,simplified_to_triangle
ABCDABDACBDCDC,True,42,39,3,simplified_to_triangle
ABCDABDACDBACD,True,42,39,3,simplified_to_triangle
ABCDABDACDBCDC,True,42,39,3,simplified_to_triangle
ABCDABDACDCABD,True,42,39,3,simplified_to_triangle
ABCDABDACDCADB,True,42,39,3,simplified_to_triangle
ABCDABDACDCBAD,True,42,39,3,simplified_to_triangle
ABCDABDADCABDB,True,42,39,3,simplified_to_triangle
ABCDABDADCBABD,True,42,39,3,simplified_to_triangle
ABCDABDADCBADB,True,42,39,3,simplified_to_triangle
ABCDABDBCABDCD,True,42,39,3,simplified_to_triangle
ABCDABDBCACDCD,True,42,39,3,simplified_to_triangle
ABCDABDBCADBCD,True,42,39,3,simplified_to_triangle
ABCDABDBCADCDC,True,42,39,3,simplified_to_triangle
ABCDABDBCBDACD,True,42,39,3,simplified_to_triangle
ABCDABDBCDACDC,True,42,39,3,simplified_to_triangle
ABCDABDBCDBACD,True,42,39,3,simplified_to_triangle
ABCDABDBCDCABD,True,42,39,3,simplified_to_triangle
ABCDABDBCDCADB,True,42,39,3,simplified_to_triangle
ABCDABDBCDCBAD,True,42,39,3,simplified_to_triangle
ABCDABDBCDCDCB,True,42,39,3,simplified_to_triangle
ABCDABDCACBDCD,True,42,39,3,simplified_to_triangle
ABCDABDCACDBCD,True,42,39,3,simplified_to_triangle
ABCDABDCADCADC,True,42,39,3,simplified_to_triangle
ABCDABDCADCDAC,True,42,39,3,simplified_to_triangle
ABCDABDCBCADCD,True,42,39,3,simplified_to_triangle
ABCDABDCBCDACD,True,42,39,3,simplified_to_triangle
ABCDABDCBDCBDC,True,42,39,3,simplified_to_triangle
ABCDABDCBDCDBC,True,42,39,3,simplified_to_triangle
ABCDABDCDACADC,True,42,39,3,simplified_to_triangle
ABCDABDCDACDAC,True,42,39,3,simplified_to_triangle
ABCDABDCDBCBDC,True,42,39,3,simplified_to_triangle
ABCDABDCDBCDBC,True,42,39,3,simplified_to_triangle
ABCDABDCDCACDC,True,42,39,3,simplified_to_triangle
ABCDABDCDCADCB,True,42,39,3,simplified_to_triangle
ABCDABDCDCBCDC,True,42,39,3,simplified_to_triangle
ABCDACABDCBCAC,True,42,39,3,simplified_to_triangle
ABCDACACABDCBC,True,42,39,3,simplified_to_triangle
ABCDACACADACAC,True,42,39,3,simplified_to_triangle
ABCDACACADBCBC,True,42,39,3,simplified_to_triangle
ABCDACACADCDBD,True,42,39,3,simplified_to_triangle
ABCDACACBCACBD,True,42,39,3,simplified_to_triangle
ABCDACACBCACDB,True,42,39,3,simplified_to_triangle
ABCDACACBCBCAD,True,42,39,3,simplified_to_triangle
ABCDACACBDACBC,True,42,39,3,simplified_to_triangle
ABCDACACBDBCAC,True,42,39,3,simplified_to_triangle
ABCDACACDACDBD,True,42,39,3,simplified_to_triangle
ABCDACACDBACBC,True,42,39,3,simplified_to_triangle
ABCDACACDCDADC,True,42,39,3,simplified_to_triangle
ABCDACADACACBC,True,42,39,3,simplified_to_triangle
ABCDACADACDCAD,True,42,39,3,simplified_to_triangle
ABCDACADBCBCAC,True,42,39,3,simplified_to_triangle
ABCDACADCABDCD,True,42,39,3,simplified_to_triangle
ABCDACADCADBCD,True,42,39,3,simplified_to_triangle
ABCDACADCADBDC,True,42,39,3,simplified_to_triangle
ABCDACADCBACAC,True,42,39,3,simplified_to_triangle
ABCDACADCBADCD,True,42,39,3,simplified_to_triangle
ABCDACADCBDACD,True,42,39,3,simplified_to_triangle
ABCDACADCBDADC,True,42,39,3,simplified_to_triangle
ABCDACADCBDCAD,True,42,39,3,simplified_to_triangle
ABCDACADCDABDC,True,42,39,3,simplified_to_triangle
ABCDACADCDADBC,True,42,39,3,simplified_to_triangle
ABCDACADCDBACD,True,42,39,3,simplified_to_triangle
ABCDACADCDBADC,True,42,39,3,simplified_to_triangle
ABCDACADCDBCAD,True,42,39,3,simplified_to_triangle
ABCDACADCDBDAC,True,42,39,3,simplified_to_triangle
ABCDACADCDCADC,True,42,39,3,simplified_to_triangle
ABCDACADCDCDAC,True,42,39,3,simplified_to_triangle
ABCDACBCABDCBC,True,42,39,3,simplified_to_triangle
ABCDACBCACBCBD,True,42,39,3,simplified_to_triangle
ABCDACBCACBCDB,True,42,39,3,simplified_to_triangle
ABCDACBCADACAC,True,42,39,3,simplified_to_triangle
ABCDACBCADBCBC,True,42,39,3,simplified_to_triangle
ABCDACBCADBDCD,True,42,39,3,simplified_to_triangle
ABCDACBCADCDBD,True,42,39,3,simplified_to_triangle
ABCDACBCBCACAD,True,42,39,3,simplified_to_triangle
ABCDACBCBCADCB,True,42,39,3,simplified_to_triangle
ABCDACBCBDACBC,True,42,39,3,simplified_to_triangle
ABCDACBCBDADCD,True,42,39,3,simplified_to_triangle
ABCDACBCBDBCAC,True,42,39,3,simplified_to_triangle
ABCDACBCDABDCD,True,42,39,3,simplified_to_triangle
ABCDACBCDACDBD,True,42,39,3,simplified_to_triangle
ABCDACBCDADBCD,True,42,39,3,simplified_to_triangle
ABCDACBCDBACBC,True,42,39,3,simplified_to_triangle
ABCDACBCDBADCD,True,42,39,3,simplified_to_triangle
ABCDACBCDBDACD,True,42,39,3,simplified_to_triangle
ABCDACBCDBDCAD,True,42,39,3,simplified_to_triangle
ABCDACBCDCBDCD,True,42,39,3,simplified_to_triangle
ABCDACBCDCDADC,True,42,39,3,simplified_to_triangle
ABCDACBCDCDBCD,True,42,39,3,simplified_to_triangle
ABCDACBCDCDCDC,True,42,39,3,simplified_to_triangle
ABCDACBDACBCAC,True,42,39,3,simplified_to_triangle
ABCDACBDBCACBC,True,42,39,3,simplified_to_triangle
ABCDACBDBCDCAD,True,42,39,3,simplified_to_triangle
ABCDACBDCBDCBD,True,42,39,3,simplified_to_triangle
ABCDACBDCBDCDB,True,42,39,3,simplified_to_triangle
ABCDACBDCDBCBD,True,42,39,3,simplified_to_triangle
ABCDACBDCDBCDB,True,42,39,3,simplified_to_triangle
ABCDACBDCDCABD,True,42,39,3,simplified_to_triangle
ABCDACBDCDCADB,True,42,39,3,simplified_to_triangle
ABCDACBDCDCADC,True,42,39,3,simplified_to_triangle
ABCDACBDCDCBAD,True,42,39,3,simplified_to_triangle
ABCDACBDCDCBCD,True,42,39,3,simplified_to_triangle
ABCDACBDCDCDAC,True,42,39,3,simplified_to_triangle
ABCDACDACABDCD,True,42,39,3,simplified_to_triangle
ABCDACDACADBCD,True,42,39,3,simplified_to_triangle
ABCDACDACADBDC,True,42,39,3,simplified_to_triangle
ABCDACDACBDACD,True,42,39,3,simplified_to_triangle
ABCDACDACBDADC,True,42,39,3,simplified_to_triangle
ABCDACDACBDCAD,True,42,39,3,simplified_to_triangle
ABCDACDACDABDC,True,42,39,3,simplified_to_triangle
ABCDACDACDADBC,True,42,39,3,simplified_to_triangle
ABCDACDACDBACD,True,42,39,3,simplified_to_triangle
ABCDACDACDBADC,True,42,39,3,simplified_to_triangle
ABCDACDACDBCAD,True,42,39,3,simplified_to_triangle
ABCDACDACDBDAC,True,42,39,3,simplified_to_triangle
ABCDACDACDCADC,True,42,39,3,simplified_to_triangle
ABCDACDACDCDAC,True,42,39,3,simplified_to_triangle
ABCDACDADCADCB,True,42,39,3,simplified_to_triangle
ABCDACDADCDCAC,True,42,39,3,simplified_to_triangle
ABCDACDBACBCAC,True,42,39,3,simplified_to_triangle
ABCDACDBCACDBD,True,42,39,3,simplified_to_triangle
ABCDACDBCBDCBD,True,42,39,3,simplified_to_triangle
ABCDACDBCBDCDB,True,42,39,3,simplified_to_triangle
ABCDACDBCDADCB,True,42,39,3,simplified_to_triangle
ABCDACDBCDBCBD,True,42,39,3,simplified_to_triangle
ABCDACDBCDBCDB,True,42,39,3,simplified_to_triangle
ABCDACDBCDCABD,True,42,39,3,simplified_to_triangle
ABCDACDBCDCADB,True,42,39,3,simplified_to_triangle
ABCDACDBCDCADC,True,42,39,3,simplified_to_triangle
ABCDACDBCDCBAD,True,42,39,3,simplified_to_triangle
ABCDACDBCDCBCD,True,42,39,3,simplified_to_triangle
ABCDACDBCDCDAC,True,42,39,3,simplified_to_triangle
ABCDACDBDCADCB,True,42,39,3,simplified_to_triangle
ABCDACDBDCBACD,True,42,39,3,simplified_to_triangle
ABCDACDBDCBCAD,True,42,39,3,simplified_to_triangle
ABCDACDBDCDCAC,True,42,39,3,simplified_to_triangle
ABCDACDCABCDBD,True,42,39,3,simplified_to_triangle
ABCDACDCACBCAC,True,42,39,3,simplified_to_triangle
ABCDACDCACBDCD,True,42,39,3,simplified_to_triangle
ABCDACDCACDBCD,True,42,39,3,simplified_to_triangle
ABCDACDCACDBDC,True,42,39,3,simplified_to_triangle
ABCDACDCADACAD,True,42,39,3,simplified_to_triangle
ABCDACDCADBDCB,True,42,39,3,simplified_to_triangle
ABCDACDCADCACD,True,42,39,3,simplified_to_triangle
ABCDACDCADCADC,True,42,39,3,simplified_to_triangle
ABCDACDCADCDAC,True,42,39,3,simplified_to_triangle
ABCDACDCBACDBD,True,42,39,3,simplified_to_triangle
ABCDACDCBCACBC,True,42,39,3,simplified_to_triangle
ABCDACDCBCDBDC,True,42,39,3,simplified_to_triangle
ABCDACDCBCDCBD,True,42,39,3,simplified_to_triangle
ABCDACDCBCDCDB,True,42,39,3,simplified_to_triangle
ABCDACDCBDADCB,True,42,39,3,simplified_to_triangle
ABCDACDCBDBCAD,True,42,39,3,simplified_to_triangle
ABCDACDCBDCADC,True,42,39,3,simplified_to_triangle
ABCDACDCBDCBCD,True,42,36,6,visual_inspection
ABCDACDCBDCDAC,True,42,39,3,simplified_to_triangle
ABCDACDCBDCDCB,True,42,39,3,simplified_to_triangle
ABCDACDCDABDCB,True,42,39,3,simplified_to_triangle
ABCDACDCDACACD,True,42,39,3,simplified_to_triangle
ABCDACDCDACADC,True,42,39,3,simplified_to_triangle
ABCDACDCDACDAC,True,42,39,3,simplified_to_triangle
ABCDACDCDADCBC,True,42,39,3,simplified_to_triangle
ABCDACDCDBCADC,True,42,39,3,simplified_to_triangle
ABCDACDCDBCBCD,True,42,36,6,visual_inspection
ABCDACDCDBCDAC,True,42,39,3,simplified_to_triangle
ABCDACDCDBCDCB,True,42,39,3,simplified_to_triangle
ABCDACDCDBDCBC,True,42,39,3,simplified_to_triangle
ABCDACDCDCABDB,True,42,39,3,simplified_to_triangle
ABCDACDCDCABDC,True,42,36,6,visual_inspection
ABCDACDCDCACDC,True,42,39,3,simplified_to_triangle
ABCDACDCDCBABD,True,42,39,3,simplified_to_triangle
ABCDACDCDCBACD,True,42,39,3,simplified_to_triangle
ABCDACDCDCBADB,True,42,39,3,simplified_to_triangle
ABCDACDCDCBADC,True,42,36,6,visual_inspection
ABCDADBACABDCD,True,42,39,3,simplified_to_triangle
ABCDADBACADBCD,True,42,39,3,simplified_to_triangle
ABCDADBACBDACD,True,42,39,3,simplified_to_triangle
ABCDADBACBDCDC,True,42,39,3,simplified_to_triangle
ABCDADBACDBACD,True,42,39,3,simplified_to_triangle
ABCDADBACDBCDC,True,42,39,3,simplified_to_triangle
ABCDADBACDCABD,True,42,39,3,simplified_to_triangle
ABCDADBACDCADB,True,42,39,3,simplified_to_triangle
ABCDADBACDCBAD,True,42,39,3,simplified_to_triangle
ABCDADBADACACD,True,42,39,3,simplified_to_triangle
ABCDADBADACBCD,True,42,39,3,simplified_to_triangle
ABCDADBADCABDB,True,42,39,3,simplified_to_triangle
ABCDADBCACBDCD,True,42,39,3,simplified_to_triangle
ABCDADBCACDBCD,True,42,39,3,simplified_to_triangle
ABCDADBCADCADC,True,42,39,3,simplified_to_triangle
ABCDADBCADCDAC,True,42,39,3,simplified_to_triangle
ABCDADBCBCADCD,True,42,39,3,simplified_to_triangle
ABCDADBCBCDACD,True,42,39,3,simplified_to_triangle
ABCDADBCBDCBDC,True,42,39,3,simplified_to_triangle
ABCDADBCBDCDBC,True,42,39,3,simplified_to_triangle
ABCDADBCDACADC,True,42,39,3,simplified_to_triangle
ABCDADBCDACDAC,True,42,39,3,simplified_to_triangle
ABCDADBCDBCBDC,True,42,39,3,simplified_to_triangle
ABCDADBCDBCDBC,True,42,39,3,simplified_to_triangle
ABCDADBCDCACDC,True,42,39,3,simplified_to_triangle
ABCDADBCDCBCDC,True,42,39,3,simplified_to_triangle
ABCDADBDACABDB,True,42,39,3,simplified_to_triangle
ABCDADBDADCDBD,True,42,39,3,simplified_to_triangle
ABCDADBDCABDCB,True,42,39,3,simplified_to_triangle
ABCDADBDCACBDB,True,42,39,3,simplified_to_triangle
ABCDADBDCADCBC,True,42,39,3,simplified_to_triangle
ABCDADBDCBCBDB,True,42,39,3,simplified_to_triangle
ABCDADBDCBDCAC,True,42,39,3,simplified_to_triangle
ABCDADBDCDACBC,True,42,39,3,simplified_to_triangle
ABCDADBDCDADCD,True,42,39,3,simplified_to_triangle
ABCDADBDCDBCAC,True,42,39,3,simplified_to_triangle
ABCDADBDCDBDCD,True,42,39,3,simplified_to_triangle
ABCDADCABCDCBD,True,42,39,3,simplified_to_triangle
ABCDADCABCDCDB,True,42,39,3,simplified_to_triangle
ABCDADCABCDCDC,True,42,39,3,simplified_to_triangle
ABCDADCABDBCDC,True,42,39,3,simplified_to_triangle
ABCDADCABDCBDB,True,42,39,3,simplified_to_triangle
ABCDADCACDACAD,True,42,39,3,simplified_to_triangle
ABCDADCACDCACD,True,42,39,3,simplified_to_triangle
ABCDADCACDCBAD,True,42,39,3,simplified_to_triangle
ABCDADCACDCBDC,True,42,39,3,simplified_to_triangle
ABCDADCACDCDBC,True,42,39,3,simplified_to_triangle
ABCDADCADACABD,True,42,39,3,simplified_to_triangle
ABCDADCADACADB,True,42,39,3,simplified_to_triangle
ABCDADCADBCBDB,True,42,39,3,simplified_to_triangle
ABCDADCADCACBD,True,42,39,3,simplified_to_triangle
ABCDADCADCACDB,True,42,39,3,simplified_to_triangle
ABCDADCADCADAC,True,42,39,3,simplified_to_triangle
ABCDADCADCBCBD,True,42,39,3,simplified_to_triangle
ABCDADCADCBCDB,True,42,39,3,simplified_to_triangle
ABCDADCADCBDBC,True,42,39,3,simplified_to_triangle
ABCDADCADCDCBC,True,42,39,3,simplified_to_triangle
ABCDADCBABCDCD,True,42,39,3,simplified_to_triangle
ABCDADCBABDBCD,True,42,39,3,simplified_to_triangle
ABCDADCBABDCDC,True,42,39,3,simplified_to_triangle
ABCDADCBACDCBD,True,42,39,3,simplified_to_triangle
ABCDADCBACDCDC,True,42,39,3,simplified_to_triangle
ABCDADCBCDCBDC,True,42,39,3,simplified_to_triangle
ABCDADCBCDCDBC,True,42,39,3,simplified_to_triangle
ABCDADCBDABCDC,True,42,39,3,simplified_to_triangle
ABCDADCBDACBDB,True,42,39,3,simplified_to_triangle
ABCDADCBDACDCB,True,42,39,3,simplified_to_triangle
ABCDADCBDBACDC,True,42,39,3,simplified_to_triangle
ABCDADCBDBCABD,True,42,39,3,simplified_to_triangle
ABCDADCBDBCADB,True,42,39,3,simplified_to_triangle
ABCDADCBDBCDCB,True,42,39,3,simplified_to_triangle
ABCDADCBDCABDC,True,42,39,3,simplified_to_triangle
ABCDADCBDCACAD,True,42,39,3,simplified_to_triangle
ABCDADCBDCADBC,True,42,39,3,simplified_to_triangle
ABCDADCBDCBADC,True,42,39,3,simplified_to_triangle
ABCDADCBDCBCAD,True,42,39,3,simplified_to_triangle
ABCDADCBDCBDAC,True,42,39,3,simplified_to_triangle
ABCDADCBDCBDCB,True,42,39,3,simplified_to_triangle
ABCDADCBDCDBAC,True,42,39,3,simplified_to_triangle
ABCDADCBDCDCBC,True,42,39,3,simplified_to_triangle
ABCDADCDACACBD,True,42,39,3,simplified_to_triangle
ABCDADCDACACDB,True,42,39,3,simplified_to_triangle
ABCDADCDACADAC,True,42,39,3,simplified_to_triangle
ABCDADCDACBCBD,True,42,39,3,simplified_to_triangle
ABCDADCDACBCDB,True,42,39,3,simplified_to_triangle
ABCDADCDACBDBC,True,42,39,3,simplified_to_triangle
ABCDADCDACDCBC,True,42,39,3,simplified_to_triangle
ABCDADCDADBDCD,True,42,39,3,simplified_to_triangle
ABCDADCDADCDCD,True,42,39,3,simplified_to_triangle
ABCDADCDBABCDC,True,42,39,3,simplified_to_triangle
ABCDADCDBACBDB,True,42,39,3,simplified_to_triangle
ABCDADCDBACDCB,True,42,39,3,simplified_to_triangle
ABCDADCDBCABDC,True,42,39,3,simplified_to_triangle
ABCDADCDBCACAD,True,42,39,3,simplified_to_triangle
ABCDADCDBCADBC,True,42,39,3,simplified_to_triangle
ABCDADCDBCBCAD,True,42,39,3,simplified_to_triangle
ABCDADCDBCBDAC,True,42,39,3,simplified_to_triangle
ABCDADCDBCBDCB,True,42,39,3,simplified_to_triangle
ABCDADCDBCDBAC,True,42,39,3,simplified_to_triangle
ABCDADCDBCDCBC,True,42,39,3,simplified_to_triangle
ABCDADCDBDADCD,True,42,39,3,simplified_to_triangle
ABCDADCDCABDCB,True,42,39,3,simplified_to_triangle
ABCDADCDCACADC,True,42,39,3,simplified_to_triangle
ABCDADCDCACDAC,True,42,39,3,simplified_to_triangle
ABCDADCDCADCBC,True,42,39,3,simplified_to_triangle
ABCDADCDCBABDB,True,42,39,3,simplified_to_triangle
ABCDADCDCBCADC,True,42,39,3,simplified_to_triangle
ABCDADCDCBCDAC,True,42,39,3,simplified_to_triangle
ABCDADCDCBCDCB,True,42,39,3,simplified_to_triangle
ABCDADCDCBDCBC,True,42,39,3,simplified_to_triangle
ABCDADCDCDACBC,True,42,39,3,simplified_to_triangle
ABCDADCDCDBCBC,True,42,39,3,simplified_to_triangle
ABCDADCDCDCDBD,True,42,39,3,simplified_to_triangle
ABCDBABCDCACBC,True,42,39,3,simplified_to_triangle
ABCDBABCDCBCBC,True,42,39,3,simplified_to_triangle
ABCDBABCDCDCAD,True,42,39,3,simplified_to_triangle
ABCDBABDBACDBD,True,42,39,3,simplified_to_triangle
ABCDBABDCABDCD,True,42,39,3,simplified_to_triangle
ABCDBABDCACDCD,True,42,39,3,simplified_to_triangle
ABCDBABDCADBCD,True,42,39,3,simplified_to_triangle
ABCDBABDCADCDC,True,42,39,3,simplified_to_triangle
ABCDBABDCBADCD,True,42,39,3,simplified_to_triangle
ABCDBABDCBDACD,True,42,39,3,simplified_to_triangle
ABCDBABDCDACDC,True,42,39,3,simplified_to_triangle
ABCDBABDCDBACD,True,42,39,3,simplified_to_triangle
ABCDBABDCDCABD,True,42,39,3,simplified_to_triangle
ABCDBABDCDCADB,True,42,39,3,simplified_to_triangle
ABCDBABDCDCBAD,True,42,39,3,simplified_to_triangle
ABCDBABDCDCDCB,True,42,39,3,simplified_to_triangle
ABCDBACABDACAC,True,42,39,3,simplified_to_triangle
ABCDBACABDADCD,True,42,39,3,simplified_to_triangle
ABCDBACABDBCBC,True,42,39,3,simplified_to_triangle
ABCDBACABDCDBD,True,42,39,3,simplified_to_triangle
ABCDBACADABDCD,True,42,39,3,simplified_to_triangle
ABCDBACADBACAC,True,42,39,3,simplified_to_triangle
ABCDBACADBADCD,True,42,39,3,simplified_to_triangle
ABCDBACADBCDBD,True,42,39,3,simplified_to_triangle
ABCDBACADBDACD,True,42,39,3,simplified_to_triangle
ABCDBACADCADCD,True,42,39,3,simplified_to_triangle
ABCDBACADCDACD,True,42,39,3,simplified_to_triangle
ABCDBACADCDBDC,True,42,39,3,simplified_to_triangle
ABCDBACADCDCDC,True,42,39,3,simplified_to_triangle
ABCDBACBDABDCD,True,42,39,3,simplified_to_triangle
ABCDBACBDACDBD,True,42,39,3,simplified_to_triangle
ABCDBACBDADBCD,True,42,39,3,simplified_to_triangle
ABCDBACBDBACBC,True,42,39,3,simplified_to_triangle
ABCDBACBDBADCD,True,42,39,3,simplified_to_triangle
ABCDBACBDCBDCD,True,42,39,3,simplified_to_triangle
ABCDBACBDCDADC,True,42,39,3,simplified_to_triangle
ABCDBACBDCDBCD,True,42,39,3,simplified_to_triangle
ABCDBACBDCDCDC,True,42,39,3,simplified_to_triangle
ABCDBACDABCDBD,True,42,39,3,simplified_to_triangle
ABCDBACDABDACD,True,42,39,3,simplified_to_triangle
ABCDBACDABDBCD,True,42,39,3,simplified_to_triangle
ABCDBACDACADCD,True,42,39,3,simplified_to_triangle
ABCDBACDACDACD,True,42,39,3,simplified_to_triangle
ABCDBACDACDBDC,True,42,39,3,simplified_to_triangle
ABCDBACDACDCDC,True,42,39,3,simplified_to_triangle
ABCDBACDADBACD,True,42,39,3,simplified_to_triangle
ABCDBACDADBDCB,True,42,39,3,simplified_to_triangle
ABCDBACDADCBDB,True,42,39,3,simplified_to_triangle
ABCDBACDBABDCD,True,42,39,3,simplified_to_triangle
ABCDBACDBACDBD,True,42,39,3,simplified_to_triangle
ABCDBACDBADACD,True,42,39,3,simplified_to_triangle
ABCDBACDBADBCD,True,42,39,3,simplified_to_triangle
ABCDBACDBCBDCD,True,42,39,3,simplified_to_triangle
ABCDBACDBCDADC,True,42,39,3,simplified_to_triangle
ABCDBACDBCDBCD,True,42,39,3,simplified_to_triangle
ABCDBACDBCDCDC,True,42,39,3,simplified_to_triangle
ABCDBACDBDCBDB,True,42,39,3,simplified_to_triangle
ABCDBACDCACDBD,True,42,39,3,simplified_to_triangle
ABCDBACDCACDCD,True,42,39,3,simplified_to_triangle
ABCDBACDCADCDC,True,42,39,3,simplified_to_triangle
ABCDBACDCBACBC,True,42,39,3,simplified_to_triangle
ABCDBACDCBCDCD,True,42,39,3,simplified_to_triangle
ABCDBACDCBDCDC,True,42,39,3,simplified_to_triangle
ABCDBACDCDACDC,True,42,39,3,simplified_to_triangle
ABCDBACDCDBCDC,True,42,39,3,simplified_to_triangle
ABCDBACDCDCBDC,True,42,36,6,visual_inspection
ABCDBACDCDCDBC,True,42,36,6,visual_inspection
ABCDBADACABDCD,True,42,39,3,simplified_to_triangle
ABCDBADACADBCD,True,42,39,3,simplified_to_triangle
ABCDBADACBDACD,True,42,39,3,simplified_to_triangle
ABCDBADACBDCDC,True,42,39,3,simplified_to_triangle
ABCDBADACDBACD,True,42,39,3,simplified_to_triangle
ABCDBADACDBCDC,True,42,39,3,simplified_to_triangle
ABCDBADACDCABD,True,42,39,3,simplified_to_triangle
ABCDBADACDCADB,True,42,39,3,simplified_to_triangle
ABCDBADACDCBAD,True,42,39,3,simplified_to_triangle
ABCDBADBCABDCD,True,42,39,3,simplified_to_triangle
ABCDBADBCACDCD,True,42,39,3,simplified_to_triangle
ABCDBADBCADBCD,True,42,39,3,simplified_to_triangle
ABCDBADBCADCDC,True,42,39,3,simplified_to_triangle
ABCDBADBCBDACD,True,42,39,3,simplified_to_triangle
ABCDBADBCDACDC,True,42,39,3,simplified_to_triangle
ABCDBADBCDBACD,True,42,39,3,simplified_to_triangle
ABCDBADBCDCABD,True,42,39,3,simplified_to_triangle
ABCDBADBCDCADB,True,42,39,3,simplified_to_triangle
ABCDBADBCDCBAD,True,42,39,3,simplified_to_triangle
ABCDBADBCDCDCB,True,42,39,3,simplified_to_triangle
ABCDBADCACBDCD,True,42,39,3,simplified_to_triangle
ABCDBADCACDBCD,True,42,39,3,simplified_to_triangle
ABCDBADCADCADC,True,42,39,3,simplified_to_triangle
ABCDBADCADCDAC,True,42,39,3,simplified_to_triangle
ABCDBADCBCADCD,True,42,39,3,simplified_to_triangle
ABCDBADCBCDACD,True,42,39,3,simplified_to_triangle
ABCDBADCBDCBDC,True,42,39,3,simplified_to_triangle
ABCDBADCBDCDBC,True,42,39,3,simplified_to_triangle
ABCDBADCDACADC,True,42,39,3,simplified_to_triangle
ABCDBADCDACDAC,True,42,39,3,simplified_to_triangle
ABCDBADCDBCBDC,True,42,39,3,simplified_to_triangle
ABCDBADCDBCDBC,True,42,39,3,simplified_to_triangle
ABCDBADCDCACDC,True,42,39,3,simplified_to_triangle
ABCDBADCDCBCDC,True,42,39,3,simplified_to_triangle
ABCDBCABDCACBC,True,42,39,3,simplified_to_triangle
ABCDBCABDCBCBC,True,42,39,3,simplified_to_triangle
ABCDBCACABDCAC,True,42,39,3,simplified_to_triangle
ABCDBCACACBCBD,True,42,39,3,simplified_to_triangle
ABCDBCACACBCDB,True,42,39,3,simplified_to_triangle
ABCDBCACADACBC,True,42,39,3,simplified_to_triangle
ABCDBCACADBCAC,True,42,39,3,simplified_to_triangle
ABCDBCACADBDCD,True,42,39,3,simplified_to_triangle
ABCDBCACBCACAD,True,42,39,3,simplified_to_triangle
ABCDBCACBCBCDB,True,42,39,3,simplified_to_triangle
ABCDBCACBDACAC,True,42,39,3,simplified_to_triangle
ABCDBCACBDADCD,True,42,39,3,simplified_to_triangle
ABCDBCACBDBCBC,True,42,39,3,simplified_to_triangle
ABCDBCACBDCDBD,True,42,39,3,simplified_to_triangle
ABCDBCACDABDCD,True,42,39,3,simplified_to_triangle
ABCDBCACDADBCD,True,42,39,3,simplified_to_triangle
ABCDBCACDBACAC,True,42,39,3,simplified_to_triangle
ABCDBCACDBADCD,True,42,39,3,simplified_to_triangle
ABCDBCACDBCDBD,True,42,39,3,simplified_to_triangle
ABCDBCACDBDACD,True,42,39,3,simplified_to_triangle
ABCDBCACDCADCD,True,42,39,3,simplified_to_triangle
ABCDBCACDCDACD,True,42,39,3,simplified_to_triangle
ABCDBCACDCDBDC,True,42,39,3,simplified_to_triangle
ABCDBCACDCDCDC,True,42,39,3,simplified_to_triangle
ABCDBCADACBCAC,True,42,39,3,simplified_to_triangle
ABCDBCADACDCBD,True,42,39,3,simplified_to_triangle
ABCDBCADACDCDB,True,42,39,3,simplified_to_triangle
ABCDBCADACDCDC,True,42,39,3,simplified_to_triangle
ABCDBCADBCACBC,True,42,39,3,simplified_to_triangle
ABCDBCADCADCAD,True,42,39,3,simplified_to_triangle
ABCDBCADCDACAD,True,42,39,3,simplified_to_triangle
ABCDBCADCDCABD,True,42,39,3,simplified_to_triangle
ABCDBCADCDCACD,True,42,39,3,simplified_to_triangle
ABCDBCADCDCADB,True,42,39,3,simplified_to_triangle
ABCDBCADCDCBAD,True,42,39,3,simplified_to_triangle
ABCDBCADCDCBDC,True,42,39,3,simplified_to_triangle
ABCDBCADCDCDBC,True,42,39,3,simplified_to_triangle
ABCDBCBCABDCAC,True,42,39,3,simplified_to_triangle
ABCDBCBCACACBD,True,42,39,3,simplified_to_triangle
ABCDBCBCACACDB,True,42,39,3,simplified_to_triangle
ABCDBCBCACBCAD,True,42,39,3,simplified_to_triangle
ABCDBCBCADACBC,True,42,39,3,simplified_to_triangle
ABCDBCBCADBCAC,True,42,39,3,simplified_to_triangle
ABCDBCBCBDACAC,True,42,39,3,simplified_to_triangle
ABCDBCBCBDBCBC,True,42,39,3,simplified_to_triangle
ABCDBCBCBDCDBD,True,42,39,3,simplified_to_triangle
ABCDBCBCDBACAC,True,42,39,3,simplified_to_triangle
ABCDBCBCDBCDBD,True,42,39,3,simplified_to_triangle
ABCDBCBCDCDBDC,True,42,39,3,simplified_to_triangle
ABCDBCBDACACBC,True,42,39,3,simplified_to_triangle
ABCDBCBDBCBCAC,True,42,39,3,simplified_to_triangle
ABCDBCBDBCDCBD,True,42,39,3,simplified_to_triangle
ABCDBCBDBCDCDB,True,42,39,3,simplified_to_triangle
ABCDBCBDBCDCDC,True,42,39,3,simplified_to_triangle
ABCDBCBDCABDCD,True,42,39,3,simplified_to_triangle
ABCDBCBDCACDBD,True,42,39,3,simplified_to_triangle
ABCDBCBDCADBCD,True,42,39,3,simplified_to_triangle
ABCDBCBDCADBDC,True,42,39,3,simplified_to_triangle
ABCDBCBDCADCBD,True,42,39,3,simplified_to_triangle
ABCDBCBDCADCDB,True,42,39,3,simplified_to_triangle
ABCDBCBDCBACBC,True,42,39,3,simplified_to_triangle
ABCDBCBDCBADCD,True,42,39,3,simplified_to_triangle
ABCDBCBDCBDACD,True,42,39,3,simplified_to_triangle
ABCDBCBDCBDADC,True,42,39,3,simplified_to_triangle
ABCDBCBDCDABDC,True,42,39,3,simplified_to_triangle
ABCDBCBDCDACBD,True,42,39,3,simplified_to_triangle
ABCDBCBDCDACDB,True,42,39,3,simplified_to_triangle
ABCDBCBDCDADBC,True,42,39,3,simplified_to_triangle
ABCDBCBDCDBACD,True,42,39,3,simplified_to_triangle
ABCDBCBDCDBADC,True,42,39,3,simplified_to_triangle
ABCDBCBDCDBDAC,True,42,39,3,simplified_to_triangle
ABCDBCBDCDCBDC,True,42,39,3,simplified_to_triangle
ABCDBCBDCDCDBC,True,42,39,3,simplified_to_triangle
ABCDBCDACADCAD,True,42,39,3,simplified_to_triangle
ABCDBCDACDACAD,True,42,39,3,simplified_to_triangle
ABCDBCDACDCABD,True,42,39,3,simplified_to_triangle
ABCDBCDACDCACD,True,42,39,3,simplified_to_triangle
ABCDBCDACDCADB,True,42,39,3,simplified_to_triangle
ABCDBCDACDCBAD,True,42,39,3,simplified_to_triangle
ABCDBCDACDCBDC,True,42,39,3,simplified_to_triangle
ABCDBCDACDCDBC,True,42,39,3,simplified_to_triangle
ABCDBCDADCBDCB,True,42,39,3,simplified_to_triangle
ABCDBCDADCDCBC,True,42,39,3,simplified_to_triangle
ABCDBCDBACACBC,True,42,39,3,simplified_to_triangle
ABCDBCDBCABDCD,True,42,39,3,simplified_to_triangle
ABCDBCDBCACDBD,True,42,39,3,simplified_to_triangle
ABCDBCDBCADBCD,True,42,39,3,simplified_to_triangle
ABCDBCDBCADBDC,True,42,39,3,simplified_to_triangle
ABCDBCDBCADCBD,True,42,39,3,simplified_to_triangle
ABCDBCDBCADCDB,True,42,39,3,simplified_to_triangle
ABCDBCDBCBDACD,True,42,39,3,simplified_to_triangle
ABCDBCDBCBDADC,True,42,39,3,simplified_to_triangle
ABCDBCDBCDABDC,True,42,39,3,simplified_to_triangle
ABCDBCDBCDACBD,True,42,39,3,simplified_to_triangle
ABCDBCDBCDACDB,True,42,39,3,simplified_to_triangle
ABCDBCDBCDADBC,True,42,39,3,simplified_to_triangle
ABCDBCDBCDBACD,True,42,39,3,simplified_to_triangle
ABCDBCDBCDBADC,True,42,39,3,simplified_to_triangle
ABCDBCDBCDBDAC,True,42,39,3,simplified_to_triangle
ABCDBCDBCDCBDC,True,42,39,3,simplified_to_triangle
ABCDBCDBCDCDBC,True,42,39,3,simplified_to_triangle
ABCDBCDBDCBDCB,True,42,39,3,simplified_to_triangle
ABCDBCDBDCDCBC,True,42,39,3,simplified_to_triangle
ABCDBCDCACBCAC,True,42,39,3,simplified_to_triangle
ABCDBCDCACDCAD,True,42,39,3,simplified_to_triangle
ABCDBCDCADACBD,True,42,39,3,simplified_to_triangle
ABCDBCDCADACDB,True,42,39,3,simplified_to_triangle
ABCDBCDCADACDC,True,42,39,3,simplified_to_triangle
ABCDBCDCADCBDC,True,42,39,3,simplified_to_triangle
ABCDBCDCADCDBC,True,42,39,3,simplified_to_triangle
ABCDBCDCBCACBC,True,42,39,3,simplified_to_triangle
ABCDBCDCBCADCD,True,42,39,3,simplified_to_triangle
ABCDBCDCBCDACD,True,42,39,3,simplified_to_triangle
ABCDBCDCBCDADC,True,42,39,3,simplified_to_triangle
ABCDBCDCBDBCBD,True,42,39,3,simplified_to_triangle
ABCDBCDCBDBCDB,True,42,39,3,simplified_to_triangle
ABCDBCDCBDBCDC,True,42,39,3,simplified_to_triangle
ABCDBCDCBDCBCD,True,42,39,3,simplified_to_triangle
ABCDBCDCBDCBDC,True,42,39,3,simplified_to_triangle
ABCDBCDCBDCDBC,True,42,39,3,simplified_to_triangle
ABCDBCDCDACBDC,True,42,39,3,simplified_to_triangle
ABCDBCDCDACDBC,True,42,39,3,simplified_to_triangle
ABCDBCDCDBCBCD,True,42,39,3,simplified_to_triangle
ABCDBCDCDBCBDC,True,42,39,3,simplified_to_triangle
ABCDBCDCDBCDBC,True,42,39,3,simplified_to_triangle
ABCDBCDCDBDCAC,True,42,39,3,simplified_to_triangle
ABCDBCDCDCADAC,True,42,39,3,simplified_to_triangle
ABCDBCDCDCBACD,True,42,39,3,simplified_to_triangle
ABCDBCDCDCBCDC,True,42,39,3,simplified_to_triangle
ABCDBCDCDCBDBC,True,42,39,3,simplified_to_triangle
ABCDBDABCDCABD,True,42,39,3,simplified_to_triangle
ABCDBDABCDCADB,True,42,39,3,simplified_to_triangle
ABCDBDABCDCBAD,True,42,39,3,simplified_to_triangle
ABCDBDABCDCDCB,True,42,39,3,simplified_to_triangle
ABCDBDABDBCACD,True,42,39,3,simplified_to_triangle
ABCDBDABDBCBCD,True,42,39,3,simplified_to_triangle
ABCDBDACACBDCD,True,42,39,3,simplified_to_triangle
ABCDBDACACDBCD,True,42,39,3,simplified_to_triangle
ABCDBDACADCADC,True,42,39,3,simplified_to_triangle
ABCDBDACADCDAC,True,42,39,3,simplified_to_triangle
ABCDBDACBCADCD,True,42,39,3,simplified_to_triangle
ABCDBDACBCDACD,True,42,39,3,simplified_to_triangle
ABCDBDACBDCBDC,True,42,39,3,simplified_to_triangle
ABCDBDACBDCDBC,True,42,39,3,simplified_to_triangle
ABCDBDACDACADC,True,42,39,3,simplified_to_triangle
ABCDBDACDACDAC,True,42,39,3,simplified_to_triangle
ABCDBDACDBCBDC,True,42,39,3,simplified_to_triangle
ABCDBDACDBCDBC,True,42,39,3,simplified_to_triangle
ABCDBDACDCACDC,True,42,39,3,simplified_to_triangle
ABCDBDACDCBCDC,True,42,39,3,simplified_to_triangle
ABCDBDADCACBDB,True,42,39,3,simplified_to_triangle
ABCDBDADCADCBC,True,42,39,3,simplified_to_triangle
ABCDBDADCBCBDB,True,42,39,3,simplified_to_triangle
ABCDBDADCBDCAC,True,42,39,3,simplified_to_triangle
ABCDBDADCDACBC,True,42,39,3,simplified_to_triangle
ABCDBDADCDADCD,True,42,39,3,simplified_to_triangle
ABCDBDADCDBCAC,True,42,39,3,simplified_to_triangle
ABCDBDADCDBDCD,True,42,39,3,simplified_to_triangle
ABCDBDCABCDCAD,True,42,39,3,simplified_to_triangle
ABCDBDCABCDCDC,True,42,39,3,simplified_to_triangle
ABCDBDCABDACDC,True,42,39,3,simplified_to_triangle
ABCDBDCABDCBDB,True,42,39,3,simplified_to_triangle
ABCDBDCACDCADC,True,42,39,3,simplified_to_triangle
ABCDBDCACDCDAC,True,42,39,3,simplified_to_triangle
ABCDBDCADABCDC,True,42,39,3,simplified_to_triangle
ABCDBDCADACABD,True,42,39,3,simplified_to_triangle
ABCDBDCADACADB,True,42,39,3,simplified_to_triangle
ABCDBDCADBACDC,True,42,39,3,simplified_to_triangle
ABCDBDCADBCBDB,True,42,39,3,simplified_to_triangle
ABCDBDCADCABDC,True,42,39,3,simplified_to_triangle
ABCDBDCADCACBD,True,42,39,3,simplified_to_triangle
ABCDBDCADCACDB,True,42,39,3,simplified_to_triangle
ABCDBDCADCADBC,True,42,39,3,simplified_to_triangle
ABCDBDCADCBCBD,True,42,39,3,simplified_to_triangle
ABCDBDCADCBCDB,True,42,39,3,simplified_to_triangle
ABCDBDCADCBDAC,True,42,39,3,simplified_to_triangle
ABCDBDCADCDBAC,True,42,39,3,simplified_to_triangle
ABCDBDCADCDCAC,True,42,39,3,simplified_to_triangle
ABCDBDCBABDBCD,True,42,39,3,simplified_to_triangle
ABCDBDCBACDCAD,True,42,39,3,simplified_to_triangle
ABCDBDCBACDCDC,True,42,39,3,simplified_to_triangle
ABCDBDCBDACBDB,True,42,39,3,simplified_to_triangle
ABCDBDCBDBCABD,True,42,39,3,simplified_to_triangle
ABCDBDCBDBCADB,True,42,39,3,simplified_to_triangle
ABCDBDCBDCACAD,True,42,39,3,simplified_to_triangle
ABCDBDCBDCADAC,True,42,39,3,simplified_to_triangle
ABCDBDCBDCBCAD,True,42,39,3,simplified_to_triangle
ABCDBDCBDCBDBC,True,42,39,3,simplified_to_triangle
ABCDBDCBDCDCAC,True,42,39,3,simplified_to_triangle
ABCDBDCDACABDC,True,42,39,3,simplified_to_triangle
ABCDBDCDACACBD,True,42,39,3,simplified_to_triangle
ABCDBDCDACACDB,True,42,39,3,simplified_to_triangle
ABCDBDCDACADBC,True,42,39,3,simplified_to_triangle
ABCDBDCDACBCBD,True,42,39,3,simplified_to_triangle
ABCDBDCDACBCDB,True,42,39,3,simplified_to_triangle
ABCDBDCDACBDAC,True,42,39,3,simplified_to_triangle
ABCDBDCDACDBAC,True,42,39,3,simplified_to_triangle
ABCDBDCDACDCAC,True,42,39,3,simplified_to_triangle
ABCDBDCDADBDCD,True,42,39,3,simplified_to_triangle
ABCDBDCDBACBDB,True,42,39,3,simplified_to_triangle
ABCDBDCDBCACAD,True,42,39,3,simplified_to_triangle
ABCDBDCDBCADAC,True,42,39,3,simplified_to_triangle
ABCDBDCDBCBCAD,True,42,39,3,simplified_to_triangle
ABCDBDCDBCBDBC,True,42,39,3,simplified_to_triangle
ABCDBDCDBCDCAC,True,42,39,3,simplified_to_triangle
ABCDBDCDBDADCD,True,42,39,3,simplified_to_triangle
ABCDBDCDCACBDC,True,42,39,3,simplified_to_triangle
ABCDBDCDCACDBC,True,42,39,3,simplified_to_triangle
ABCDBDCDCADCAC,True,42,39,3,simplified_to_triangle
ABCDBDCDCBABDB,True,42,39,3,simplified_to_triangle
ABCDBDCDCBCBCD,True,42,39,3,simplified_to_triangle
ABCDBDCDCBCBDC,True,42,39,3,simplified_to_triangle
ABCDBDCDCBCDBC,True,42,39,3,simplified_to_triangle
ABCDBDCDCBDCAC,True,42,39,3,simplified_to_triangle
ABCDBDCDCDACAC,True,42,39,3,simplified_to_triangle
ABCDBDCDCDBCAC,True,42,39,3,simplified_to_triangle
ABCDCABDACDBDC,True,42,39,3,simplified_to_triangle
ABCDCABDADCABD,True,42,39,3,simplified_to_triangle
ABCDCABDADCADB,True,42,39,3,simplified_to_triangle
ABCDCABDADCBCD,True,42,39,3,simplified_to_triangle
ABCDCABDBACDBD,True,42,39,3,simplified_to_triangle
ABCDCABDBCDADC,True,42,39,3,simplified_to_triangle
ABCDCABDCACDBD,True,42,39,3,simplified_to_triangle
ABCDCACABCDCAC,True,42,39,3,simplified_to_triangle
ABCDCACACBCACD,True,42,39,3,simplified_to_triangle
ABCDCACACBCBCD,True,42,39,3,simplified_to_triangle
ABCDCACADCACBC,True,42,39,3,simplified_to_triangle
ABCDCACADCBCBC,True,42,39,3,simplified_to_triangle
ABCDCACADCDCAD,True,42,39,3,simplified_to_triangle
ABCDCACBCACACD,True,42,39,3,simplified_to_triangle
ABCDCACBCACBCD,True,42,39,3,simplified_to_triangle
ABCDCACBCACDCB,True,42,39,3,simplified_to_triangle
ABCDCACBDCBCAC,True,42,39,3,simplified_to_triangle
ABCDCACDACACBC,True,42,39,3,simplified_to_triangle
ABCDCACDACDCAD,True,42,39,3,simplified_to_triangle
ABCDCACDBCBCAC,True,42,39,3,simplified_to_triangle
ABCDCACDCABDCD,True,42,39,3,simplified_to_triangle
ABCDCACDCADBCD,True,42,39,3,simplified_to_triangle
ABCDCACDCADBDC,True,42,39,3,simplified_to_triangle
ABCDCACDCBACAC,True,42,39,3,simplified_to_triangle
ABCDCACDCBADCD,True,42,39,3,simplified_to_triangle
ABCDCACDCBDACD,True,42,39,3,simplified_to_triangle
ABCDCACDCBDADC,True,42,39,3,simplified_to_triangle
ABCDCACDCBDCAD,True,42,39,3,simplified_to_triangle
ABCDCACDCDABDC,True,42,39,3,simplified_to_triangle
ABCDCACDCDADBC,True,42,39,3,simplified_to_triangle
ABCDCACDCDBACD,True,42,39,3,simplified_to_triangle
ABCDCACDCDBADC,True,42,39,3,simplified_to_triangle
ABCDCACDCDBCAD,True,42,39,3,simplified_to_triangle
ABCDCACDCDBDAC,True,42,39,3,simplified_to_triangle
ABCDCACDCDCADC,True,42,39,3,simplified_to_triangle
ABCDCACDCDCDAC,True,42,39,3,simplified_to_triangle
ABCDCADABDCABD,True,42,39,3,simplified_to_triangle
ABCDCADABDCADB,True,42,39,3,simplified_to_triangle
ABCDCADABDCBCD,True,42,39,3,simplified_to_triangle
ABCDCADACADCAD,True,42,39,3,simplified_to_triangle
ABCDCADACBDCBD,True,42,39,3,simplified_to_triangle
ABCDCADACBDCDB,True,42,39,3,simplified_to_triangle
ABCDCADACDACAD,True,42,39,3,simplified_to_triangle
ABCDCADACDBCBD,True,42,39,3,simplified_to_triangle
ABCDCADACDBCDB,True,42,39,3,simplified_to_triangle
ABCDCADACDCACD,True,42,39,3,simplified_to_triangle
ABCDCADACDCADC,True,42,39,3,simplified_to_triangle
ABCDCADACDCBCD,True,42,39,3,simplified_to_triangle
ABCDCADBACDBDC,True,42,39,3,simplified_to_triangle
ABCDCADBADCABD,True,42,39,3,simplified_to_triangle
ABCDCADBADCADB,True,42,39,3,simplified_to_triangle
ABCDCADBADCBCD,True,42,39,3,simplified_to_triangle
ABCDCADBCACDBD,True,42,39,3,simplified_to_triangle
ABCDCADBDACABD,True,42,39,3,simplified_to_triangle
ABCDCADBDACADB,True,42,39,3,simplified_to_triangle
ABCDCADBDACBCD,True,42,39,3,simplified_to_triangle
ABCDCADBDADCBC,True,42,39,3,simplified_to_triangle
ABCDCADBDCACBD,True,42,39,3,simplified_to_triangle
ABCDCADBDCACDB,True,42,39,3,simplified_to_triangle
ABCDCADBDCBCAD,True,42,39,3,simplified_to_triangle
ABCDCADCACBCAC,True,42,39,3,simplified_to_triangle
ABCDCADCACDCAD,True,42,39,3,simplified_to_triangle
ABCDCADCBCACBC,True,42,39,3,simplified_to_triangle
ABCDCADCBDABDC,True,42,39,3,simplified_to_triangle
ABCDCADCBDADBC,True,42,39,3,simplified_to_triangle
ABCDCADCBDBADC,True,42,39,3,simplified_to_triangle
ABCDCADCBDCABD,True,42,39,3,simplified_to_triangle
ABCDCADCBDCADB,True,42,39,3,simplified_to_triangle
ABCDCADCDABDBC,True,42,39,3,simplified_to_triangle
ABCDCADCDBABDC,True,42,39,3,simplified_to_triangle
ABCDCADCDBADBC,True,42,39,3,simplified_to_triangle
ABCDCADCDBCABD,True,42,39,3,simplified_to_triangle
ABCDCADCDBCADB,True,42,39,3,simplified_to_triangle
ABCDCADCDCABDC,True,42,39,3,simplified_to_triangle
ABCDCADCDCADBC,True,42,39,3,simplified_to_triangle
ABCDCADCDCBACD,True,42,39,3,simplified_to_triangle
ABCDCADCDCBADC,True,42,39,3,simplified_to_triangle
ABCDCADCDCBCAD,True,42,39,3,simplified_to_triangle
ABCDCADCDCBDAC,True,42,39,3,simplified_to_triangle
ABCDCADCDCDBAC,True,42,39,3,simplified_to_triangle
ABCDCBABCDCBAC,True,42,39,3,simplified_to_triangle
ABCDCBABDACDBD,True,42,39,3,simplified_to_triangle
ABCDCBABDBACBC,True,42,39,3,simplified_to_triangle
ABCDCBABDCDADC,True,42,39,3,simplified_to_triangle
ABCDCBACDADCBD,True,42,39,3,simplified_to_triangle
ABCDCBACDBDCAD,True,42,39,3,simplified_to_triangle
ABCDCBADBACDBD,True,42,39,3,simplified_to_triangle
ABCDCBCABCDCBC,True,42,39,3,simplified_to_triangle
ABCDCBCABDADCD,True,42,39,3,simplified_to_triangle
ABCDCBCACBCACD,True,42,39,3,simplified_to_triangle
ABCDCBCACBCBCD,True,42,39,3,simplified_to_triangle
ABCDCBCACBCDCB,True,42,39,3,simplified_to_triangle
ABCDCBCADABDCD,True,42,39,3,simplified_to_triangle
ABCDCBCADBADCD,True,42,39,3,simplified_to_triangle
ABCDCBCADBDACD,True,42,39,3,simplified_to_triangle
ABCDCBCADCACBC,True,42,39,3,simplified_to_triangle
ABCDCBCADCBCBC,True,42,39,3,simplified_to_triangle
ABCDCBCBCACACD,True,42,39,3,simplified_to_triangle
ABCDCBCBCACBCD,True,42,39,3,simplified_to_triangle
ABCDCBCBCDCDBD,True,42,39,3,simplified_to_triangle
ABCDCBCBDCBCAC,True,42,39,3,simplified_to_triangle
ABCDCBCBDCDCBD,True,42,39,3,simplified_to_triangle
ABCDCBCBDCDCDB,True,42,39,3,simplified_to_triangle
ABCDCBCBDCDCDC,True,42,39,3,simplified_to_triangle
ABCDCBCDABDACD,True,42,39,3,simplified_to_triangle
ABCDCBCDACACBC,True,42,39,3,simplified_to_triangle
ABCDCBCDADBACD,True,42,39,3,simplified_to_triangle
ABCDCBCDBADACD,True,42,39,3,simplified_to_triangle
ABCDCBCDBCBCAC,True,42,39,3,simplified_to_triangle
ABCDCBCDBCDCBD,True,42,39,3,simplified_to_triangle
ABCDCBCDBCDCDB,True,42,39,3,simplified_to_triangle
ABCDCBCDBCDCDC,True,42,39,3,simplified_to_triangle
ABCDCBCDBDCDCB,True,42,39,3,simplified_to_triangle
ABCDCBCDCABDCD,True,42,39,3,simplified_to_triangle
ABCDCBCDCACDBD,True,42,39,3,simplified_to_triangle
ABCDCBCDCADBCD,True,42,39,3,simplified_to_triangle
ABCDCBCDCADBDC,True,42,39,3,simplified_to_triangle
ABCDCBCDCADCBD,True,42,39,3,simplified_to_triangle
ABCDCBCDCADCDB,True,42,39,3,simplified_to_triangle
ABCDCBCDCBACBC,True,42,39,3,simplified_to_triangle
ABCDCBCDCBADCD,True,42,39,3,simplified_to_triangle
ABCDCBCDCBDACD,True,42,39,3,simplified_to_triangle
ABCDCBCDCBDADC,True,42,39,3,simplified_to_triangle
ABCDCBCDCDABDC,True,42,39,3,simplified_to_triangle
ABCDCBCDCDACBD,True,42,39,3,simplified_to_triangle
ABCDCBCDCDACDB,True,42,39,3,simplified_to_triangle
ABCDCBCDCDADBC,True,42,39,3,simplified_to_triangle
ABCDCBCDCDBACD,True,42,39,3,simplified_to_triangle
ABCDCBCDCDBADC,True,42,39,3,simplified_to_triangle
ABCDCBCDCDBDAC,True,42,39,3,simplified_to_triangle
ABCDCBCDCDCBDC,True,42,39,3,simplified_to_triangle
ABCDCBCDCDCDBC,True,42,39,3,simplified_to_triangle
ABCDCBDABDCABD,True,42,39,3,simplified_to_triangle
ABCDCBDABDCADB,True,42,39,3,simplified_to_triangle
ABCDCBDADBCABD,True,42,39,3,simplified_to_triangle
ABCDCBDADBCADB,True,42,39,3,simplified_to_triangle
ABCDCBDADBDCAC,True,42,39,3,simplified_to_triangle
ABCDCBDADCACBD,True,42,39,3,simplified_to_triangle
ABCDCBDADCACDB,True,42,39,3,simplified_to_triangle
ABCDCBDADCBCAD,True,42,39,3,simplified_to_triangle
ABCDCBDBACDADC,True,42,39,3,simplified_to_triangle
ABCDCBDBADCABD,True,42,39,3,simplified_to_triangle
ABCDCBDBADCADB,True,42,39,3,simplified_to_triangle
ABCDCBDBCACDBD,True,42,39,3,simplified_to_triangle
ABCDCBDBCADCAD,True,42,39,3,simplified_to_triangle
ABCDCBDBCBDCBD,True,42,39,3,simplified_to_triangle
ABCDCBDBCBDCDB,True,42,39,3,simplified_to_triangle
ABCDCBDBCDACAD,True,42,39,3,simplified_to_triangle
ABCDCBDBCDBCBD,True,42,39,3,simplified_to_triangle
ABCDCBDBCDBCDB,True,42,39,3,simplified_to_triangle
ABCDCBDBCDCACD,True,42,39,3,simplified_to_triangle
ABCDCBDBCDCADC,True,42,39,3,simplified_to_triangle
ABCDCBDBCDCBCD,True,42,39,3,simplified_to_triangle
ABCDCBDCABDADC,True,42,39,3,simplified_to_triangle
ABCDCBDCACBCAC,True,42,39,3,simplified_to_triangle
ABCDCBDCADABDC,True,42,39,3,simplified_to_triangle
ABCDCBDCADBADC,True,42,39,3,simplified_to_triangle
ABCDCBDCADBDAC,True,42,39,3,simplified_to_triangle
ABCDCBDCADCABD,True,42,39,3,simplified_to_triangle
ABCDCBDCADCADB,True,42,39,3,simplified_to_triangle
ABCDCBDCBCACBC,True,42,39,3,simplified_to_triangle
ABCDCBDCBCDCBD,True,42,39,3,simplified_to_triangle
ABCDCBDCBCDCDB,True,42,39,3,simplified_to_triangle
ABCDCBDCBDCDCB,True,42,39,3,simplified_to_triangle
ABCDCBDCDABDAC,True,42,39,3,simplified_to_triangle
ABCDCBDCDACABD,True,42,39,3,simplified_to_triangle
ABCDCBDCDACADB,True,42,39,3,simplified_to_triangle
ABCDCBDCDADBAC,True,42,39,3,simplified_to_triangle
ABCDCBDCDBADAC,True,42,39,3,simplified_to_triangle
ABCDCBDCDBCDCB,True,42,39,3,simplified_to_triangle
ABCDCBDCDCABDC,True,42,39,3,simplified_to_triangle
ABCDCBDCDCACBD,True,42,39,3,simplified_to_triangle
ABCDCBDCDCACDB,True,42,39,3,simplified_to_triangle
ABCDCBDCDCADBC,True,42,39,3,simplified_to_triangle
ABCDCBDCDCBACD,True,42,39,3,simplified_to_triangle
ABCDCBDCDCBADC,True,42,39,3,simplified_to_triangle
ABCDCBDCDCBDAC,True,42,39,3,simplified_to_triangle
ABCDCBDCDCDBAC,True,42,39,3,simplified_to_triangle
ABCDCDABDACABD,True,42,39,3,simplified_to_triangle
ABCDCDABDACADB,True,42,39,3,simplified_to_triangle
ABCDCDABDACBCD,True,42,39,3,simplified_to_triangle
ABCDCDABDADCBC,True,42,39,3,simplified_to_triangle
ABCDCDABDBCABD,True,42,39,3,simplified_to_triangle
ABCDCDABDBCADB,True,42,39,3,simplified_to_triangle
ABCDCDABDCACBD,True,42,39,3,simplified_to_triangle
ABCDCDABDCACDB,True,42,39,3,simplified_to_triangle
ABCDCDABDCBCAD,True,42,39,3,simplified_to_triangle
ABCDCDACACBCAC,True,42,39,3,simplified_to_triangle
ABCDCDACACDCAD,True,42,39,3,simplified_to_triangle
ABCDCDACBCACBC,True,42,39,3,simplified_to_triangle
ABCDCDACBDABDC,True,42,39,3,simplified_to_triangle
ABCDCDACBDADBC,True,42,39,3,simplified_to_triangle
ABCDCDACBDBADC,True,42,39,3,simplified_to_triangle
ABCDCDACBDCABD,True,42,39,3,simplified_to_triangle
ABCDCDACBDCADB,True,42,39,3,simplified_to_triangle
ABCDCDACDABDBC,True,42,39,3,simplified_to_triangle
ABCDCDACDBABDC,True,42,39,3,simplified_to_triangle
ABCDCDACDBADBC,True,42,39,3,simplified_to_triangle
ABCDCDACDBCABD,True,42,39,3,simplified_to_triangle
ABCDCDACDBCADB,True,42,39,3,simplified_to_triangle
ABCDCDACDCABDC,True,42,39,3,simplified_to_triangle
ABCDCDACDCADBC,True,42,39,3,simplified_to_triangle
ABCDCDACDCBCAD,True,42,39,3,simplified_to_triangle
ABCDCDACDCBDAC,True,42,39,3,simplified_to_triangle
ABCDCDACDCDBAC,True,42,39,3,simplified_to_triangle
ABCDCDADBACABD,True,42,39,3,simplified_to_triangle
ABCDCDADBACADB,True,42,39,3,simplified_to_triangle
ABCDCDADBACBCD,True,42,39,3,simplified_to_triangle
ABCDCDADBADCBC,True,42,39,3,simplified_to_triangle
ABCDCDADBCACBD,True,42,39,3,simplified_to_triangle
ABCDCDADBCACDB,True,42,39,3,simplified_to_triangle
ABCDCDADBCBCAD,True,42,39,3,simplified_to_triangle
ABCDCDADBDACBC,True,42,39,3,simplified_to_triangle
ABCDCDADCDCBAC,True,42,39,3,simplified_to_triangle
ABCDCDBABDCABD,True,42,39,3,simplified_to_triangle
ABCDCDBABDCADB,True,42,39,3,simplified_to_triangle
ABCDCDBADACABD,True,42,39,3,simplified_to_triangle
ABCDCDBADACADB,True,42,39,3,simplified_to_triangle
ABCDCDBADACBCD,True,42,39,3,simplified_to_triangle
ABCDCDBADBCABD,True,42,39,3,simplified_to_triangle
ABCDCDBADBCADB,True,42,39,3,simplified_to_triangle
ABCDCDBADBDCAC,True,42,39,3,simplified_to_triangle
ABCDCDBADCACBD,True,42,39,3,simplified_to_triangle
ABCDCDBADCACDB,True,42,39,3,simplified_to_triangle
ABCDCDBADCBCAD,True,42,39,3,simplified_to_triangle
ABCDCDBCABDADC,True,42,39,3,simplified_to_triangle
ABCDCDBCACBCAC,True,42,39,3,simplified_to_triangle
ABCDCDBCADABDC,True,42,39,3,simplified_to_triangle
ABCDCDBCADBADC,True,42,39,3,simplified_to_triangle
ABCDCDBCADBDAC,True,42,39,3,simplified_to_triangle
ABCDCDBCADCABD,True,42,39,3,simplified_to_triangle
ABCDCDBCADCADB,True,42,39,3,simplified_to_triangle
ABCDCDBCBCACBC,True,42,39,3,simplified_to_triangle
ABCDCDBCBCDCBD,True,42,39,3,simplified_to_triangle
ABCDCDBCBCDCDB,True,42,39,3,simplified_to_triangle
ABCDCDBCBDCDCB,True,42,39,3,simplified_to_triangle
ABCDCDBCDABDAC,True,42,39,3,simplified_to_triangle
ABCDCDBCDACABD,True,42,39,3,simplified_to_triangle
ABCDCDBCDACADB,True,42,39,3,simplified_to_triangle
ABCDCDBCDADBAC,True,42,39,3,simplified_to_triangle
ABCDCDBCDBADAC,True,42,39,3,simplified_to_triangle
ABCDCDBCDCABDC,True,42,39,3,simplified_to_triangle
ABCDCDBCDCACBD,True,42,39,3,simplified_to_triangle
ABCDCDBCDCACDB,True,42,39,3,simplified_to_triangle
ABCDCDBCDCADBC,True,42,39,3,simplified_to_triangle
ABCDCDBCDCBDAC,True,42,39,3,simplified_to_triangle
ABCDCDBCDCDBAC,True,42,39,3,simplified_to_triangle
ABCDCDBDABDCAC,True,42,39,3,simplified_to_triangle
ABCDCDBDACACBD,True,42,39,3,simplified_to_triangle
ABCDCDBDACACDB,True,42,39,3,simplified_to_triangle
ABCDCDBDACBCAD,True,42,39,3,simplified_to_triangle
ABCDCDBDADBCAC,True,42,39,3,simplified_to_triangle
ABCDCDBDCDBDCD,True,42,39,3,simplified_to_triangle
ABCDCDBDCDCBAC,True,42,39,3,simplified_to_triangle
ABCDCDCABDACBD,True,42,39,3,simplified_to_triangle
ABCDCDCABDACDB,True,42,39,3,simplified_to_triangle
ABCDCDCABDBCAD,True,42,39,3,simplified_to_triangle
ABCDCDCADACACD,True,42,39,3,simplified_to_triangle
ABCDCDCADACADC,True,42,39,3,simplified_to_triangle
ABCDCDCADACBCD,True,42,39,3,simplified_to_triangle
ABCDCDCADBACBD,True,42,39,3,simplified_to_triangle
ABCDCDCADBACDB,True,42,39,3,simplified_to_triangle
ABCDCDCADBDCAC,True,42,39,3,simplified_to_triangle
ABCDCDCADBDCBC,True,42,39,3,simplified_to_triangle
ABCDCDCADCABDB,True,42,39,3,simplified_to_triangle
ABCDCDCADCABDC,True,42,39,3,simplified_to_triangle
ABCDCDCADCACDC,True,42,39,3,simplified_to_triangle
ABCDCDCADCADBC,True,42,39,3,simplified_to_triangle
ABCDCDCADCBDAC,True,42,39,3,simplified_to_triangle
ABCDCDCADCDBAC,True,42,39,3,simplified_to_triangle
ABCDCDCBABDCAD,True,42,39,3,simplified_to_triangle
ABCDCDCBACDADC,True,42,39,3,simplified_to_triangle
ABCDCDCBACDBDC,True,42,39,3,simplified_to_triangle
ABCDCDCBADACBD,True,42,39,3,simplified_to_triangle
ABCDCDCBCDCDCB,True,42,39,3,simplified_to_triangle
ABCDCDCBDADCAC,True,42,39,3,simplified_to_triangle
ABCDCDCBDADCBC,True,42,39,3,simplified_to_triangle
ABCDCDCBDBACAD,True,42,39,3,simplified_to_triangle
ABCDCDCBDBCACD,True,42,39,3,simplified_to_triangle
ABCDCDCBDBCADC,True,42,39,3,simplified_to_triangle
ABCDCDCBDBCBCD,True,42,39,3,simplified_to_triangle
ABCDCDCBDCABDC,True,42,39,3,simplified_to_triangle
ABCDCDCBDCADBC,True,42,39,3,simplified_to_triangle
ABCDCDCBDCBDAC,True,42,39,3,simplified_to_triangle
ABCDCDCBDCDBAC,True,42,39,3,simplified_to_triangle
ABCDCDCDABDCAC,True,42,39,3,simplified_to_triangle
ABCDCDCDABDCBC,True,42,39,3,simplified_to_triangle
ABCDCDCDACABDB,True,42,39,3,simplified_to_triangle
ABCDCDCDACABDC,True,42,39,3,simplified_to_triangle
ABCDCDCDACACDC,True,42,39,3,simplified_to_triangle
ABCDCDCDACADBC,True,42,39,3,simplified_to_triangle
ABCDCDCDACBDAC,True,42,39,3,simplified_to_triangle
ABCDCDCDACDBAC,True,42,39,3,simplified_to_triangle
ABCDCDCDADBCAC,True,42,39,3,simplified_to_triangle
ABCDCDCDADBCBC,True,42,39,3,simplified_to_triangle
ABCDCDCDADCDBD,True,42,39,3,simplified_to_triangle
ABCDCDCDBADCAC,True,42,39,3,simplified_to_triangle
ABCDCDCDBADCBC,True,42,39,3,simplified_to_triangle
ABCDCDCDBCABDC,True,42,39,3,simplified_to_triangle
ABCDCDCDBCADBC,True,42,39,3,simplified_to_triangle
ABCDCDCDBCBDAC,True,42,39,3,simplified_to_triangle
ABCDCDCDBCDBAC,True,42,39,3,simplified_to_triangle
ABCDCDCDBDACAC,True,42,39,3,simplified_to_triangle
ABCDCDCDBDACBC,True,42,39,3,simplified_to_triangle
ABCDCDCDCACBDC,True,42,39,3,simplified_to_triangle
ABCDCDCDCACDBC,True,42,39,3,simplified_to_triangle
ABCDCDCDCBABDC,True,42,39,3,simplified_to_triangle
ABCDCDCDCBCADC,True,42,39,3,simplified_to_triangle
ABCDCDCDCBCBCD,True,42,39,3,simplified_to_triangle
ABCDCDCDCBCBDB,True,42,39,3,simplified_to_triangle
ABCDCDCDCBCDAC,True,42,39,3,simplified_to_triangle
ABDACABDBACDCD,True,42,39,3,simplified_to_triangle
ABDACABDBCDCDC,True,42,39,3,simplified_to_triangle
ABDACABDCABDCD,True,42,39,3,simplified_to_triangle
ABDACABDCADBCD,True,42,39,3,simplified_to_triangle
ABDACABDCBDACD,True,42,39,3,simplified_to_triangle
ABDACABDCDBACD,True,42,39,3,simplified_to_triangle
ABDACABDCDCBCD,True,42,39,3,simplified_to_triangle
ABDACACABDACAC,True,42,39,3,simplified_to_triangle
ABDACACABDACBC,True,42,39,3,simplified_to_triangle
ABDACACADBACAC,True,42,39,3,simplified_to_triangle
ABDACACADBACBC,True,42,39,3,simplified_to_triangle
ABDACACADCDCAD,True,42,39,3,simplified_to_triangle
ABDACACBCACBDC,True,42,39,3,simplified_to_triangle
ABDACACBCACDBC,True,42,39,3,simplified_to_triangle
ABDACACBCBCADC,True,42,39,3,simplified_to_triangle
ABDACACBCBCDAC,True,42,39,3,simplified_to_triangle
ABDACACBDCDADC,True,42,39,3,simplified_to_triangle
ABDACACBDCDBDC,True,42,39,3,simplified_to_triangle
ABDACACDACDCAD,True,42,39,3,simplified_to_triangle
ABDACACDBCDADC,True,42,39,3,simplified_to_triangle
ABDACACDBCDBDC,True,42,39,3,simplified_to_triangle
ABDACADACADACD,True,42,39,3,simplified_to_triangle
ABDACADACBDBCD,True,42,39,3,simplified_to_triangle
ABDACADACDCADC,True,42,39,3,simplified_to_triangle
ABDACADACDCBCD,True,42,39,3,simplified_to_triangle
ABDACADACDCDAC,True,42,39,3,simplified_to_triangle
ABDACADBCABDCD,True,42,39,3,simplified_to_triangle
ABDACADBCADBCD,True,42,39,3,simplified_to_triangle
ABDACADBCBDACD,True,42,39,3,simplified_to_triangle
ABDACADBCDBACD,True,42,39,3,simplified_to_triangle
ABDACADBCDCBCD,True,42,39,3,simplified_to_triangle
ABDACADCACACBC,True,42,39,3,simplified_to_triangle
ABDACADCACADCD,True,42,39,3,simplified_to_triangle
ABDACADCACDACD,True,42,39,3,simplified_to_triangle
ABDACADCADACDC,True,42,39,3,simplified_to_triangle
ABDACADCADCBCD,True,42,39,3,simplified_to_triangle
ABDACADCADCBDC,True,42,39,3,simplified_to_triangle
ABDACADCADCDBC,True,42,39,3,simplified_to_triangle
ABDACADCBCADCD,True,42,39,3,simplified_to_triangle
ABDACADCBCBCAC,True,42,39,3,simplified_to_triangle
ABDACADCBCDACD,True,42,39,3,simplified_to_triangle
ABDACADCBDBCDC,True,42,39,3,simplified_to_triangle
ABDACADCBDCBCD,True,42,39,3,simplified_to_triangle
ABDACADCDACBCD,True,42,39,3,simplified_to_triangle
ABDACADCDACBDC,True,42,39,3,simplified_to_triangle
ABDACADCDACDBC,True,42,39,3,simplified_to_triangle
ABDACADCDCADAC,True,42,39,3,simplified_to_triangle
ABDACADCDCBDBC,True,42,39,3,simplified_to_triangle
ABDACBCABDACBC,True,42,39,3,simplified_to_triangle
ABDACBCABDCDCD,True,42,39,3,simplified_to_triangle
ABDACBCACACDAC,True,42,39,3,simplified_to_triangle
ABDACBCACBCBDC,True,42,39,3,simplified_to_triangle
ABDACBCACBCDBC,True,42,39,3,simplified_to_triangle
ABDACBCADACDCD,True,42,39,3,simplified_to_triangle
ABDACBCADBACAC,True,42,39,3,simplified_to_triangle
ABDACBCADBACBC,True,42,39,3,simplified_to_triangle
ABDACBCADBCDCD,True,42,39,3,simplified_to_triangle
ABDACBCADBDCDC,True,42,39,3,simplified_to_triangle
ABDACBCADCADCD,True,42,39,3,simplified_to_triangle
ABDACBCADCBDCD,True,42,39,3,simplified_to_triangle
ABDACBCADCDACD,True,42,39,3,simplified_to_triangle
ABDACBCBCACADC,True,42,39,3,simplified_to_triangle
ABDACBCBCACDAC,True,42,39,3,simplified_to_triangle
ABDACBCBDADCDC,True,42,39,3,simplified_to_triangle
ABDACBCBDCDADC,True,42,39,3,simplified_to_triangle
ABDACBCBDCDBDC,True,42,39,3,simplified_to_triangle
ABDACBCBDCDCAD,True,42,39,3,simplified_to_triangle
ABDACBCDABDCDC,True,42,39,3,simplified_to_triangle
ABDACBCDACADCD,True,42,39,3,simplified_to_triangle
ABDACBCDACDACD,True,42,39,3,simplified_to_triangle
ABDACBCDADBCDC,True,42,39,3,simplified_to_triangle
ABDACBCDBADCDC,True,42,39,3,simplified_to_triangle
ABDACBCDBCDACD,True,42,39,3,simplified_to_triangle
ABDACBCDBCDADC,True,42,39,3,simplified_to_triangle
ABDACBCDBCDBDC,True,42,39,3,simplified_to_triangle
ABDACBCDBCDCAD,True,42,39,3,simplified_to_triangle
ABDACBCDBDACDC,True,42,39,3,simplified_to_triangle
ABDACBCDCACDCD,True,42,39,3,simplified_to_triangle
ABDACBCDCADACD,True,42,39,3,simplified_to_triangle
ABDACBCDCADCDC,True,42,39,3,simplified_to_triangle
ABDACBCDCBDACD,True,42,39,3,simplified_to_triangle
ABDACBCDCDACDC,True,42,39,3,simplified_to_triangle
ABDACBCDCDBACD,True,42,39,3,simplified_to_triangle
ABDACBDACABDCD,True,42,39,3,simplified_to_triangle
ABDACBDACADBCD,True,42,39,3,simplified_to_triangle
ABDACBDACBDACD,True,42,39,3,simplified_to_triangle
ABDACBDACDBACD,True,42,39,3,simplified_to_triangle
ABDACBDBABDBCD,True,42,39,3,simplified_to_triangle
ABDACBDBACDCDC,True,42,39,3,simplified_to_triangle
ABDACBDBCADACD,True,42,39,3,simplified_to_triangle
ABDACBDBCBDBCD,True,42,39,3,simplified_to_triangle
ABDACBDBCDCADC,True,42,39,3,simplified_to_triangle
ABDACBDBCDCDAC,True,42,39,3,simplified_to_triangle
ABDACBDCACBCAC,True,42,39,3,simplified_to_triangle
ABDACBDCACBDCD,True,42,39,3,simplified_to_triangle
ABDACBDCACDBCD,True,42,39,3,simplified_to_triangle
ABDACBDCADCADC,True,42,39,3,simplified_to_triangle
ABDACBDCADCDAC,True,42,39,3,simplified_to_triangle
ABDACBDCBCACBC,True,42,39,3,simplified_to_triangle
ABDACBDCBCBDCD,True,42,39,3,simplified_to_triangle
ABDACBDCBCDBCD,True,42,39,3,simplified_to_triangle
ABDACBDCDACADC,True,42,39,3,simplified_to_triangle
ABDACBDCDACDAC,True,42,39,3,simplified_to_triangle
ABDACBDCDCACDC,True,42,39,3,simplified_to_triangle
ABDACDACACADCD,True,42,39,3,simplified_to_triangle
ABDACDACACDACD,True,42,39,3,simplified_to_triangle
ABDACDACADACDC,True,42,39,3,simplified_to_triangle
ABDACDACADCBCD,True,42,39,3,simplified_to_triangle
ABDACDACADCBDC,True,42,39,3,simplified_to_triangle
ABDACDACADCDBC,True,42,39,3,simplified_to_triangle
ABDACDACBCADCD,True,42,39,3,simplified_to_triangle
ABDACDACBCBCAC,True,42,39,3,simplified_to_triangle
ABDACDACBCDACD,True,42,39,3,simplified_to_triangle
ABDACDACBDBCDC,True,42,39,3,simplified_to_triangle
ABDACDACDACBCD,True,42,39,3,simplified_to_triangle
ABDACDACDACBDC,True,42,39,3,simplified_to_triangle
ABDACDACDACDBC,True,42,39,3,simplified_to_triangle
ABDACDACDCADAC,True,42,39,3,simplified_to_triangle
ABDACDACDCBDBC,True,42,39,3,simplified_to_triangle
ABDACDADCBDCAC,True,42,39,3,simplified_to_triangle
ABDACDADCBDCBC,True,42,39,3,simplified_to_triangle
ABDACDADCDBCAC,True,42,39,3,simplified_to_triangle
ABDACDADCDBCBC,True,42,39,3,simplified_to_triangle
ABDACDBACABDCD,True,42,39,3,simplified_to_triangle
ABDACDBACADBCD,True,42,39,3,simplified_to_triangle
ABDACDBACBDACD,True,42,39,3,simplified_to_triangle
ABDACDBACDBACD,True,42,39,3,simplified_to_triangle
ABDACDBCACBCAC,True,42,39,3,simplified_to_triangle
ABDACDBCACBDCD,True,42,39,3,simplified_to_triangle
ABDACDBCACDBCD,True,42,39,3,simplified_to_triangle
ABDACDBCADCADC,True,42,39,3,simplified_to_triangle
ABDACDBCADCDAC,True,42,39,3,simplified_to_triangle
ABDACDBCBCACBC,True,42,39,3,simplified_to_triangle
ABDACDBCBCBDCD,True,42,39,3,simplified_to_triangle
ABDACDBCBCDBCD,True,42,39,3,simplified_to_triangle
ABDACDBCDACADC,True,42,39,3,simplified_to_triangle
ABDACDBCDACBCD,True,42,39,3,simplified_to_triangle
ABDACDBCDACDAC,True,42,39,3,simplified_to_triangle
ABDACDBCDCACDC,True,42,39,3,simplified_to_triangle
ABDACDBDADBDCD,True,42,39,3,simplified_to_triangle
ABDACDBDCBDCAC,True,42,39,3,simplified_to_triangle
ABDACDBDCBDCBC,True,42,39,3,simplified_to_triangle
ABDACDBDCDBCAC,True,42,39,3,simplified_to_triangle
ABDACDBDCDBCBC,True,42,39,3,simplified_to_triangle
ABDACDBDCDCDCD,True,42,39,3,simplified_to_triangle
ABDACDCABDBACD,True,42,39,3,simplified_to_triangle
ABDACDCACACDCD,True,42,39,3,simplified_to_triangle
ABDACDCACADCDC,True,42,39,3,simplified_to_triangle
ABDACDCACDACDC,True,42,39,3,simplified_to_triangle
ABDACDCACDCBCD,True,42,39,3,simplified_to_triangle
ABDACDCACDCBDC,True,42,39,3,simplified_to_triangle
ABDACDCACDCDBC,True,42,39,3,simplified_to_triangle
ABDACDCADACADC,True,42,39,3,simplified_to_triangle
ABDACDCADACBCD,True,42,39,3,simplified_to_triangle
ABDACDCADACDAC,True,42,39,3,simplified_to_triangle
ABDACDCADBDCBC,True,42,39,3,simplified_to_triangle
ABDACDCADCACAD,True,42,39,3,simplified_to_triangle
ABDACDCADCACDC,True,42,39,3,simplified_to_triangle
ABDACDCADCDCBC,True,42,39,3,simplified_to_triangle
ABDACDCBDACBCD,True,42,39,3,simplified_to_triangle
ABDACDCBDADCBC,True,42,39,3,simplified_to_triangle
ABDACDCBDBCADC,True,42,39,3,simplified_to_triangle
ABDACDCBDBCDAC,True,42,39,3,simplified_to_triangle
ABDACDCBDCBCAD,True,42,39,3,simplified_to_triangle
ABDACDCDABDCBC,True,42,39,3,simplified_to_triangle
ABDACDCDACACAD,True,42,39,3,simplified_to_triangle
ABDACDCDACACDC,True,42,39,3,simplified_to_triangle
ABDACDCDACDCBC,True,42,39,3,simplified_to_triangle
ABDACDCDADBCBC,True,42,39,3,simplified_to_triangle
ABDACDCDBACBCD,True,42,39,3,simplified_to_triangle
ABDACDCDBADCBC,True,42,39,3,simplified_to_triangle
ABDACDCDBCBCAD,True,42,39,3,simplified_to_triangle
ABDACDCDBDACBC,True,42,39,3,simplified_to_triangle
ABDACDCDCABDBC,True,42,39,3,simplified_to_triangle
ABDACDCDCBDBAC,True,42,39,3,simplified_to_triangle
ABDACDCDCDBDCD,True,42,39,3,simplified_to_triangle
ABDADCABDBACDC,True,42,39,3,simplified_to_triangle
ABDADCABDCABDC,True,42,39,3,simplified_to_triangle
ABDADCABDCACAD,True,42,39,3,simplified_to_triangle
ABDADCABDCADBC,True,42,39,3,simplified_to_triangle
ABDADCABDCBCAD,True,42,39,3,simplified_to_triangle
ABDADCABDCBDAC,True,42,39,3,simplified_to_triangle
ABDADCABDCDBAC,True,42,39,3,simplified_to_triangle
ABDADCABDCDCBC,True,42,39,3,simplified_to_triangle
ABDADCACABDCAD,True,42,39,3,simplified_to_triangle
ABDADCACADBCAD,True,42,39,3,simplified_to_triangle
ABDADCACBDACAD,True,42,39,3,simplified_to_triangle
ABDADCACBDCACD,True,42,39,3,simplified_to_triangle
ABDADCACBDCBCD,True,42,39,3,simplified_to_triangle
ABDADCACDBACAD,True,42,39,3,simplified_to_triangle
ABDADCACDBCACD,True,42,39,3,simplified_to_triangle
ABDADCACDBCBCD,True,42,39,3,simplified_to_triangle
ABDADCADACADAC,True,42,39,3,simplified_to_triangle
ABDADCADACBDBC,True,42,39,3,simplified_to_triangle
ABDADCADACDCBC,True,42,39,3,simplified_to_triangle
ABDADCADBCABDC,True,42,39,3,simplified_to_triangle
ABDADCADBCACAD,True,42,39,3,simplified_to_triangle
ABDADCADBCADBC,True,42,39,3,simplified_to_triangle
ABDADCADBCBCAD,True,42,39,3,simplified_to_triangle
ABDADCADBCBDAC,True,42,39,3,simplified_to_triangle
ABDADCADBCDBAC,True,42,39,3,simplified_to_triangle
ABDADCADBCDCBC,True,42,39,3,simplified_to_triangle
ABDADCADBDADCD,True,42,39,3,simplified_to_triangle
ABDADCADCACADC,True,42,39,3,simplified_to_triangle
ABDADCADCACDAC,True,42,39,3,simplified_to_triangle
ABDADCADCADCBC,True,42,39,3,simplified_to_triangle
ABDADCADCBCADC,True,42,39,3,simplified_to_triangle
ABDADCADCBCDAC,True,42,39,3,simplified_to_triangle
ABDADCADCBDCBC,True,42,39,3,simplified_to_triangle
ABDADCADCDACBC,True,42,39,3,simplified_to_triangle
ABDADCADCDCDCD,True,42,39,3,simplified_to_triangle
ABDADCBCABDCAD,True,42,39,3,simplified_to_triangle
ABDADCBCABDCDC,True,42,39,3,simplified_to_triangle
ABDADCBCADACDC,True,42,39,3,simplified_to_triangle
ABDADCBCADBCAD,True,42,39,3,simplified_to_triangle
ABDADCBCADBCDC,True,42,39,3,simplified_to_triangle
ABDADCBCADCADC,True,42,39,3,simplified_to_triangle
ABDADCBCADCBDC,True,42,39,3,simplified_to_triangle
ABDADCBCADCDAC,True,42,39,3,simplified_to_triangle
ABDADCBCBDACAD,True,42,39,3,simplified_to_triangle
ABDADCBCBDCACD,True,42,39,3,simplified_to_triangle
ABDADCBCBDCBCD,True,42,39,3,simplified_to_triangle
ABDADCBCDACADC,True,42,39,3,simplified_to_triangle
ABDADCBCDACDAC,True,42,39,3,simplified_to_triangle
ABDADCBCDBACAD,True,42,39,3,simplified_to_triangle
ABDADCBCDBCACD,True,42,39,3,simplified_to_triangle
ABDADCBCDBCBCD,True,42,39,3,simplified_to_triangle
ABDADCBCDBCDAC,True,42,39,3,simplified_to_triangle
ABDADCBCDCACDC,True,42,39,3,simplified_to_triangle
ABDADCBCDCADAC,True,42,39,3,simplified_to_triangle
ABDADCBCDCBDAC,True,42,39,3,simplified_to_triangle
ABDADCBCDCDBAC,True,42,39,3,simplified_to_triangle
ABDADCBDACABDC,True,42,39,3,simplified_to_triangle
ABDADCBDACACAD,True,42,39,3,simplified_to_triangle
ABDADCBDACADBC,True,42,39,3,simplified_to_triangle
ABDADCBDACBCAD,True,42,39,3,simplified_to_triangle
ABDADCBDACBDAC,True,42,39,3,simplified_to_triangle
ABDADCBDACDBAC,True,42,39,3,simplified_to_triangle
ABDADCBDBABDBC,True,42,39,3,simplified_to_triangle
ABDADCBDBCADAC,True,42,39,3,simplified_to_triangle
ABDADCBDBCBDBC,True,42,39,3,simplified_to_triangle
ABDADCBDCACBDC,True,42,39,3,simplified_to_triangle
ABDADCBDCACDBC,True,42,39,3,simplified_to_triangle
ABDADCBDCBCBDC,True,42,39,3,simplified_to_triangle
ABDADCBDCBCDBC,True,42,39,3,simplified_to_triangle
ABDADCDABDADCD,True,42,39,3,simplified_to_triangle
ABDADCDACACADC,True,42,39,3,simplified_to_triangle
ABDADCDACACDAC,True,42,39,3,simplified_to_triangle
ABDADCDACADCBC,True,42,39,3,simplified_to_triangle
ABDADCDACBCADC,True,42,39,3,simplified_to_triangle
ABDADCDACBCDAC,True,42,39,3,simplified_to_triangle
ABDADCDACDACBC,True,42,39,3,simplified_to_triangle
ABDADCDACDCDCD,True,42,39,3,simplified_to_triangle
ABDADCDADBADCD,True,42,39,3,simplified_to_triangle
ABDADCDADBDACD,True,42,39,3,simplified_to_triangle
ABDADCDBACABDC,True,42,39,3,simplified_to_triangle
ABDADCDBACACAD,True,42,39,3,simplified_to_triangle
ABDADCDBACADBC,True,42,39,3,simplified_to_triangle
ABDADCDBACBCAD,True,42,39,3,simplified_to_triangle
ABDADCDBACBDAC,True,42,39,3,simplified_to_triangle
ABDADCDBACDBAC,True,42,39,3,simplified_to_triangle
ABDADCDBCACBDC,True,42,39,3,simplified_to_triangle
ABDADCDBCACDBC,True,42,39,3,simplified_to_triangle
ABDADCDBCBCBDC,True,42,39,3,simplified_to_triangle
ABDADCDBCBCDBC,True,42,39,3,simplified_to_triangle
ABDADCDBCDACBC,True,42,39,3,simplified_to_triangle
ABDADCDBDADBDC,True,42,39,3,simplified_to_triangle
ABDADCDBDCDCDC,True,42,39,3,simplified_to_triangle
ABDADCDCABDBAC,True,42,39,3,simplified_to_triangle
ABDADCDCACACDC,True,42,39,3,simplified_to_triangle
ABDADCDCACDCBC,True,42,39,3,simplified_to_triangle
ABDADCDCADACBC,True,42,39,3,simplified_to_triangle
ABDADCDCBDACBC,True,42,39,3,simplified_to_triangle
ABDADCDCDBACBC,True,42,39,3,simplified_to_triangle
ABDADCDCDCADCD,True,42,39,3,simplified_to_triangle
ABDADCDCDCDACD,True,42,39,3,simplified_to_triangle
ABDADCDCDCDBDC,True,42,39,3,simplified_to_triangle
ABDBABDCADACDC,True,42,39,3,simplified_to_triangle
ABDBABDCBCDCDC,True,42,39,3,simplified_to_triangle
ABDBABDCBDABDC,True,42,39,3,simplified_to_triangle
ABDBABDCBDADBC,True,42,39,3,simplified_to_triangle
ABDBABDCBDBADC,True,42,39,3,simplified_to_triangle
ABDBABDCBDBCDC,True,42,39,3,simplified_to_triangle
ABDBABDCDABDBC,True,42,39,3,simplified_to_triangle
ABDBABDCDBABDC,True,42,39,3,simplified_to_triangle
ABDBABDCDBADBC,True,42,39,3,simplified_to_triangle
ABDBABDCDCADAC,True,42,39,3,simplified_to_triangle
ABDBABDCDCBDBC,True,42,39,3,simplified_to_triangle
ABDBABDCDCDCBC,True,42,39,3,simplified_to_triangle
ABDBACABDBACAC,True,42,39,3,simplified_to_triangle
ABDBACABDBACBC,True,42,39,3,simplified_to_triangle
ABDBACACDCBCBC,True,42,39,3,simplified_to_triangle
ABDBACADABDCDC,True,42,39,3,simplified_to_triangle
ABDBACADACDADC,True,42,39,3,simplified_to_triangle
ABDBACADACDBDC,True,42,39,3,simplified_to_triangle
ABDBACADBDACDC,True,42,39,3,simplified_to_triangle
ABDBACADCBDCDC,True,42,39,3,simplified_to_triangle
ABDBACADCDBCDC,True,42,39,3,simplified_to_triangle
ABDBACBCDBDCDC,True,42,39,3,simplified_to_triangle
ABDBACBDABDCDC,True,42,39,3,simplified_to_triangle
ABDBACBDADBCDC,True,42,39,3,simplified_to_triangle
ABDBACBDBADCDC,True,42,39,3,simplified_to_triangle
ABDBACBDBCDADC,True,42,39,3,simplified_to_triangle
ABDBACBDBCDBDC,True,42,39,3,simplified_to_triangle
ABDBACBDCADCDC,True,42,39,3,simplified_to_triangle
ABDBACBDCDACDC,True,42,39,3,simplified_to_triangle
ABDBACDABDBCDC,True,42,39,3,simplified_to_triangle
ABDBACDACBDCDC,True,42,39,3,simplified_to_triangle
ABDBACDACDBCDC,True,42,39,3,simplified_to_triangle
ABDBACDBABDCDC,True,42,39,3,simplified_to_triangle
ABDBACDBADACDC,True,42,39,3,simplified_to_triangle
ABDBACDBADBCDC,True,42,39,3,simplified_to_triangle
ABDBACDBCADCDC,True,42,39,3,simplified_to_triangle
ABDBACDBCDACDC,True,42,39,3,simplified_to_triangle
ABDBACDBDCBCDC,True,42,39,3,simplified_to_triangle
ABDBCABDCABDCD,True,42,39,3,simplified_to_triangle
ABDBCABDCACDBD,True,42,39,3,simplified_to_triangle
ABDBCABDCADBCD,True,42,39,3,simplified_to_triangle
ABDBCABDCBCDBD,True,42,39,3,simplified_to_triangle
ABDBCABDCBDACD,True,42,39,3,simplified_to_triangle
ABDBCABDCDBACD,True,42,39,3,simplified_to_triangle
ABDBCACABDBCAC,True,42,39,3,simplified_to_triangle
ABDBCACABDBCBC,True,42,39,3,simplified_to_triangle
ABDBCACABDCDBD,True,42,39,3,simplified_to_triangle
ABDBCACACBCBDC,True,42,39,3,simplified_to_triangle
ABDBCACACBCDBC,True,42,39,3,simplified_to_triangle
ABDBCACACBDCAC,True,42,39,3,simplified_to_triangle
ABDBCACADBCDBD,True,42,39,3,simplified_to_triangle
ABDBCACADBDCDC,True,42,39,3,simplified_to_triangle
ABDBCACADCDADC,True,42,39,3,simplified_to_triangle
ABDBCACADCDBDC,True,42,39,3,simplified_to_triangle
ABDBCACADCDCBD,True,42,39,3,simplified_to_triangle
ABDBCACADCDCDB,True,42,39,3,simplified_to_triangle
ABDBCACBCACADC,True,42,39,3,simplified_to_triangle
ABDBCACBCACDAC,True,42,39,3,simplified_to_triangle
ABDBCACBCBCDBC,True,42,39,3,simplified_to_triangle
ABDBCACBDACDBD,True,42,39,3,simplified_to_triangle
ABDBCACBDACDCD,True,42,39,3,simplified_to_triangle
ABDBCACBDADCDC,True,42,39,3,simplified_to_triangle
ABDBCACBDBACAC,True,42,39,3,simplified_to_triangle
ABDBCACBDBACBC,True,42,39,3,simplified_to_triangle
ABDBCACBDBCDCD,True,42,39,3,simplified_to_triangle
ABDBCACBDCADCD,True,42,39,3,simplified_to_triangle
ABDBCACBDCBDCD,True,42,39,3,simplified_to_triangle
ABDBCACBDCDBCD,True,42,39,3,simplified_to_triangle
ABDBCACDABDCDC,True,42,39,3,simplified_to_triangle
ABDBCACDACDADC,True,42,39,3,simplified_to_triangle
ABDBCACDACDBCD,True,42,39,3,simplified_to_triangle
ABDBCACDACDBDC,True,42,39,3,simplified_to_triangle
ABDBCACDACDCBD,True,42,39,3,simplified_to_triangle
ABDBCACDACDCDB,True,42,39,3,simplified_to_triangle
ABDBCACDADBCDC,True,42,39,3,simplified_to_triangle
ABDBCACDADCBDC,True,42,39,3,simplified_to_triangle
ABDBCACDBACDBD,True,42,39,3,simplified_to_triangle
ABDBCACDBACDCD,True,42,39,3,simplified_to_triangle
ABDBCACDBADCDC,True,42,39,3,simplified_to_triangle
ABDBCACDBCBDCD,True,42,39,3,simplified_to_triangle
ABDBCACDBCDBCD,True,42,39,3,simplified_to_triangle
ABDBCACDBDACDC,True,42,39,3,simplified_to_triangle
ABDBCACDCABDCD,True,42,39,3,simplified_to_triangle
ABDBCACDCADBCD,True,42,39,3,simplified_to_triangle
ABDBCACDCBCDCD,True,42,39,3,simplified_to_triangle
ABDBCACDCBDBCD,True,42,39,3,simplified_to_triangle
ABDBCACDCBDCDC,True,42,39,3,simplified_to_triangle
ABDBCACDCDBCDC,True,42,39,3,simplified_to_triangle
ABDBCACDCDCBDB,True,42,39,3,simplified_to_triangle
ABDBCADABDCBDB,True,42,39,3,simplified_to_triangle
ABDBCADACADACD,True,42,39,3,simplified_to_triangle
ABDBCADACBDBCD,True,42,39,3,simplified_to_triangle
ABDBCADACDCBDB,True,42,39,3,simplified_to_triangle
ABDBCADACDCBDC,True,42,39,3,simplified_to_triangle
ABDBCADACDCDBC,True,42,39,3,simplified_to_triangle
ABDBCADBCABDCD,True,42,39,3,simplified_to_triangle
ABDBCADBCACDBD,True,42,39,3,simplified_to_triangle
ABDBCADBCADBCD,True,42,39,3,simplified_to_triangle
ABDBCADBCBCDBD,True,42,39,3,simplified_to_triangle
ABDBCADBCBDACD,True,42,39,3,simplified_to_triangle
ABDBCADBCDBACD,True,42,39,3,simplified_to_triangle
ABDBCADBDACBDB,True,42,39,3,simplified_to_triangle
ABDBCADCACADCD,True,42,39,3,simplified_to_triangle
ABDBCADCACBCAC,True,42,39,3,simplified_to_triangle
ABDBCADCACDACD,True,42,39,3,simplified_to_triangle
ABDBCADCBCACBC,True,42,39,3,simplified_to_triangle
ABDBCADCBCADCD,True,42,39,3,simplified_to_triangle
ABDBCADCBCDACD,True,42,39,3,simplified_to_triangle
ABDBCADCBDCBDC,True,42,39,3,simplified_to_triangle
ABDBCADCBDCDBC,True,42,39,3,simplified_to_triangle
ABDBCADCDBCBDC,True,42,39,3,simplified_to_triangle
ABDBCADCDBCDBC,True,42,39,3,simplified_to_triangle
ABDBCADCDCBCDC,True,42,39,3,simplified_to_triangle
ABDBCBCABDBCBC,True,42,39,3,simplified_to_triangle
ABDBCBCABDCDBD,True,42,39,3,simplified_to_triangle
ABDBCBCACACBDC,True,42,39,3,simplified_to_triangle
ABDBCBCACACDBC,True,42,39,3,simplified_to_triangle
ABDBCBCACBCADC,True,42,39,3,simplified_to_triangle
ABDBCBCACBCDAC,True,42,39,3,simplified_to_triangle
ABDBCBCADBCDBD,True,42,39,3,simplified_to_triangle
ABDBCBCADCDADC,True,42,39,3,simplified_to_triangle
ABDBCBCADCDBDC,True,42,39,3,simplified_to_triangle
ABDBCBCBDACDBD,True,42,39,3,simplified_to_triangle
ABDBCBCBDBACAC,True,42,39,3,simplified_to_triangle
ABDBCBCBDBACBC,True,42,39,3,simplified_to_triangle
ABDBCBCBDCBCBC,True,42,39,3,simplified_to_triangle
ABDBCBCBDCDCBD,True,42,39,3,simplified_to_triangle
ABDBCBCBDCDCDB,True,42,39,3,simplified_to_triangle
ABDBCBCDACDADC,True,42,39,3,simplified_to_triangle
ABDBCBCDACDBDC,True,42,39,3,simplified_to_triangle
ABDBCBCDBACDBD,True,42,39,3,simplified_to_triangle
ABDBCBCDBCDCBD,True,42,39,3,simplified_to_triangle
ABDBCBCDBCDCDB,True,42,39,3,simplified_to_triangle
ABDBCBDACABDCD,True,42,39,3,simplified_to_triangle
ABDBCBDACACDBD,True,42,39,3,simplified_to_triangle
ABDBCBDACADBCD,True,42,39,3,simplified_to_triangle
ABDBCBDACBCDBD,True,42,39,3,simplified_to_triangle
ABDBCBDACBDACD,True,42,39,3,simplified_to_triangle
ABDBCBDACDBACD,True,42,39,3,simplified_to_triangle
ABDBCBDACDCACD,True,42,39,3,simplified_to_triangle
ABDBCBDBCADACD,True,42,39,3,simplified_to_triangle
ABDBCBDBCBDBCD,True,42,39,3,simplified_to_triangle
ABDBCBDBCDCACD,True,42,39,3,simplified_to_triangle
ABDBCBDBCDCBDB,True,42,39,3,simplified_to_triangle
ABDBCBDBCDCBDC,True,42,39,3,simplified_to_triangle
ABDBCBDBCDCDBC,True,42,39,3,simplified_to_triangle
ABDBCBDCACACBC,True,42,39,3,simplified_to_triangle
ABDBCBDCACBDCD,True,42,39,3,simplified_to_triangle
ABDBCBDCACDBCD,True,42,39,3,simplified_to_triangle
ABDBCBDCADACDC,True,42,39,3,simplified_to_triangle
ABDBCBDCADCACD,True,42,39,3,simplified_to_triangle
ABDBCBDCBCBCAC,True,42,39,3,simplified_to_triangle
ABDBCBDCBCBDCD,True,42,39,3,simplified_to_triangle
ABDBCBDCBCDBCD,True,42,39,3,simplified_to_triangle
ABDBCBDCBCDBDC,True,42,39,3,simplified_to_triangle
ABDBCBDCBDBCDC,True,42,39,3,simplified_to_triangle
ABDBCBDCBDCACD,True,42,39,3,simplified_to_triangle
ABDBCBDCBDCADC,True,42,39,3,simplified_to_triangle
ABDBCBDCBDCDAC,True,42,39,3,simplified_to_triangle
ABDBCBDCDBCACD,True,42,39,3,simplified_to_triangle
ABDBCBDCDBCADC,True,42,39,3,simplified_to_triangle
ABDBCBDCDBCDAC,True,42,39,3,simplified_to_triangle
ABDBCBDCDBDCBC,True,42,39,3,simplified_to_triangle
ABDBCBDCDCADAC,True,42,39,3,simplified_to_triangle
ABDBCBDCDCBDBC,True,42,39,3,simplified_to_triangle
ABDBCDACACADCD,True,42,39,3,simplified_to_triangle
ABDBCDACACBCAC,True,42,39,3,simplified_to_triangle
ABDBCDACACDACD,True,42,39,3,simplified_to_triangle
ABDBCDACBCACBC,True,42,39,3,simplified_to_triangle
ABDBCDACBCADCD,True,42,39,3,simplified_to_triangle
ABDBCDACBCDACD,True,42,39,3,simplified_to_triangle
ABDBCDACBDCBDC,True,42,39,3,simplified_to_triangle
ABDBCDACBDCDBC,True,42,39,3,simplified_to_triangle
ABDBCDACDBCACD,True,42,39,3,simplified_to_triangle
ABDBCDACDBCBDC,True,42,39,3,simplified_to_triangle
ABDBCDACDBCDBC,True,42,39,3,simplified_to_triangle
ABDBCDACDCBCDC,True,42,39,3,simplified_to_triangle
ABDBCDADBDADCD,True,42,39,3,simplified_to_triangle
ABDBCDADCACBDC,True,42,39,3,simplified_to_triangle
ABDBCDADCADCAC,True,42,39,3,simplified_to_triangle
ABDBCDADCADCBC,True,42,39,3,simplified_to_triangle
ABDBCDADCDACAC,True,42,39,3,simplified_to_triangle
ABDBCDADCDACBC,True,42,39,3,simplified_to_triangle
ABDBCDADCDCDCD,True,42,39,3,simplified_to_triangle
ABDBCDBACABDCD,True,42,39,3,simplified_to_triangle
ABDBCDBACACDBD,True,42,39,3,simplified_to_triangle
ABDBCDBACADBCD,True,42,39,3,simplified_to_triangle
ABDBCDBACBCDBD,True,42,39,3,simplified_to_triangle
ABDBCDBACBDACD,True,42,39,3,simplified_to_triangle
ABDBCDBACDBACD,True,42,39,3,simplified_to_triangle
ABDBCDBACDCACD,True,42,39,3,simplified_to_triangle
ABDBCDBCACACBC,True,42,39,3,simplified_to_triangle
ABDBCDBCACBDCD,True,42,39,3,simplified_to_triangle
ABDBCDBCACDBCD,True,42,39,3,simplified_to_triangle
ABDBCDBCADACDC,True,42,39,3,simplified_to_triangle
ABDBCDBCBCBDCD,True,42,39,3,simplified_to_triangle
ABDBCDBCBCDBCD,True,42,39,3,simplified_to_triangle
ABDBCDBCBDBCDC,True,42,39,3,simplified_to_triangle
ABDBCDBCBDCACD,True,42,39,3,simplified_to_triangle
ABDBCDBCBDCADC,True,42,39,3,simplified_to_triangle
ABDBCDBCBDCDAC,True,42,39,3,simplified_to_triangle
ABDBCDBCDBCACD,True,42,39,3,simplified_to_triangle
ABDBCDBCDBCADC,True,42,39,3,simplified_to_triangle
ABDBCDBCDBCDAC,True,42,39,3,simplified_to_triangle
ABDBCDBCDCADAC,True,42,39,3,simplified_to_triangle
ABDBCDBCDCBDBC,True,42,39,3,simplified_to_triangle
ABDBCDBDCADCAC,True,42,39,3,simplified_to_triangle
ABDBCDBDCADCBC,True,42,39,3,simplified_to_triangle
ABDBCDBDCDACAC,True,42,39,3,simplified_to_triangle
ABDBCDBDCDACBC,True,42,39,3,simplified_to_triangle
ABDBCDCABDCACD,True,42,39,3,simplified_to_triangle
ABDBCDCADACBDC,True,42,39,3,simplified_to_triangle
ABDBCDCADACDBC,True,42,39,3,simplified_to_triangle
ABDBCDCADBCACD,True,42,39,3,simplified_to_triangle
ABDBCDCADBDCAC,True,42,39,3,simplified_to_triangle
ABDBCDCADCACBD,True,42,39,3,simplified_to_triangle
ABDBCDCADCACDB,True,42,39,3,simplified_to_triangle
ABDBCDCBCBCDCD,True,42,39,3,simplified_to_triangle
ABDBCDCBCBDCDC,True,42,39,3,simplified_to_triangle
ABDBCDCBCDBCDC,True,42,39,3,simplified_to_triangle
ABDBCDCBCDCACD,True,42,39,3,simplified_to_triangle
ABDBCDCBCDCADC,True,42,39,3,simplified_to_triangle
ABDBCDCBCDCDAC,True,42,39,3,simplified_to_triangle
ABDBCDCBDADCAC,True,42,39,3,simplified_to_triangle
ABDBCDCBDBCACD,True,42,39,3,simplified_to_triangle
ABDBCDCBDBCBDC,True,42,39,3,simplified_to_triangle
ABDBCDCBDBCDBC,True,42,39,3,simplified_to_triangle
ABDBCDCBDCBCBD,True,42,39,3,simplified_to_triangle
ABDBCDCBDCBCDB,True,42,39,3,simplified_to_triangle
ABDBCDCBDCBCDC,True,42,39,3,simplified_to_triangle
ABDBCDCBDCDCAC,True,42,39,3,simplified_to_triangle
ABDBCDCDABDCAC,True,42,39,3,simplified_to_triangle
ABDBCDCDACACBD,True,42,39,3,simplified_to_triangle
ABDBCDCDACACDB,True,42,39,3,simplified_to_triangle
ABDBCDCDADBCAC,True,42,39,3,simplified_to_triangle
ABDBCDCDBADCAC,True,42,39,3,simplified_to_triangle
ABDBCDCDBCBCBD,True,42,39,3,simplified_to_triangle
ABDBCDCDBCBCDB,True,42,39,3,simplified_to_triangle
ABDBCDCDBCBCDC,True,42,39,3,simplified_to_triangle
ABDBCDCDBCDCAC,True,42,39,3,simplified_to_triangle
ABDBCDCDBDACAC,True,42,39,3,simplified_to_triangle
ABDBCDCDCDADCD,True,42,39,3,simplified_to_triangle
ABDCABDCABDCAD,True,42,39,3,simplified_to_triangle
ABDCABDCABDCBD,True,42,39,3,simplified_to_triangle
ABDCABDCABDCDB,True,42,39,3,simplified_to_triangle
ABDCABDCADBCAD,True,42,39,3,simplified_to_triangle
ABDCABDCADBCBD,True,42,39,3,simplified_to_triangle
ABDCABDCADBCDB,True,42,39,3,simplified_to_triangle
ABDCABDCADBDAC,True,42,39,3,simplified_to_triangle
ABDCABDCADCADC,True,42,39,3,simplified_to_triangle
ABDCABDCADCBCD,True,42,39,3,simplified_to_triangle
ABDCABDCADCDAC,True,42,39,3,simplified_to_triangle
ABDCABDCBCDBDC,True,42,39,3,simplified_to_triangle
ABDCABDCBDACAD,True,42,39,3,simplified_to_triangle
ABDCABDCBDACBD,True,42,39,3,simplified_to_triangle
ABDCABDCBDACDB,True,42,39,3,simplified_to_triangle
ABDCABDCBDADBC,True,42,39,3,simplified_to_triangle
ABDCABDCBDCACD,True,42,39,3,simplified_to_triangle
ABDCABDCBDCBDC,True,42,39,3,simplified_to_triangle
ABDCABDCBDCDBC,True,42,39,3,simplified_to_triangle
ABDCABDCDACADC,True,42,39,3,simplified_to_triangle
ABDCABDCDACBCD,True,42,39,3,simplified_to_triangle
ABDCABDCDACDAC,True,42,39,3,simplified_to_triangle
ABDCABDCDBACAD,True,42,39,3,simplified_to_triangle
ABDCABDCDBACBD,True,42,39,3,simplified_to_triangle
ABDCABDCDBACDB,True,42,39,3,simplified_to_triangle
ABDCABDCDBADAC,True,42,39,3,simplified_to_triangle
ABDCABDCDBADBC,True,42,39,3,simplified_to_triangle
ABDCABDCDBCACD,True,42,39,3,simplified_to_triangle
ABDCABDCDBCBDC,True,42,39,3,simplified_to_triangle
ABDCABDCDBCDBC,True,42,39,3,simplified_to_triangle
ABDCABDCDBDCBC,True,42,39,3,simplified_to_triangle
ABDCABDCDCACDC,True,42,39,3,simplified_to_triangle
ABDCABDCDCBCAD,True,42,39,3,simplified_to_triangle
ABDCABDCDCBCDC,True,42,39,3,simplified_to_triangle
ABDCACABDCBCBC,True,42,39,3,simplified_to_triangle
ABDCACABDCDCDC,True,42,35,7,visual_inspection
ABDCACACBCACDC,True,42,39,3,simplified_to_triangle
ABDCACACBCBCDC,True,42,39,3,simplified_to_triangle
ABDCACACBCDCAC,True,42,39,3,simplified_to_triangle
ABDCACACBCDCBC,True,42,39,3,simplified_to_triangle
ABDCACACDCBDCD,True,42,39,3,simplified_to_triangle
ABDCACACDCDADC,True,42,39,3,simplified_to_triangle
ABDCACACDCDBCD,True,42,39,3,simplified_to_triangle
ABDCACACDCDCDC,True,42,39,3,simplified_to_triangle
ABDCACADACDCDC,True,42,39,3,simplified_to_triangle
ABDCACADCACDBD,True,42,39,3,simplified_to_triangle
ABDCACADCADACD,True,42,39,3,simplified_to_triangle
ABDCACADCBCDBD,True,42,39,3,simplified_to_triangle
ABDCACADCBDBCD,True,42,39,3,simplified_to_triangle
ABDCACADCDCADC,True,42,39,3,simplified_to_triangle
ABDCACADCDCBCD,True,42,39,3,simplified_to_triangle
ABDCACADCDCBDC,True,42,36,6,visual_inspection
ABDCACADCDCDAC,True,42,39,3,simplified_to_triangle
ABDCACBCACACDC,True,42,39,3,simplified_to_triangle
ABDCACBCACBCDC,True,42,39,3,simplified_to_triangle
ABDCACBCBCDCAC,True,42,39,3,simplified_to_triangle
ABDCACBCBCDCBC,True,42,39,3,simplified_to_triangle
ABDCACBCDBDCDB,True,42,39,3,simplified_to_triangle
ABDCACBCDCBDCD,True,42,39,3,simplified_to_triangle
ABDCACBCDCDBCD,True,42,39,3,simplified_to_triangle
ABDCACBDABDCDC,True,42,39,3,simplified_to_triangle
ABDCACBDACDCBD,True,42,39,3,simplified_to_triangle
ABDCACBDACDCDB,True,42,39,3,simplified_to_triangle
ABDCACBDADBCDC,True,42,39,3,simplified_to_triangle
ABDCACBDBCDCBD,True,42,39,3,simplified_to_triangle
ABDCACBDBCDCDB,True,42,39,3,simplified_to_triangle
ABDCACBDBCDCDC,True,42,39,3,simplified_to_triangle
ABDCACBDCABDCD,True,42,39,3,simplified_to_triangle
ABDCACBDCADBCD,True,42,39,3,simplified_to_triangle
ABDCACBDCADCBD,True,42,39,3,simplified_to_triangle
ABDCACBDCADCDB,True,42,39,3,simplified_to_triangle
ABDCACBDCBDACD,True,42,39,3,simplified_to_triangle
ABDCACBDCBDCBD,True,42,39,3,simplified_to_triangle
ABDCACBDCBDCDB,True,42,39,3,simplified_to_triangle
ABDCACBDCDBACD,True,42,39,3,simplified_to_triangle
ABDCACBDCDBCBD,True,42,39,3,simplified_to_triangle
ABDCACBDCDBCDB,True,42,39,3,simplified_to_triangle
ABDCACBDCDCBCD,True,42,39,3,simplified_to_triangle
ABDCACDACACDBD,True,42,39,3,simplified_to_triangle
ABDCACDACADACD,True,42,39,3,simplified_to_triangle
ABDCACDACBCDBD,True,42,39,3,simplified_to_triangle
ABDCACDACBDBCD,True,42,39,3,simplified_to_triangle
ABDCACDACDBCBD,True,42,39,3,simplified_to_triangle
ABDCACDACDBCDB,True,42,39,3,simplified_to_triangle
ABDCACDACDCADC,True,42,39,3,simplified_to_triangle
ABDCACDACDCBCD,True,42,39,3,simplified_to_triangle
ABDCACDACDCBDC,True,42,36,6,visual_inspection
ABDCACDACDCDAC,True,42,39,3,simplified_to_triangle
ABDCACDADCDCAC,True,42,39,3,simplified_to_triangle
ABDCACDBABDCDC,True,42,39,3,simplified_to_triangle
ABDCACDBACDCBD,True,42,39,3,simplified_to_triangle
ABDCACDBCABDCD,True,42,39,3,simplified_to_triangle
ABDCACDBCADBCD,True,42,39,3,simplified_to_triangle
ABDCACDBCBDACD,True,42,39,3,simplified_to_triangle
ABDCACDBCBDCBD,True,42,39,3,simplified_to_triangle
ABDCACDBCBDCDB,True,42,39,3,simplified_to_triangle
ABDCACDBCDBACD,True,42,39,3,simplified_to_triangle
ABDCACDBCDBCBD,True,42,39,3,simplified_to_triangle
ABDCACDBCDBCDB,True,42,39,3,simplified_to_triangle
ABDCACDBCDCBCD,True,42,39,3,simplified_to_triangle
ABDCACDBDCBCDB,True,42,39,3,simplified_to_triangle
ABDCACDCABDCBD,True,42,39,3,simplified_to_triangle
ABDCACDCABDCDB,True,42,39,3,simplified_to_triangle
ABDCACDCACACBC,True,42,39,3,simplified_to_triangle
ABDCACDCACADCD,True,42,39,3,simplified_to_triangle
ABDCACDCACDACD,True,42,39,3,simplified_to_triangle
ABDCACDCADACDC,True,42,39,3,simplified_to_triangle
ABDCACDCADBCBD,True,42,39,3,simplified_to_triangle
ABDCACDCADBCDB,True,42,39,3,simplified_to_triangle
ABDCACDCADCBCD,True,42,39,3,simplified_to_triangle
ABDCACDCADCBDC,True,42,39,3,simplified_to_triangle
ABDCACDCADCDBC,True,42,39,3,simplified_to_triangle
ABDCACDCBCADCD,True,42,39,3,simplified_to_triangle
ABDCACDCBCBCAC,True,42,39,3,simplified_to_triangle
ABDCACDCBCDACD,True,42,39,3,simplified_to_triangle
ABDCACDCBCDCBD,True,42,39,3,simplified_to_triangle
ABDCACDCBCDCDB,True,42,39,3,simplified_to_triangle
ABDCACDCBDBCBD,True,42,39,3,simplified_to_triangle
ABDCACDCBDBCDB,True,42,39,3,simplified_to_triangle
ABDCACDCBDBCDC,True,42,39,3,simplified_to_triangle
ABDCACDCBDCBCD,True,42,39,3,simplified_to_triangle
ABDCACDCDACBCD,True,42,39,3,simplified_to_triangle
ABDCACDCDACBDC,True,42,39,3,simplified_to_triangle
ABDCACDCDACDBC,True,42,39,3,simplified_to_triangle
ABDCACDCDBCBCD,True,42,39,3,simplified_to_triangle
ABDCACDCDCADAC,True,42,39,3,simplified_to_triangle
ABDCACDCDCBDBC,True,42,39,3,simplified_to_triangle
ABDCADABDCADBC,True,42,39,3,simplified_to_triangle
ABDCADABDCBDAC,True,42,39,3,simplified_to_triangle
ABDCADABDCDBAC,True,42,39,3,simplified_to_triangle
ABDCADACADACAD,True,42,39,3,simplified_to_triangle
ABDCADACADACBD,True,42,39,3,simplified_to_triangle
ABDCADACADACDB,True,42,39,3,simplified_to_triangle
ABDCADACADCACD,True,42,39,3,simplified_to_triangle
ABDCADACBDBCAD,True,42,39,3,simplified_to_triangle
ABDCADACBDBCBD,True,42,39,3,simplified_to_triangle
ABDCADACBDBCDB,True,42,39,3,simplified_to_triangle
ABDCADACBDCBCD,True,42,39,3,simplified_to_triangle
ABDCADACDACACD,True,42,39,3,simplified_to_triangle
ABDCADACDBCBCD,True,42,39,3,simplified_to_triangle
ABDCADACDCBCAD,True,42,39,3,simplified_to_triangle
ABDCADBCABDCBD,True,42,39,3,simplified_to_triangle
ABDCADBCABDCDB,True,42,39,3,simplified_to_triangle
ABDCADBCADBCAD,True,42,39,3,simplified_to_triangle
ABDCADBCADBCBD,True,42,39,3,simplified_to_triangle
ABDCADBCADBCDB,True,42,39,3,simplified_to_triangle
ABDCADBCADBDAC,True,42,39,3,simplified_to_triangle
ABDCADBCADCADC,True,42,39,3,simplified_to_triangle
ABDCADBCADCBCD,True,42,39,3,simplified_to_triangle
ABDCADBCADCDAC,True,42,39,3,simplified_to_triangle
ABDCADBCBDACAD,True,42,39,3,simplified_to_triangle
ABDCADBCBDACBD,True,42,39,3,simplified_to_triangle
ABDCADBCBDACDB,True,42,39,3,simplified_to_triangle
ABDCADBCBDADBC,True,42,39,3,simplified_to_triangle
ABDCADBCBDCACD,True,42,39,3,simplified_to_triangle
ABDCADBCBDCBDC,True,42,39,3,simplified_to_triangle
ABDCADBCBDCDBC,True,42,39,3,simplified_to_triangle
ABDCADBCDACADC,True,42,39,3,simplified_to_triangle
ABDCADBCDACBCD,True,42,39,3,simplified_to_triangle
ABDCADBCDACDAC,True,42,39,3,simplified_to_triangle
ABDCADBCDBACAD,True,42,39,3,simplified_to_triangle
ABDCADBCDBACBD,True,42,39,3,simplified_to_triangle
ABDCADBCDBADAC,True,42,39,3,simplified_to_triangle
ABDCADBCDBADBC,True,42,39,3,simplified_to_triangle
ABDCADBCDBCACD,True,42,39,3,simplified_to_triangle
ABDCADBCDBCBDC,True,42,39,3,simplified_to_triangle
ABDCADBCDBCDBC,True,42,39,3,simplified_to_triangle
ABDCADBCDCACDC,True,42,39,3,simplified_to_triangle
ABDCADBCDCBCAD,True,42,39,3,simplified_to_triangle
ABDCADBCDCBCDC,True,42,39,3,simplified_to_triangle
ABDCADBDACADBC,True,42,39,3,simplified_to_triangle
ABDCADBDACBDAC,True,42,39,3,simplified_to_triangle
ABDCADBDACDBAC,True,42,39,3,simplified_to_triangle
ABDCADBDCACBDC,True,42,39,3,simplified_to_triangle
ABDCADBDCACDBC,True,42,39,3,simplified_to_triangle
ABDCADBDCBCADC,True,42,39,3,simplified_to_triangle
ABDCADBDCBCDAC,True,42,39,3,simplified_to_triangle
ABDCADCACADCAD,True,42,39,3,simplified_to_triangle
ABDCADCACADCBD,True,42,39,3,simplified_to_triangle
ABDCADCACADCDB,True,42,39,3,simplified_to_triangle
ABDCADCACDACAD,True,42,39,3,simplified_to_triangle
ABDCADCACDACBD,True,42,39,3,simplified_to_triangle
ABDCADCACDACDB,True,42,39,3,simplified_to_triangle
ABDCADCACDCACD,True,42,39,3,simplified_to_triangle
ABDCADCADCADBC,True,42,39,3,simplified_to_triangle
ABDCADCADCBCAD,True,42,39,3,simplified_to_triangle
ABDCADCADCBDAC,True,42,39,3,simplified_to_triangle
ABDCADCADCDBAC,True,42,39,3,simplified_to_triangle
ABDCADCBCADBDC,True,42,39,3,simplified_to_triangle
ABDCADCBCADCAD,True,42,39,3,simplified_to_triangle
ABDCADCBCADCBD,True,42,39,3,simplified_to_triangle
ABDCADCBCADCDB,True,42,39,3,simplified_to_triangle
ABDCADCBCBDADC,True,42,39,3,simplified_to_triangle
ABDCADCBCDACAD,True,42,39,3,simplified_to_triangle
ABDCADCBCDACBD,True,42,39,3,simplified_to_triangle
ABDCADCBCDACDB,True,42,39,3,simplified_to_triangle
ABDCADCBCDADBC,True,42,39,3,simplified_to_triangle
ABDCADCBCDBADC,True,42,39,3,simplified_to_triangle
ABDCADCBCDBDAC,True,42,39,3,simplified_to_triangle
ABDCADCBCDCACD,True,42,39,3,simplified_to_triangle
ABDCADCBCDCBDC,True,42,39,3,simplified_to_triangle
ABDCADCBCDCDBC,True,42,39,3,simplified_to_triangle
ABDCADCBDCBCAD,True,42,39,3,simplified_to_triangle
ABDCADCBDCDCBC,True,42,39,3,simplified_to_triangle
ABDCADCDACADBC,True,42,39,3,simplified_to_triangle
ABDCADCDACBCAD,True,42,39,3,simplified_to_triangle
ABDCADCDACBDAC,True,42,39,3,simplified_to_triangle
ABDCADCDACDBAC,True,42,39,3,simplified_to_triangle
ABDCADCDBCDCBC,True,42,39,3,simplified_to_triangle
ABDCADCDCACBCD,True,42,39,3,simplified_to_triangle
ABDCADCDCACBDC,True,42,39,3,simplified_to_triangle
ABDCADCDCACDBC,True,42,39,3,simplified_to_triangle
ABDCADCDCADCAC,True,42,39,3,simplified_to_triangle
ABDCADCDCBCBCD,True,42,39,3,simplified_to_triangle
ABDCADCDCDACAC,True,42,39,3,simplified_to_triangle
ABDCBCABDCDCAD,True,42,39,3,simplified_to_triangle
ABDCBCACACDCAC,True,42,39,3,simplified_to_triangle
ABDCBCACACDCBC,True,42,39,3,simplified_to_triangle
ABDCBCACBCACDC,True,42,39,3,simplified_to_triangle
ABDCBCACBCBCDC,True,42,39,3,simplified_to_triangle
ABDCBCACDCADCD,True,42,39,3,simplified_to_triangle
ABDCBCACDCDACD,True,42,39,3,simplified_to_triangle
ABDCBCADACDCAD,True,42,39,3,simplified_to_triangle
ABDCBCADACDCDC,True,42,39,3,simplified_to_triangle
ABDCBCADBCDCAD,True,42,39,3,simplified_to_triangle
ABDCBCADCABDCD,True,42,39,3,simplified_to_triangle
ABDCBCADCACDBD,True,42,39,3,simplified_to_triangle
ABDCBCADCADBCD,True,42,39,3,simplified_to_triangle
ABDCBCADCADCAD,True,42,39,3,simplified_to_triangle
ABDCBCADCBCDBD,True,42,39,3,simplified_to_triangle
ABDCBCADCBDACD,True,42,39,3,simplified_to_triangle
ABDCBCADCBDCAD,True,42,39,3,simplified_to_triangle
ABDCBCADCDACAD,True,42,39,3,simplified_to_triangle
ABDCBCADCDBACD,True,42,39,3,simplified_to_triangle
ABDCBCADCDCACD,True,42,39,3,simplified_to_triangle
ABDCBCBCACACDC,True,42,39,3,simplified_to_triangle
ABDCBCBCACBCDC,True,42,39,3,simplified_to_triangle
ABDCBCBCACDCAC,True,42,39,3,simplified_to_triangle
ABDCBCBCACDCBC,True,42,39,3,simplified_to_triangle
ABDCBCBDBCDCDC,True,42,39,3,simplified_to_triangle
ABDCBCBDCADACD,True,42,39,3,simplified_to_triangle
ABDCBCBDCBDBCD,True,42,39,3,simplified_to_triangle
ABDCBCBDCDCACD,True,42,39,3,simplified_to_triangle
ABDCBCBDCDCBDC,True,42,39,3,simplified_to_triangle
ABDCBCBDCDCDBC,True,42,39,3,simplified_to_triangle
ABDCBCDACABDCD,True,42,39,3,simplified_to_triangle
ABDCBCDACACDBD,True,42,39,3,simplified_to_triangle
ABDCBCDACADBCD,True,42,39,3,simplified_to_triangle
ABDCBCDACADCAD,True,42,39,3,simplified_to_triangle
ABDCBCDACBCDBD,True,42,39,3,simplified_to_triangle
ABDCBCDACBDACD,True,42,39,3,simplified_to_triangle
ABDCBCDACDACAD,True,42,39,3,simplified_to_triangle
ABDCBCDACDCACD,True,42,39,3,simplified_to_triangle
ABDCBCDBCADACD,True,42,39,3,simplified_to_triangle
ABDCBCDBCBDBCD,True,42,39,3,simplified_to_triangle
ABDCBCDBCDACAD,True,42,39,3,simplified_to_triangle
ABDCBCDBCDCACD,True,42,39,3,simplified_to_triangle
ABDCBCDBCDCBDC,True,42,39,3,simplified_to_triangle
ABDCBCDBCDCDBC,True,42,39,3,simplified_to_triangle
ABDCBCDCACACBC,True,42,39,3,simplified_to_triangle
ABDCBCDCACBDCD,True,42,39,3,simplified_to_triangle
ABDCBCDCACDBCD,True,42,39,3,simplified_to_triangle
ABDCBCDCACDCAD,True,42,39,3,simplified_to_triangle
ABDCBCDCADACAD,True,42,39,3,simplified_to_triangle
ABDCBCDCADACDC,True,42,39,3,simplified_to_triangle
ABDCBCDCADCACD,True,42,39,3,simplified_to_triangle
ABDCBCDCBCBCAC,True,42,39,3,simplified_to_triangle
ABDCBCDCBCBDCD,True,42,39,3,simplified_to_triangle
ABDCBCDCBCDBCD,True,42,39,3,simplified_to_triangle
ABDCBCDCBCDBDC,True,42,39,3,simplified_to_triangle
ABDCBCDCBDACAD,True,42,39,3,simplified_to_triangle
ABDCBCDCBDBCDC,True,42,39,3,simplified_to_triangle
ABDCBCDCBDCACD,True,42,39,3,simplified_to_triangle
ABDCBCDCBDCADC,True,42,39,3,simplified_to_triangle
ABDCBCDCBDCDAC,True,42,39,3,simplified_to_triangle
ABDCBCDCDACACD,True,42,39,3,simplified_to_triangle
ABDCBCDCDBACAD,True,42,39,3,simplified_to_triangle
ABDCBCDCDBCACD,True,42,39,3,simplified_to_triangle
ABDCBCDCDBCADC,True,42,39,3,simplified_to_triangle
ABDCBCDCDBCDAC,True,42,39,3,simplified_to_triangle
ABDCBCDCDBDCBC,True,42,39,3,simplified_to_triangle
ABDCBCDCDCADAC,True,42,39,3,simplified_to_triangle
ABDCBCDCDCBDBC,True,42,39,3,simplified_to_triangle
ABDCBDABDCBDAC,True,42,39,3,simplified_to_triangle
ABDCBDABDCDBAC,True,42,39,3,simplified_to_triangle
ABDCBDACABDCDB,True,42,39,3,simplified_to_triangle
ABDCBDACADBCAD,True,42,39,3,simplified_to_triangle
ABDCBDACADBCBD,True,42,39,3,simplified_to_triangle
ABDCBDACADBCDB,True,42,39,3,simplified_to_triangle
ABDCBDACADBDAC,True,42,39,3,simplified_to_triangle
ABDCBDACADCADC,True,42,39,3,simplified_to_triangle
ABDCBDACADCBCD,True,42,39,3,simplified_to_triangle
ABDCBDACADCDAC,True,42,39,3,simplified_to_triangle
ABDCBDACBDACAD,True,42,39,3,simplified_to_triangle
ABDCBDACBDACBD,True,42,39,3,simplified_to_triangle
ABDCBDACBDADBC,True,42,39,3,simplified_to_triangle
ABDCBDACBDCACD,True,42,39,3,simplified_to_triangle
ABDCBDACBDCBDC,True,42,39,3,simplified_to_triangle
ABDCBDACBDCDBC,True,42,39,3,simplified_to_triangle
ABDCBDACDACADC,True,42,39,3,simplified_to_triangle
ABDCBDACDACBCD,True,42,39,3,simplified_to_triangle
ABDCBDACDACDAC,True,42,39,3,simplified_to_triangle
ABDCBDACDBCACD,True,42,39,3,simplified_to_triangle
ABDCBDACDBCBDC,True,42,39,3,simplified_to_triangle
ABDCBDACDBCDBC,True,42,39,3,simplified_to_triangle
ABDCBDACDCACBD,True,42,39,3,simplified_to_triangle
ABDCBDACDCACDC,True,42,39,3,simplified_to_triangle
ABDCBDACDCBCDC,True,42,39,3,simplified_to_triangle
ABDCBDADBCACDC,True,42,39,3,simplified_to_triangle
ABDCBDADBCADBC,True,42,39,3,simplified_to_triangle
ABDCBDADBCBDAC,True,42,39,3,simplified_to_triangle
ABDCBDADBCDBAC,True,42,39,3,simplified_to_triangle
ABDCBDADBDCDBD,True,42,39,3,simplified_to_triangle
ABDCBDADCACBDC,True,42,39,3,simplified_to_triangle
ABDCBDADCACDBC,True,42,39,3,simplified_to_triangle
ABDCBDADCBCADC,True,42,39,3,simplified_to_triangle
ABDCBDADCBCDAC,True,42,39,3,simplified_to_triangle
ABDCBDBCADACAD,True,42,39,3,simplified_to_triangle
ABDCBDBCADACBD,True,42,39,3,simplified_to_triangle
ABDCBDBCADCACD,True,42,39,3,simplified_to_triangle
ABDCBDBCBDBCAD,True,42,39,3,simplified_to_triangle
ABDCBDBCBDBCBD,True,42,39,3,simplified_to_triangle
ABDCBDBCBDBCDB,True,42,39,3,simplified_to_triangle
ABDCBDBCBDCBCD,True,42,39,3,simplified_to_triangle
ABDCBDBCDACACD,True,42,39,3,simplified_to_triangle
ABDCBDBCDBCBCD,True,42,39,3,simplified_to_triangle
ABDCBDBCDCACBD,True,42,39,3,simplified_to_triangle
ABDCBDCACADBDC,True,42,39,3,simplified_to_triangle
ABDCBDCACBDADC,True,42,39,3,simplified_to_triangle
ABDCBDCACBDCAD,True,42,39,3,simplified_to_triangle
ABDCBDCACBDCBD,True,42,39,3,simplified_to_triangle
ABDCBDCACBDCDB,True,42,39,3,simplified_to_triangle
ABDCBDCACDADBC,True,42,39,3,simplified_to_triangle
ABDCBDCACDBCAD,True,42,39,3,simplified_to_triangle
ABDCBDCACDBCBD,True,42,39,3,simplified_to_triangle
ABDCBDCACDBCDB,True,42,39,3,simplified_to_triangle
ABDCBDCACDBDAC,True,42,39,3,simplified_to_triangle
ABDCBDCACDCADC,True,42,39,3,simplified_to_triangle
ABDCBDCACDCBCD,True,42,39,3,simplified_to_triangle
ABDCBDCACDCDAC,True,42,39,3,simplified_to_triangle
ABDCBDCADCACBD,True,42,39,3,simplified_to_triangle
ABDCBDCADCDCAC,True,42,39,3,simplified_to_triangle
ABDCBDCBCBDCAD,True,42,39,3,simplified_to_triangle
ABDCBDCBCBDCBD,True,42,39,3,simplified_to_triangle
ABDCBDCBCBDCDB,True,42,39,3,simplified_to_triangle
ABDCBDCBCDBCAD,True,42,39,3,simplified_to_triangle
ABDCBDCBCDBCBD,True,42,39,3,simplified_to_triangle
ABDCBDCBCDBCDB,True,42,39,3,simplified_to_triangle
ABDCBDCBCDCBCD,True,42,39,3,simplified_to_triangle
ABDCBDCBDCACBD,True,42,39,3,simplified_to_triangle
ABDCBDCBDCADBC,True,42,39,3,simplified_to_triangle
ABDCBDCBDCBDAC,True,42,39,3,simplified_to_triangle
ABDCBDCBDCDBAC,True,42,39,3,simplified_to_triangle
ABDCBDCDACDCAC,True,42,39,3,simplified_to_triangle
ABDCBDCDBCACBD,True,42,39,3,simplified_to_triangle
ABDCBDCDBCADBC,True,42,39,3,simplified_to_triangle
ABDCBDCDBCBDAC,True,42,39,3,simplified_to_triangle
ABDCBDCDBCDBAC,True,42,39,3,simplified_to_triangle
ABDCBDCDCBCACD,True,42,39,3,simplified_to_triangle
ABDCBDCDCBCADC,True,42,39,3,simplified_to_triangle
ABDCBDCDCBCDAC,True,42,39,3,simplified_to_triangle
ABDCBDCDCBDCBC,True,42,39,3,simplified_to_triangle
ABDCBDCDCDBCBC,True,42,39,3,simplified_to_triangle
ABDCBDCDCDCDBD,True,42,39,3,simplified_to_triangle
ABDCDACACADCAD,True,42,39,3,simplified_to_triangle
ABDCDACACADCBD,True,42,39,3,simplified_to_triangle
ABDCDACACADCDB,True,42,39,3,simplified_to_triangle
ABDCDACACDACAD,True,42,39,3,simplified_to_triangle
ABDCDACACDACBD,True,42,39,3,simplified_to_triangle
ABDCDACACDCACD,True,42,39,3,simplified_to_triangle
ABDCDACADCADBC,True,42,39,3,simplified_to_triangle
ABDCDACADCBCAD,True,42,39,3,simplified_to_triangle
ABDCDACADCBDAC,True,42,39,3,simplified_to_triangle
ABDCDACADCDBAC,True,42,39,3,simplified_to_triangle
ABDCDACBCADBDC,True,42,39,3,simplified_to_triangle
ABDCDACBCADCAD,True,42,39,3,simplified_to_triangle
ABDCDACBCADCBD,True,42,39,3,simplified_to_triangle
ABDCDACBCADCDB,True,42,39,3,simplified_to_triangle
ABDCDACBCBDADC,True,42,39,3,simplified_to_triangle
ABDCDACBCDACAD,True,42,39,3,simplified_to_triangle
ABDCDACBCDACBD,True,42,39,3,simplified_to_triangle
ABDCDACBCDADBC,True,42,39,3,simplified_to_triangle
ABDCDACBCDBDAC,True,42,39,3,simplified_to_triangle
ABDCDACBCDCACD,True,42,39,3,simplified_to_triangle
ABDCDACBCDCBDC,True,42,39,3,simplified_to_triangle
ABDCDACBCDCDBC,True,42,39,3,simplified_to_triangle
ABDCDACBDCDCBC,True,42,39,3,simplified_to_triangle
ABDCDACDACADBC,True,42,39,3,simplified_to_triangle
ABDCDACDACBCAD,True,42,39,3,simplified_to_triangle
ABDCDACDACBDAC,True,42,39,3,simplified_to_triangle
ABDCDACDBCACBD,True,42,39,3,simplified_to_triangle
ABDCDACDBCDCBC,True,42,39,3,simplified_to_triangle
ABDCDACDCACBCD,True,42,39,3,simplified_to_triangle
ABDCDACDCACBDC,True,42,39,3,simplified_to_triangle
ABDCDACDCACDBC,True,42,39,3,simplified_to_triangle
ABDCDACDCADCAC,True,42,39,3,simplified_to_triangle
ABDCDACDCBCBCD,True,42,39,3,simplified_to_triangle
ABDCDACDCDACAC,True,42,39,3,simplified_to_triangle
ABDCDADBCACBDC,True,42,39,3,simplified_to_triangle
ABDCDADBCACDBC,True,42,39,3,simplified_to_triangle
ABDCDADBCBCADC,True,42,39,3,simplified_to_triangle
ABDCDADBCBCDAC,True,42,39,3,simplified_to_triangle
ABDCDADBDADCBD,True,42,39,3,simplified_to_triangle
ABDCDADBDADCDB,True,42,39,3,simplified_to_triangle
ABDCDADBDCDADC,True,42,39,3,simplified_to_triangle
ABDCDADBDCDBDC,True,42,39,3,simplified_to_triangle
ABDCDADCACDCAC,True,42,39,3,simplified_to_triangle
ABDCDADCADCDCD,True,42,39,3,simplified_to_triangle
ABDCDADCDACDCD,True,42,39,3,simplified_to_triangle
ABDCDADCDADBDC,True,42,39,3,simplified_to_triangle
ABDCDADCDADCDC,True,42,39,3,simplified_to_triangle
ABDCDADCDBDADC,True,42,39,3,simplified_to_triangle
ABDCDADCDCDCBD,True,42,39,3,simplified_to_triangle
ABDCDADCDCDCDB,True,42,39,3,simplified_to_triangle
ABDCDBABDCDBAC,True,42,39,3,simplified_to_triangle
ABDCDBACADBCAD,True,42,39,3,simplified_to_triangle
ABDCDBACADBCBD,True,42,39,3,simplified_to_triangle
ABDCDBACADBDAC,True,42,39,3,simplified_to_triangle
ABDCDBACADCADC,True,42,39,3,simplified_to_triangle
ABDCDBACADCBCD,True,42,39,3,simplified_to_triangle
ABDCDBACADCDAC,True,42,39,3,simplified_to_triangle
ABDCDBACBDACAD,True,42,39,3,simplified_to_triangle
ABDCDBACBDACBD,True,42,39,3,simplified_to_triangle
ABDCDBACBDADBC,True,42,39,3,simplified_to_triangle
ABDCDBACBDCACD,True,42,39,3,simplified_to_triangle
ABDCDBACBDCBDC,True,42,39,3,simplified_to_triangle
ABDCDBACBDCDBC,True,42,39,3,simplified_to_triangle
ABDCDBACDACADC,True,42,39,3,simplified_to_triangle
ABDCDBACDACBCD,True,42,39,3,simplified_to_triangle
ABDCDBACDBCACD,True,42,39,3,simplified_to_triangle
ABDCDBACDBCBDC,True,42,39,3,simplified_to_triangle
ABDCDBACDCACBD,True,42,39,3,simplified_to_triangle
ABDCDBACDCACDC,True,42,39,3,simplified_to_triangle
ABDCDBACDCBCDC,True,42,39,3,simplified_to_triangle
ABDCDBADBDCDBD,True,42,39,3,simplified_to_triangle
ABDCDBCACADBDC,True,42,39,3,simplified_to_triangle
ABDCDBCACBDADC,True,42,39,3,simplified_to_triangle
ABDCDBCACBDCAD,True,42,39,3,simplified_to_triangle
ABDCDBCACBDCBD,True,42,39,3,simplified_to_triangle
ABDCDBCACBDCDB,True,42,39,3,simplified_to_triangle
ABDCDBCACDADBC,True,42,39,3,simplified_to_triangle
ABDCDBCACDBCAD,True,42,39,3,simplified_to_triangle
ABDCDBCACDBCBD,True,42,39,3,simplified_to_triangle
ABDCDBCACDBDAC,True,42,39,3,simplified_to_triangle
ABDCDBCACDCADC,True,42,39,3,simplified_to_triangle
ABDCDBCACDCBCD,True,42,39,3,simplified_to_triangle
ABDCDBCACDCDAC,True,42,39,3,simplified_to_triangle
ABDCDBCADCDCAC,True,42,39,3,simplified_to_triangle
ABDCDBCBCBDCAD,True,42,39,3,simplified_to_triangle
ABDCDBCBCBDCBD,True,42,39,3,simplified_to_triangle
ABDCDBCBCBDCDB,True,42,39,3,simplified_to_triangle
ABDCDBCBCDBCAD,True,42,39,3,simplified_to_triangle
ABDCDBCBCDBCBD,True,42,39,3,simplified_to_triangle
ABDCDBCBCDCBCD,True,42,39,3,simplified_to_triangle
ABDCDBCBDCACBD,True,42,39,3,simplified_to_triangle
ABDCDBCBDCADBC,True,42,39,3,simplified_to_triangle
ABDCDBCBDCBDAC,True,42,39,3,simplified_to_triangle
ABDCDBCBDCDBAC,True,42,39,3,simplified_to_triangle
ABDCDBCDACBCAD,True,42,39,3,simplified_to_triangle
ABDCDBCDACDCAC,True,42,39,3,simplified_to_triangle
ABDCDBCDBCACBD,True,42,39,3,simplified_to_triangle
ABDCDBCDBCADBC,True,42,39,3,simplified_to_triangle
ABDCDBCDBCBDAC,True,42,39,3,simplified_to_triangle
ABDCDBCDCBCACD,True,42,39,3,simplified_to_triangle
ABDCDBCDCBCADC,True,42,39,3,simplified_to_triangle
ABDCDBCDCBCDAC,True,42,39,3,simplified_to_triangle
ABDCDBCDCBDCBC,True,42,39,3,simplified_to_triangle
ABDCDBCDCDBCBC,True,42,39,3,simplified_to_triangle
ABDCDBCDCDCDBD,True,42,39,3,simplified_to_triangle
ABDCDBDABDCDBD,True,42,39,3,simplified_to_triangle
ABDCDBDACACBDC,True,42,39,3,simplified_to_triangle
ABDCDBDACACDBC,True,42,39,3,simplified_to_triangle
ABDCDBDACBCADC,True,42,39,3,simplified_to_triangle
ABDCDBDACBCDAC,True,42,39,3,simplified_to_triangle
ABDCDBDADBCDBD,True,42,39,3,simplified_to_triangle
ABDCDBDADBDCAD,True,42,39,3,simplified_to_triangle
ABDCDBDADCDADC,True,42,39,3,simplified_to_triangle
ABDCDBDADCDBDC,True,42,39,3,simplified_to_triangle
ABDCDBDCBDCDCD,True,42,39,3,simplified_to_triangle
ABDCDBDCDADBDC,True,42,39,3,simplified_to_triangle
ABDCDBDCDBCDCD,True,42,39,3,simplified_to_triangle
ABDCDBDCDBDADC,True,42,39,3,simplified_to_triangle
ABDCDBDCDCBCBC,True,42,39,3,simplified_to_triangle
ABDCDBDCDCDCAD,True,42,39,3,simplified_to_triangle
ABDCDCACACBCAC,True,42,39,3,simplified_to_triangle
ABDCDCACACDCAD,True,42,39,3,simplified_to_triangle
ABDCDCACBCACBC,True,42,39,3,simplified_to_triangle
ABDCDCACDCADBC,True,42,39,3,simplified_to_triangle
ABDCDCACDCBCAD,True,42,39,3,simplified_to_triangle
ABDCDCACDCBDAC,True,42,39,3,simplified_to_triangle
ABDCDCACDCDBAC,True,42,39,3,simplified_to_triangle
ABDCDCADACBCAD,True,42,39,3,simplified_to_triangle
ABDCDCADBCACBD,True,42,39,3,simplified_to_triangle
ABDCDCADBDACBC,True,42,39,3,simplified_to_triangle
ABDCDCADCDADCD,True,42,39,3,simplified_to_triangle
ABDCDCBCACBCAC,True,42,39,3,simplified_to_triangle
ABDCDCBCADBDAC,True,42,39,3,simplified_to_triangle
ABDCDCBCBCACBC,True,42,39,3,simplified_to_triangle
ABDCDCBCBCDCBD,True,42,39,3,simplified_to_triangle
ABDCDCBCBCDCDB,True,42,39,3,simplified_to_triangle
ABDCDCBCDCACBD,True,42,39,3,simplified_to_triangle
ABDCDCBCDCADBC,True,42,39,3,simplified_to_triangle
ABDCDCBCDCBDAC,True,42,39,3,simplified_to_triangle
ABDCDCBCDCDBAC,True,42,39,3,simplified_to_triangle
ABDCDCBDACBCAD,True,42,39,3,simplified_to_triangle
ABDCDCBDBCACBD,True,42,39,3,simplified_to_triangle
ABDCDCBDCDBDCD,True,42,39,3,simplified_to_triangle
ABDCDCDACDADCD,True,42,39,3,simplified_to_triangle
ABDCDCDBACBCAD,True,42,39,3,simplified_to_triangle
ABDCDCDBCDBDCD,True,42,39,3,simplified_to_triangle
ABDCDCDBDCDBDC,True,42,39,3,simplified_to_triangle
ABDCDCDCBDCDBD,True,42,39,3,simplified_to_triangle
ABDCDCDCDADCBD,True,42,39,3,simplified_to_triangle
ABDCDCDCDBCDBD,True,42,39,3,simplified_to_triangle
ABDCDCDCDBDCAD,True,42,39,3,simplified_to_triangle
ACACADACBCBCAD,True,42,39,3,simplified_to_triangle
ACACADACBDADBD,True,42,39,3,simplified_to_triangle
ACACADACBDCDCD,True,42,39,3,simplified_to_triangle
ACACADACDBCDCD,True,42,39,3,simplified_to_triangle
ACACADACDCDCBD,True,42,39,3,simplified_to_triangle
ACACADBCADCDCD,True,42,39,3,simplified_to_triangle
ACACADBCDACDCD,True,42,39,3,simplified_to_triangle
ACACADBDCADACD,True,42,39,3,simplified_to_triangle
ACACADBDCBCDCD,True,42,39,3,simplified_to_triangle
ACACADBDCBDBCD,True,42,39,3,simplified_to_triangle
ACACADCADBDACD,True,42,39,3,simplified_to_triangle
ACACADCADCBDCD,True,42,39,3,simplified_to_triangle
ACACADCADCDBCD,True,42,39,3,simplified_to_triangle
ACACADCBCDBDCD,True,42,39,3,simplified_to_triangle
ACACADCBDADBCD,True,42,39,3,simplified_to_triangle
ACACADCBDCADCD,True,42,39,3,simplified_to_triangle
ACACADCDACBDCD,True,42,39,3,simplified_to_triangle
ACACBCACACDCBD,True,42,39,3,simplified_to_triangle
ACACBCACACDCDC,True,42,39,3,simplified_to_triangle
ACACBCACBCDCBD,True,42,39,3,simplified_to_triangle
ACACBCACBDACDC,True,42,39,3,simplified_to_triangle
ACACBCACDCACAD,True,42,39,3,simplified_to_triangle
ACACBCACDCADBC,True,42,39,3,simplified_to_triangle
ACACBCACDCBCAD,True,42,39,3,simplified_to_triangle
ACACBCACDCDCBC,True,42,39,3,simplified_to_triangle
ACACBCADACDCBC,True,42,39,3,simplified_to_triangle
ACACBCADBCACDC,True,42,39,3,simplified_to_triangle
ACACBCADBCBCDC,True,42,39,3,simplified_to_triangle
ACACBCBCACDCAD,True,42,39,3,simplified_to_triangle
ACACBCBCADBCDC,True,42,39,3,simplified_to_triangle
ACACBCBCDCACBD,True,42,39,3,simplified_to_triangle
ACACBCBCDCADBC,True,42,39,3,simplified_to_triangle
ACACBCBCDCBCBD,True,42,39,3,simplified_to_triangle
ACACBCBDACACDC,True,42,39,3,simplified_to_triangle
ACACBCBDACBCDC,True,42,39,3,simplified_to_triangle
ACACBCBDBCDCBC,True,42,39,3,simplified_to_triangle
ACACBCBDCDCDCD,True,42,39,3,simplified_to_triangle
ACACBCDADCADCD,True,42,39,3,simplified_to_triangle
ACACBCDADCDACD,True,42,39,3,simplified_to_triangle
ACACBCDBCDCDCD,True,42,39,3,simplified_to_triangle
ACACBCDBDCDBCD,True,42,39,3,simplified_to_triangle
ACACBCDCACADBC,True,42,39,3,simplified_to_triangle
ACACBCDCBCADBC,True,42,39,3,simplified_to_triangle
ACACBCDCBCBCDC,True,42,39,3,simplified_to_triangle
ACACBCDCBDCDBD,True,42,39,3,simplified_to_triangle
ACACBCDCDBCDBD,True,42,39,3,simplified_to_triangle
ACACBCDCDCDBDC,True,42,39,3,simplified_to_triangle
ACACBDACADCDCD,True,42,39,3,simplified_to_triangle
ACACBDACDACDCD,True,42,39,3,simplified_to_triangle
ACACBDACDADCDC,True,42,39,3,simplified_to_triangle
ACACBDACDBCDCD,True,42,36,6,visual_inspection
ACACBDADBDACAD,True,42,39,3,simplified_to_triangle
ACACBDADBDCACD,True,42,39,3,simplified_to_triangle
ACACBDADBDCBCD,True,42,39,3,simplified_to_triangle
ACACBDADCADACD,True,42,39,3,simplified_to_triangle
ACACBDADCBCDCD,True,42,39,3,simplified_to_triangle
ACACBDADCBDBCD,True,42,39,3,simplified_to_triangle
ACACBDADCBDCDC,True,42,39,3,simplified_to_triangle
ACACBDADCDBCDC,True,42,39,3,simplified_to_triangle
ACACBDBCBCBDBC,True,42,39,3,simplified_to_triangle
ACACBDBCBDADBD,True,42,39,3,simplified_to_triangle
ACACBDBCBDCDCD,True,42,39,3,simplified_to_triangle
ACACBDBCDBCDCD,True,42,39,3,simplified_to_triangle
ACACBDBCDBDCDC,True,42,39,3,simplified_to_triangle
ACACBDBCDCDCBD,True,42,39,3,simplified_to_triangle
ACACBDCACDADBD,True,42,39,3,simplified_to_triangle
ACACBDCACDCDCD,True,42,39,3,simplified_to_triangle
ACACBDCADBCDBD,True,42,39,3,simplified_to_triangle
ACACBDCADCDBDC,True,42,39,3,simplified_to_triangle
ACACBDCBCDADBD,True,42,39,3,simplified_to_triangle
ACACBDCBCDCDCD,True,42,39,3,simplified_to_triangle
ACACBDCBDACDBD,True,42,39,3,simplified_to_triangle
ACACBDCDACDBDC,True,42,39,3,simplified_to_triangle
ACACBDCDADCADC,True,42,39,3,simplified_to_triangle
ACACBDCDBDCBDC,True,42,39,3,simplified_to_triangle
ACACBDCDBDCDBC,True,42,39,3,simplified_to_triangle
ACACBDCDCBCDBD,True,42,39,3,simplified_to_triangle
ACACBDCDCDCBDC,True,42,39,3,simplified_to_triangle
ACACBDCDCDCDBC,True,42,39,3,simplified_to_triangle
ACACDACADACDBD,True,42,39,3,simplified_to_triangle
ACACDACADBDACD,True,42,39,3,simplified_to_triangle
ACACDACADCBDCD,True,42,39,3,simplified_to_triangle
ACACDACADCDBCD,True,42,39,3,simplified_to_triangle
ACACDACBCDBDCD,True,42,39,3,simplified_to_triangle
ACACDACBDADBCD,True,42,39,3,simplified_to_triangle
ACACDACBDBCDBD,True,42,39,3,simplified_to_triangle
ACACDACBDCADCD,True,42,39,3,simplified_to_triangle
ACACDACBDCDACD,True,42,39,3,simplified_to_triangle
ACACDACDACBDCD,True,42,39,3,simplified_to_triangle
ACACDACDACDBCD,True,42,39,3,simplified_to_triangle
ACACDACDBCADCD,True,42,39,3,simplified_to_triangle
ACACDACDBCDACD,True,42,39,3,simplified_to_triangle
ACACDACDBDCBCD,True,42,39,3,simplified_to_triangle
ACACDACDCADCBD,True,42,39,3,simplified_to_triangle
ACACDACDCBCDBD,True,42,39,3,simplified_to_triangle
ACACDACDCBDCAD,True,42,39,3,simplified_to_triangle
ACACDACDCDACBD,True,42,39,3,simplified_to_triangle
ACACDACDCDBCAD,True,42,39,3,simplified_to_triangle
ACACDADBCADACD,True,42,39,3,simplified_to_triangle
ACACDADBCBCDCD,True,42,39,3,simplified_to_triangle
ACACDADBCBDBCD,True,42,39,3,simplified_to_triangle
ACACDBCACDADBD,True,42,39,3,simplified_to_triangle
ACACDBCACDADCD,True,42,39,3,simplified_to_triangle
ACACDBCADBCDBD,True,42,39,3,simplified_to_triangle
ACACDBCADCDBDC,True,42,39,3,simplified_to_triangle
ACACDBCBCDADBD,True,42,39,3,simplified_to_triangle
ACACDBCBCDCDCD,True,42,39,3,simplified_to_triangle
ACACDBCBDACDBD,True,42,39,3,simplified_to_triangle
ACACDBCDACDBDC,True,42,39,3,simplified_to_triangle
ACACDBCDADCACD,True,42,39,3,simplified_to_triangle
ACACDBCDBDCBDC,True,42,39,3,simplified_to_triangle
ACACDBCDCBCDBD,True,42,39,3,simplified_to_triangle
ACACDBCDCDCBDC,True,42,39,3,simplified_to_triangle
ACACDBDACADACD,True,42,39,3,simplified_to_triangle
ACACDBDACBCDCD,True,42,39,3,simplified_to_triangle
ACACDBDACBDBCD,True,42,39,3,simplified_to_triangle
ACACDBDACBDCDC,True,42,39,3,simplified_to_triangle
ACACDBDACDBCDC,True,42,39,3,simplified_to_triangle
ACACDBDADBCACD,True,42,39,3,simplified_to_triangle
ACACDBDADBCBCD,True,42,39,3,simplified_to_triangle
ACACDBDADCACDC,True,42,39,3,simplified_to_triangle
ACACDBDCACADCD,True,42,39,3,simplified_to_triangle
ACACDBDCACDACD,True,42,39,3,simplified_to_triangle
ACACDBDCBCDBCD,True,42,39,3,simplified_to_triangle
ACACDCACADBDCD,True,42,39,3,simplified_to_triangle
ACACDCACBCBCDC,True,42,39,3,simplified_to_triangle
ACACDCACBDADCD,True,42,39,3,simplified_to_triangle
ACACDCACDACDBD,True,42,39,3,simplified_to_triangle
ACACDCACDADBCD,True,42,39,3,simplified_to_triangle
ACACDCACDADCBD,True,42,39,3,simplified_to_triangle
ACACDCACDBDACD,True,42,39,3,simplified_to_triangle
ACACDCACDCBDCD,True,42,39,3,simplified_to_triangle
ACACDCACDCDBCD,True,42,39,3,simplified_to_triangle
ACACDCACDCDCDC,True,42,39,3,simplified_to_triangle
ACACDCADACDCBD,True,42,39,3,simplified_to_triangle
ACACDCADBDACDC,True,42,39,3,simplified_to_triangle
ACACDCADCBCDBD,True,42,39,3,simplified_to_triangle
ACACDCADCBDCBD,True,42,39,3,simplified_to_triangle
ACACDCADCDBCBD,True,42,39,3,simplified_to_triangle
ACACDCADCDCBCD,True,42,39,3,simplified_to_triangle
ACACDCBCACBCAD,True,42,39,3,simplified_to_triangle
ACACDCBCADCDBD,True,42,39,3,simplified_to_triangle
ACACDCBCBCACBD,True,42,39,3,simplified_to_triangle
ACACDCBCDACDBD,True,42,39,3,simplified_to_triangle
ACACDCBCDBDCAD,True,42,39,3,simplified_to_triangle
ACACDCBDBCDCBD,True,42,39,3,simplified_to_triangle
ACACDCBDCADACD,True,42,39,3,simplified_to_triangle
ACACDCBDCBCDBD,True,42,39,3,simplified_to_triangle
ACACDCBDCBDBCD,True,42,39,3,simplified_to_triangle
ACACDCBDCBDCAD,True,42,39,3,simplified_to_triangle
ACACDCBDCDBCAD,True,42,39,3,simplified_to_triangle
ACACDCDACBCDBD,True,42,39,3,simplified_to_triangle
ACACDCDACBDCBD,True,42,39,3,simplified_to_triangle
ACACDCDACDBCBD,True,42,39,3,simplified_to_triangle
ACACDCDACDCBCD,True,42,39,3,simplified_to_triangle
ACACDCDADCACBD,True,42,39,3,simplified_to_triangle
ACACDCDBCADACD,True,42,39,3,simplified_to_triangle
ACACDCDBCBCDBD,True,42,39,3,simplified_to_triangle
ACACDCDBCBDBCD,True,42,39,3,simplified_to_triangle
ACACDCDBCBDCAD,True,42,39,3,simplified_to_triangle
ACACDCDBCDBCAD,True,42,39,3,simplified_to_triangle
ACACDCDBDCBCAD,True,42,39,3,simplified_to_triangle
ACACDCDCADACBD,True,42,39,3,simplified_to_triangle
ACACDCDCBCBDCD,True,42,39,3,simplified_to_triangle
ACACDCDCBCDBCD,True,42,39,3,simplified_to_triangle
ACACDCDCBCDCAD,True,42,39,3,simplified_to_triangle
ACACDCDCBDBCBD,True,42,39,3,simplified_to_triangle
ACACDCDCBDCBCD,True,42,39,3,simplified_to_triangle
ACACDCDCDBCBCD,True,42,39,3,simplified_to_triangle
ACADACADACADBD,True,42,39,3,simplified_to_triangle
ACADACADACBDCD,True,42,39,3,simplified_to_triangle
ACADACADACDBCD,True,42,39,3,simplified_to_triangle
ACADACADBDCACD,True,42,39,3,simplified_to_triangle
ACADACBCBDADBD,True,42,39,3,simplified_to_triangle
ACADACBCBDCDCD,True,42,39,3,simplified_to_triangle
ACADACBCDBCDCD,True,42,39,3,simplified_to_triangle
ACADACBCDBDCAD,True,42,39,3,simplified_to_triangle
ACADACBCDCADCD,True,42,39,3,simplified_to_triangle
ACADACBCDCDACD,True,42,39,3,simplified_to_triangle
ACADACBDADBCAD,True,42,39,3,simplified_to_triangle
ACADACBDADCACD,True,42,39,3,simplified_to_triangle
ACADACBDBCADBD,True,42,39,3,simplified_to_triangle
ACADACBDBCBDCD,True,42,39,3,simplified_to_triangle
ACADACBDBCDBCD,True,42,39,3,simplified_to_triangle
ACADACBDCADCAD,True,42,39,3,simplified_to_triangle
ACADACBDCBCDBD,True,42,39,3,simplified_to_triangle
ACADACBDCBCDCD,True,42,39,3,simplified_to_triangle
ACADACBDCDCACD,True,42,39,3,simplified_to_triangle
ACADACDACBDCAD,True,42,39,3,simplified_to_triangle
ACADACDADBCACD,True,42,39,3,simplified_to_triangle
ACADACDBCBCDBD,True,42,39,3,simplified_to_triangle
ACADACDBCBCDCD,True,42,39,3,simplified_to_triangle
ACADACDBCDCACD,True,42,39,3,simplified_to_triangle
ACADACDCBCADBD,True,42,39,3,simplified_to_triangle
ACADACDCDCBCBD,True,42,39,3,simplified_to_triangle
ACADBCACDACDCD,True,42,39,3,simplified_to_triangle
ACADBCADBCADBD,True,42,39,3,simplified_to_triangle
ACADBCADBCADCD,True,42,39,3,simplified_to_triangle
ACADBCADBCDACD,True,42,39,3,simplified_to_triangle
ACADBCADBDACBD,True,42,39,3,simplified_to_triangle
ACADBCADBDCBCD,True,42,39,3,simplified_to_triangle
ACADBCADCADCBD,True,42,39,3,simplified_to_triangle
ACADBCADCBCDBD,True,42,39,3,simplified_to_triangle
ACADBCADCDACBD,True,42,39,3,simplified_to_triangle
ACADBCBCDCBDCD,True,42,39,3,simplified_to_triangle
ACADBCBCDCDBCD,True,42,39,3,simplified_to_triangle
ACADBCBDACADBD,True,42,39,3,simplified_to_triangle
ACADBCBDACADCD,True,42,39,3,simplified_to_triangle
ACADBCBDACDACD,True,42,39,3,simplified_to_triangle
ACADBCBDADBCBD,True,42,39,3,simplified_to_triangle
ACADBCBDADCBCD,True,42,39,3,simplified_to_triangle
ACADBCBDCACDBD,True,42,39,3,simplified_to_triangle
ACADBCBDCACDCD,True,42,39,3,simplified_to_triangle
ACADBCBDCBDCBD,True,42,39,3,simplified_to_triangle
ACADBCBDCDBCBD,True,42,39,3,simplified_to_triangle
ACADBCBDCDCBCD,True,42,39,3,simplified_to_triangle
ACADBCDACADCBD,True,42,39,3,simplified_to_triangle
ACADBCDACBCDBD,True,42,39,3,simplified_to_triangle
ACADBCDADBCBCD,True,42,39,3,simplified_to_triangle
ACADBCDBCACDBD,True,42,39,3,simplified_to_triangle
ACADBCDBCACDCD,True,42,39,3,simplified_to_triangle
ACADBCDBCBDCBD,True,42,39,3,simplified_to_triangle
ACADBCDBCDCBCD,True,42,39,3,simplified_to_triangle
ACADBCDBDACBCD,True,42,39,3,simplified_to_triangle
ACADBCDCACDCBD,True,42,39,3,simplified_to_triangle
ACADBCDCBCADBD,True,42,39,3,simplified_to_triangle
ACADBCDCBCDCBD,True,42,39,3,simplified_to_triangle
ACADBDACADCACD,True,42,39,3,simplified_to_triangle
ACADBDACADCBCD,True,42,39,3,simplified_to_triangle
ACADBDACBCADCD,True,42,39,3,simplified_to_triangle
ACADBDACBCDACD,True,42,39,3,simplified_to_triangle
ACADBDACBCDBCD,True,42,39,3,simplified_to_triangle
ACADBDACDACBCD,True,42,39,3,simplified_to_triangle
ACADBDADCDADBD,True,42,39,3,simplified_to_triangle
ACADBDADCDCDCD,True,42,39,3,simplified_to_triangle
ACADBDCACDCACD,True,42,39,3,simplified_to_triangle
ACADBDCACDCBCD,True,42,39,3,simplified_to_triangle
ACADBDCBCACDCD,True,42,39,3,simplified_to_triangle
ACADCACBCDADCD,True,42,39,3,simplified_to_triangle
ACADCACDACBDCD,True,42,39,3,simplified_to_triangle
ACADCACDACDBCD,True,42,39,3,simplified_to_triangle
ACADCACDBDCACD,True,42,39,3,simplified_to_triangle
ACADCADACBCDCD,True,42,39,3,simplified_to_triangle
ACADCADBCADBCD,True,42,39,3,simplified_to_triangle
ACADCADBCBDACD,True,42,39,3,simplified_to_triangle
ACADCADBDACBCD,True,42,39,3,simplified_to_triangle
ACADCADCADCBCD,True,42,39,3,simplified_to_triangle
ACADCADCBCADCD,True,42,39,3,simplified_to_triangle
ACADCADCBCDACD,True,42,39,3,simplified_to_triangle
ACADCADCDACBCD,True,42,39,3,simplified_to_triangle
ACADCBCACDBDCD,True,42,39,3,simplified_to_triangle
ACADCBCACDCDCD,True,42,39,3,simplified_to_triangle
ACADCBCADCADCD,True,42,39,3,simplified_to_triangle
ACADCBCDACADCD,True,42,39,3,simplified_to_triangle
ACADCBCDADCBCD,True,42,39,3,simplified_to_triangle
ACADCBCDCACDCD,True,42,39,3,simplified_to_triangle
ACADCBCDCDCBCD,True,42,39,3,simplified_to_triangle
ACADCBDBCBCDCD,True,42,39,3,simplified_to_triangle
ACADCBDCACBDCD,True,42,39,3,simplified_to_triangle
ACADCBDCACDBCD,True,42,39,3,simplified_to_triangle
ACADCDACBCADCD,True,42,39,3,simplified_to_triangle
ACADCDBCACBDCD,True,42,39,3,simplified_to_triangle
ACADCDBDCDBDCD,True,42,39,3,simplified_to_triangle
ACADCDCDBDCDCD,True,42,39,3,simplified_to_triangle
ACBCACBCACDCBD,True,42,39,3,simplified_to_triangle
ACBCACBCACDCDC,True,42,39,3,simplified_to_triangle
ACBCACBCBCDCBD,True,42,39,3,simplified_to_triangle
ACBCACBCBDACDC,True,42,39,3,simplified_to_triangle
ACBCACBCDCADBC,True,42,39,3,simplified_to_triangle
ACBCACBCDCBCAD,True,42,39,3,simplified_to_triangle
ACBCACBCDCDCBC,True,42,39,3,simplified_to_triangle
ACBCACBDBCACDC,True,42,39,3,simplified_to_triangle
ACBCACBDBCBCDC,True,42,39,3,simplified_to_triangle
ACBCACDADCBDCD,True,42,39,3,simplified_to_triangle
ACBCACDADCDBCD,True,42,39,3,simplified_to_triangle
ACBCACDBDCADCD,True,42,39,3,simplified_to_triangle
ACBCACDBDCDACD,True,42,39,3,simplified_to_triangle
ACBCACDCADCDBD,True,42,39,3,simplified_to_triangle
ACBCACDCADCDCD,True,42,39,3,simplified_to_triangle
ACBCACDCBDCDCD,True,42,39,3,simplified_to_triangle
ACBCACDCDACDBD,True,42,39,3,simplified_to_triangle
ACBCACDCDACDCD,True,42,39,3,simplified_to_triangle
ACBCACDCDADCDC,True,42,39,3,simplified_to_triangle
ACBCACDCDBCDCD,True,42,39,3,simplified_to_triangle
ACBCACDCDBDCDC,True,42,39,3,simplified_to_triangle
ACBCACDCDCADCD,True,42,39,3,simplified_to_triangle
ACBCACDCDCBDCD,True,42,39,3,simplified_to_triangle
ACBCACDCDCDACD,True,42,39,3,simplified_to_triangle
ACBCACDCDCDBCD,True,42,39,3,simplified_to_triangle
ACBCADACBDADBD,True,42,39,3,simplified_to_triangle
ACBCADACDCADBD,True,42,39,3,simplified_to_triangle
ACBCADBCDCADBD,True,42,39,3,simplified_to_triangle
ACBCADBDACDACD,True,42,39,3,simplified_to_triangle
ACBCADBDACDBCD,True,42,39,3,simplified_to_triangle
ACBCADBDCACDCD,True,42,39,3,simplified_to_triangle
ACBCADBDCADBCD,True,42,39,3,simplified_to_triangle
ACBCADBDCBDACD,True,42,39,3,simplified_to_triangle
ACBCADCADBDACD,True,42,39,3,simplified_to_triangle
ACBCADCADCADCD,True,42,39,3,simplified_to_triangle
ACBCADCADCDACD,True,42,39,3,simplified_to_triangle
ACBCADCBDADBCD,True,42,39,3,simplified_to_triangle
ACBCADCBDCBDCD,True,42,39,3,simplified_to_triangle
ACBCADCBDCDBCD,True,42,39,3,simplified_to_triangle
ACBCADCDBCBDCD,True,42,39,3,simplified_to_triangle
ACBCADCDCACDCD,True,42,39,3,simplified_to_triangle
ACBCADCDCBCDCD,True,42,39,3,simplified_to_triangle
ACBCBCACBCDCBD,True,42,39,3,simplified_to_triangle
ACBCBCACBCDCDC,True,42,39,3,simplified_to_triangle
ACBCBCACBDBCDC,True,42,39,3,simplified_to_triangle
ACBCBCACDCACBD,True,42,39,3,simplified_to_triangle
ACBCBCACDCBCBD,True,42,39,3,simplified_to_triangle
ACBCBCADCDADCD,True,42,39,3,simplified_to_triangle
ACBCBCADCDCDCD,True,42,39,3,simplified_to_triangle
ACBCBCDACDADCD,True,42,39,3,simplified_to_triangle
ACBCBCDACDCDCD,True,42,39,3,simplified_to_triangle
ACBCBCDADCBDCD,True,42,39,3,simplified_to_triangle
ACBCBCDADCDBCD,True,42,39,3,simplified_to_triangle
ACBCBCDADCDCDC,True,42,39,3,simplified_to_triangle
ACBCBCDBCDBDCD,True,42,39,3,simplified_to_triangle
ACBCBCDCADBCBC,True,42,39,3,simplified_to_triangle
ACBCBCDCADCDBD,True,42,39,3,simplified_to_triangle
ACBCBCDCBCADBC,True,42,39,3,simplified_to_triangle
ACBCBCDCDACDBD,True,42,39,3,simplified_to_triangle
ACBCBCDCDADCAD,True,42,39,3,simplified_to_triangle
ACBCBCDCDBDCBD,True,42,39,3,simplified_to_triangle
ACBCBCDCDCBCBC,True,42,39,3,simplified_to_triangle
ACBCBDACDCDCAD,True,42,39,3,simplified_to_triangle
ACBCBDADBDCACD,True,42,39,3,simplified_to_triangle
ACBCBDADBDCBCD,True,42,39,3,simplified_to_triangle
ACBCBDADCACDCD,True,42,39,3,simplified_to_triangle
ACBCBDADCADBCD,True,42,39,3,simplified_to_triangle
ACBCBDADCADCDC,True,42,39,3,simplified_to_triangle
ACBCBDADCBDACD,True,42,39,3,simplified_to_triangle
ACBCBDADCDACDC,True,42,39,3,simplified_to_triangle
ACBCBDBCACDCBC,True,42,39,3,simplified_to_triangle
ACBCBDBCBCDCBC,True,42,39,3,simplified_to_triangle
ACBCBDBCBDADBD,True,42,39,3,simplified_to_triangle
ACBCBDCACDADBD,True,42,39,3,simplified_to_triangle
ACBCBDCADACDBD,True,42,39,3,simplified_to_triangle
ACBCBDCADCDADC,True,42,39,3,simplified_to_triangle
ACBCBDCBCDADBD,True,42,39,3,simplified_to_triangle
ACBCBDCBDBCDBD,True,42,39,3,simplified_to_triangle
ACBCBDCBDCDBDC,True,42,39,3,simplified_to_triangle
ACBCBDCDBCDBDC,True,42,39,3,simplified_to_triangle
ACBCBDCDCACDBD,True,42,39,3,simplified_to_triangle
ACBCBDCDCADCAD,True,42,39,3,simplified_to_triangle
ACBCBDCDCADCBD,True,42,36,6,visual_inspection
ACBCBDCDCBDCBD,True,42,39,3,simplified_to_triangle
ACBCBDCDCDBCBD,True,42,39,3,simplified_to_triangle
ACBCBDCDCDCACD,True,42,39,3,simplified_to_triangle
ACBCBDCDCDCADC,True,42,39,3,simplified_to_triangle
ACBCBDCDCDCBCD,True,42,39,3,simplified_to_triangle
ACBCDACBDACDBD,True,42,39,3,simplified_to_triangle
ACBCDACBDADBCD,True,42,39,3,simplified_to_triangle
ACBCDACBDCBDCD,True,42,39,3,simplified_to_triangle
ACBCDACBDCDADC,True,42,39,3,simplified_to_triangle
ACBCDACBDCDBCD,True,42,39,3,simplified_to_triangle
ACBCDACBDCDCDC,True,42,39,3,simplified_to_triangle
ACBCDACDACDACD,True,42,39,3,simplified_to_triangle
ACBCDACDACDBDC,True,42,39,3,simplified_to_triangle
ACBCDACDACDCDC,True,42,39,3,simplified_to_triangle
ACBCDACDBCBDCD,True,42,39,3,simplified_to_triangle
ACBCDACDBCDADC,True,42,39,3,simplified_to_triangle
ACBCDACDBCDBCD,True,42,39,3,simplified_to_triangle
ACBCDACDBCDCDC,True,42,39,3,simplified_to_triangle
ACBCDACDCACDBD,True,42,39,3,simplified_to_triangle
ACBCDACDCACDCD,True,42,39,3,simplified_to_triangle
ACBCDACDCADCDC,True,42,39,3,simplified_to_triangle
ACBCDACDCBCDCD,True,42,39,3,simplified_to_triangle
ACBCDACDCBDCDC,True,42,39,3,simplified_to_triangle
ACBCDACDCDACDC,True,42,39,3,simplified_to_triangle
ACBCDACDCDBCDC,True,42,39,3,simplified_to_triangle
ACBCDADBCACDCD,True,42,39,3,simplified_to_triangle
ACBCDADBCADBCD,True,42,39,3,simplified_to_triangle
ACBCDADBCADCDC,True,42,39,3,simplified_to_triangle
ACBCDADBCBDACD,True,42,39,3,simplified_to_triangle
ACBCDADBCDACDC,True,42,39,3,simplified_to_triangle
ACBCDADCACBDCD,True,42,39,3,simplified_to_triangle
ACBCDADCACDBCD,True,42,39,3,simplified_to_triangle
ACBCDADCADCADC,True,42,39,3,simplified_to_triangle
ACBCDADCBCADCD,True,42,39,3,simplified_to_triangle
ACBCDADCBCDACD,True,42,39,3,simplified_to_triangle
ACBCDADCBDCBDC,True,42,39,3,simplified_to_triangle
ACBCDADCBDCDBC,True,42,39,3,simplified_to_triangle
ACBCDADCDBCBDC,True,42,39,3,simplified_to_triangle
ACBCDADCDBCDBC,True,42,39,3,simplified_to_triangle
ACBCDADCDCACDC,True,42,39,3,simplified_to_triangle
ACBCDADCDCBCDC,True,42,39,3,simplified_to_triangle
ACBCDBCACDADBD,True,42,39,3,simplified_to_triangle
ACBCDBCADACDBD,True,42,39,3,simplified_to_triangle
ACBCDBCADCDADC,True,42,39,3,simplified_to_triangle
ACBCDBCBCDADBD,True,42,39,3,simplified_to_triangle
ACBCDBCBDBCDBD,True,42,39,3,simplified_to_triangle
ACBCDBCBDCDBDC,True,42,39,3,simplified_to_triangle
ACBCDBCDBCDBDC,True,42,39,3,simplified_to_triangle
ACBCDBCDCACDBD,True,42,39,3,simplified_to_triangle
ACBCDBCDCADCAD,True,42,39,3,simplified_to_triangle
ACBCDBCDCADCBD,True,42,36,6,visual_inspection
ACBCDBCDCBDCBD,True,42,39,3,simplified_to_triangle
ACBCDBCDCDBCBD,True,42,39,3,simplified_to_triangle
ACBCDBCDCDCACD,True,42,39,3,simplified_to_triangle
ACBCDBCDCDCADC,True,42,39,3,simplified_to_triangle
ACBCDBCDCDCBCD,True,42,39,3,simplified_to_triangle
ACBCDBDACBDACD,True,42,39,3,simplified_to_triangle
ACBCDBDACDACDC,True,42,39,3,simplified_to_triangle
ACBCDBDADBCACD,True,42,39,3,simplified_to_triangle
ACBCDBDADBCBCD,True,42,39,3,simplified_to_triangle
ACBCDBDCACBDCD,True,42,39,3,simplified_to_triangle
ACBCDBDCACDBCD,True,42,39,3,simplified_to_triangle
ACBCDBDCACDCDC,True,42,39,3,simplified_to_triangle
ACBCDBDCADCACD,True,42,39,3,simplified_to_triangle
ACBCDBDCADCBDC,True,42,39,3,simplified_to_triangle
ACBCDBDCADCDBC,True,42,39,3,simplified_to_triangle
ACBCDBDCDACBDC,True,42,39,3,simplified_to_triangle
ACBCDBDCDACDBC,True,42,39,3,simplified_to_triangle
ACBCDBDCDBCADC,True,42,39,3,simplified_to_triangle
ACBCDBDCDBCBCD,True,42,39,3,simplified_to_triangle
ACBCDBDCDCBCBD,True,42,39,3,simplified_to_triangle
ACBCDCACBDADCD,True,42,39,3,simplified_to_triangle
ACBCDCACBDCDBD,True,42,39,3,simplified_to_triangle
ACBCDCACDADBCD,True,42,39,3,simplified_to_triangle
ACBCDCACDBCDBD,True,42,39,3,simplified_to_triangle
ACBCDCACDBDACD,True,42,39,3,simplified_to_triangle
ACBCDCACDCADBD,True,42,39,3,simplified_to_triangle
ACBCDCACDCADCD,True,42,39,3,simplified_to_triangle
ACBCDCACDCDACD,True,42,39,3,simplified_to_triangle
ACBCDCACDCDBDC,True,42,39,3,simplified_to_triangle
ACBCDCACDCDCDC,True,42,39,3,simplified_to_triangle
ACBCDCADCACDBD,True,42,39,3,simplified_to_triangle
ACBCDCADCADCAD,True,42,39,3,simplified_to_triangle
ACBCDCADCDCACD,True,42,39,3,simplified_to_triangle
ACBCDCADCDCBDC,True,42,39,3,simplified_to_triangle
ACBCDCADCDCDBC,True,42,39,3,simplified_to_triangle
ACBCDCBCBDCDBD,True,42,39,3,simplified_to_triangle
ACBCDCBCDBCDBD,True,42,39,3,simplified_to_triangle
ACBCDCBCDCDBDC,True,42,39,3,simplified_to_triangle
ACBCDCBDCACDBD,True,42,39,3,simplified_to_triangle
ACBCDCBDCADBCD,True,42,39,3,simplified_to_triangle
ACBCDCBDCADBDC,True,42,39,3,simplified_to_triangle
ACBCDCBDCADCBD,True,42,39,3,simplified_to_triangle
ACBCDCBDCBDACD,True,42,39,3,simplified_to_triangle
ACBCDCBDCBDADC,True,42,39,3,simplified_to_triangle
ACBCDCBDCDACBD,True,42,39,3,simplified_to_triangle
ACBCDCBDCDADBC,True,42,39,3,simplified_to_triangle
ACBCDCBDCDCBDC,True,42,39,3,simplified_to_triangle
ACBCDCBDCDCDBC,True,42,39,3,simplified_to_triangle
ACBCDCDACDCACD,True,42,39,3,simplified_to_triangle
ACBCDCDACDCBDC,True,42,39,3,simplified_to_triangle
ACBCDCDACDCDBC,True,42,39,3,simplified_to_triangle
ACBCDCDADCDCBC,True,42,39,3,simplified_to_triangle
ACBCDCDBCACDBD,True,42,39,3,simplified_to_triangle
ACBCDCDBCADBCD,True,42,39,3,simplified_to_triangle
ACBCDCDBCADBDC,True,42,39,3,simplified_to_triangle
ACBCDCDBCADCBD,True,42,39,3,simplified_to_triangle
ACBCDCDBCBDACD,True,42,39,3,simplified_to_triangle
ACBCDCDBCBDADC,True,42,39,3,simplified_to_triangle
ACBCDCDBCDACBD,True,42,39,3,simplified_to_triangle
ACBCDCDBCDADBC,True,42,39,3,simplified_to_triangle
ACBCDCDBCDCBDC,True,42,39,3,simplified_to_triangle
ACBCDCDBCDCDBC,True,42,39,3,simplified_to_triangle
ACBCDCDBDCDCBC,True,42,39,3,simplified_to_triangle
ACBCDCDCACDCAD,True,42,39,3,simplified_to_triangle
ACBCDCDCADCBDC,True,42,39,3,simplified_to_triangle
ACBCDCDCADCDBC,True,42,39,3,simplified_to_triangle
ACBCDCDCBCADCD,True,42,39,3,simplified_to_triangle
ACBCDCDCBCDACD,True,42,39,3,simplified_to_triangle
ACBCDCDCBCDADC,True,42,39,3,simplified_to_triangle
ACBCDCDCBDCBDC,True,42,39,3,simplified_to_triangle
ACBCDCDCBDCDBC,True,42,39,3,simplified_to_triangle
ACBCDCDCDACBDC,True,42,39,3,simplified_to_triangle
ACBCDCDCDACDBC,True,42,39,3,simplified_to_triangle
ACBCDCDCDBCBDC,True,42,39,3,simplified_to_triangle
ACBCDCDCDBCDBC,True,42,39,3,simplified_to_triangle
ACBCDCDCDCBCDC,True,42,39,3,simplified_to_triangle
ACBDACBDACDACD,True,42,39,3,simplified_to_triangle
ACBDACBDADBCBD,True,42,39,3,simplified_to_triangle
ACBDACBDADCBCD,True,42,39,3,simplified_to_triangle
ACBDACBDCACDBD,True,42,39,3,simplified_to_triangle
ACBDACBDCACDCD,True,42,39,3,simplified_to_triangle
ACBDACBDCADCDC,True,42,39,3,simplified_to_triangle
ACBDACBDCBDCBD,True,42,39,3,simplified_to_triangle
ACBDACBDCDACDC,True,42,39,3,simplified_to_triangle
ACBDACBDCDBCBD,True,42,39,3,simplified_to_triangle
ACBDACBDCDCBCD,True,42,39,3,simplified_to_triangle
ACBDACDACDCADC,True,42,39,3,simplified_to_triangle
ACBDACDADBCBCD,True,42,39,3,simplified_to_triangle
ACBDACDBCACDBD,True,42,39,3,simplified_to_triangle
ACBDACDBCACDCD,True,42,39,3,simplified_to_triangle
ACBDACDBCADCDC,True,42,39,3,simplified_to_triangle
ACBDACDBCBDCBD,True,42,39,3,simplified_to_triangle
ACBDACDBCDACDC,True,42,39,3,simplified_to_triangle
ACBDACDBCDBCBD,True,42,39,3,simplified_to_triangle
ACBDACDBCDCADC,True,42,36,6,visual_inspection
ACBDACDBCDCBCD,True,42,39,3,simplified_to_triangle
ACBDACDCACDCBD,True,42,39,3,simplified_to_triangle
ACBDACDCBCDCBD,True,42,39,3,simplified_to_triangle
ACBDACDCBDADBC,True,42,39,3,simplified_to_triangle
ACBDADBCADBCBD,True,42,39,3,simplified_to_triangle
ACBDADBCADCACD,True,42,39,3,simplified_to_triangle
ACBDADBCADCBCD,True,42,39,3,simplified_to_triangle
ACBDADBCBDACDC,True,42,39,3,simplified_to_triangle
ACBDADBCBDBCAD,True,42,39,3,simplified_to_triangle
ACBDADBCBDBCDC,True,42,39,3,simplified_to_triangle
ACBDADBCBDCADC,True,42,39,3,simplified_to_triangle
ACBDADBCBDCBDC,True,42,39,3,simplified_to_triangle
ACBDADBCBDCDBC,True,42,39,3,simplified_to_triangle
ACBDADBCDACDBC,True,42,39,3,simplified_to_triangle
ACBDADBCDBCBDC,True,42,39,3,simplified_to_triangle
ACBDADBCDBCDBC,True,42,39,3,simplified_to_triangle
ACBDADBCDCBCDC,True,42,39,3,simplified_to_triangle
ACBDADBCDCBDBC,True,42,39,3,simplified_to_triangle
ACBDADBDACBDBC,True,42,39,3,simplified_to_triangle
ACBDADCACBDCBD,True,42,39,3,simplified_to_triangle
ACBDADCACDBCBD,True,42,39,3,simplified_to_triangle
ACBDADCACDCACD,True,42,39,3,simplified_to_triangle
ACBDADCACDCBCD,True,42,39,3,simplified_to_triangle
ACBDADCADBCBDC,True,42,39,3,simplified_to_triangle
ACBDADCADBCDBC,True,42,39,3,simplified_to_triangle
ACBDADCADCACDC,True,42,39,3,simplified_to_triangle
ACBDADCADCBCDC,True,42,39,3,simplified_to_triangle
ACBDADCBCBCDCD,True,42,39,3,simplified_to_triangle
ACBDADCBCBDCAD,True,42,39,3,simplified_to_triangle
ACBDADCBCBDCDC,True,42,39,3,simplified_to_triangle
ACBDADCBCDACDC,True,42,39,3,simplified_to_triangle
ACBDADCBCDBCAD,True,42,39,3,simplified_to_triangle
ACBDADCBCDBCDC,True,42,39,3,simplified_to_triangle
ACBDADCBCDCADC,True,42,39,3,simplified_to_triangle
ACBDADCBCDCBDC,True,42,39,3,simplified_to_triangle
ACBDADCBCDCDBC,True,42,39,3,simplified_to_triangle
ACBDADCBDACBDC,True,42,39,3,simplified_to_triangle
ACBDADCBDACDBC,True,42,39,3,simplified_to_triangle
ACBDADCBDBCADC,True,42,39,3,simplified_to_triangle
ACBDBCADACBDCD,True,42,39,3,simplified_to_triangle
ACBDBCADACDBCD,True,42,39,3,simplified_to_triangle
ACBDBCADBDCACD,True,42,39,3,simplified_to_triangle
ACBDBCBCBDADBD,True,42,39,3,simplified_to_triangle
ACBDBCBCBDCDCD,True,42,39,3,simplified_to_triangle
ACBDBCBCDBCDCD,True,42,39,3,simplified_to_triangle
ACBDBCBCDCADCD,True,42,39,3,simplified_to_triangle
ACBDBCBCDCDACD,True,42,39,3,simplified_to_triangle
ACBDBCBCDCDADC,True,42,39,3,simplified_to_triangle
ACBDBCBDADCACD,True,42,39,3,simplified_to_triangle
ACBDBCBDBCADBD,True,42,39,3,simplified_to_triangle
ACBDBCBDBCBDCD,True,42,39,3,simplified_to_triangle
ACBDBCBDBCDADC,True,42,39,3,simplified_to_triangle
ACBDBCBDBCDBCD,True,42,39,3,simplified_to_triangle
ACBDBCBDCADCAD,True,42,39,3,simplified_to_triangle
ACBDBCBDCBCDBD,True,42,39,3,simplified_to_triangle
ACBDBCBDCBCDCD,True,42,39,3,simplified_to_triangle
ACBDBCBDCBDCDC,True,42,39,3,simplified_to_triangle
ACBDBCBDCDBCDC,True,42,39,3,simplified_to_triangle
ACBDBCBDCDCACD,True,42,39,3,simplified_to_triangle
ACBDBCBDCDCADC,True,42,39,3,simplified_to_triangle
ACBDBCDACBDCAD,True,42,39,3,simplified_to_triangle
ACBDBCDACDBCAD,True,42,39,3,simplified_to_triangle
ACBDBCDBCADCAD,True,42,39,3,simplified_to_triangle
ACBDBCDBCBCDBD,True,42,39,3,simplified_to_triangle
ACBDBCDBCBCDCD,True,42,39,3,simplified_to_triangle
ACBDBCDBCBDCDC,True,42,39,3,simplified_to_triangle
ACBDBCDBCDBCDC,True,42,39,3,simplified_to_triangle
ACBDBCDBCDCACD,True,42,39,3,simplified_to_triangle
ACBDBCDBCDCADC,True,42,39,3,simplified_to_triangle
ACBDBCDCBCDCDC,True,42,39,3,simplified_to_triangle
ACBDBCDCDCBCBD,True,42,39,3,simplified_to_triangle
ACBDCACBDCADBD,True,42,39,3,simplified_to_triangle
ACBDCACBDCADCD,True,42,39,3,simplified_to_triangle
ACBDCACBDCDACD,True,42,39,3,simplified_to_triangle
ACBDCACDADBCBD,True,42,39,3,simplified_to_triangle
ACBDCACDADCBCD,True,42,39,3,simplified_to_triangle
ACBDCACDBCADBD,True,42,39,3,simplified_to_triangle
ACBDCACDBCADCD,True,42,39,3,simplified_to_triangle
ACBDCACDBCDACD,True,42,39,3,simplified_to_triangle
ACBDCACDBDCBCD,True,42,39,3,simplified_to_triangle
ACBDCACDCADCBD,True,42,39,3,simplified_to_triangle
ACBDCACDCBCDBD,True,42,39,3,simplified_to_triangle
ACBDCACDCDCADC,True,42,39,3,simplified_to_triangle
ACBDCADBCBDADC,True,42,39,3,simplified_to_triangle
ACBDCADBCDACDC,True,42,39,3,simplified_to_triangle
ACBDCADBDACDBC,True,42,39,3,simplified_to_triangle
ACBDCADBDCBCDC,True,42,39,3,simplified_to_triangle
ACBDCADCACDACD,True,42,39,3,simplified_to_triangle
ACBDCADCADCACD,True,42,39,3,simplified_to_triangle
ACBDCADCADCBDC,True,42,39,3,simplified_to_triangle
ACBDCADCADCDBC,True,42,39,3,simplified_to_triangle
ACBDCADCBCDADC,True,42,39,3,simplified_to_triangle
ACBDCADCBCDBDC,True,42,39,3,simplified_to_triangle
ACBDCADCDACDBC,True,42,39,3,simplified_to_triangle
ACBDCBCBDADCAD,True,42,39,3,simplified_to_triangle
ACBDCBCBDCADBD,True,42,39,3,simplified_to_triangle
ACBDCBCBDCBDCD,True,42,39,3,simplified_to_triangle
ACBDCBCBDCDADC,True,42,39,3,simplified_to_triangle
ACBDCBCBDCDBCD,True,42,39,3,simplified_to_triangle
ACBDCBCDADCACD,True,42,39,3,simplified_to_triangle
ACBDCBCDBCADBD,True,42,39,3,simplified_to_triangle
ACBDCBCDBCBDCD,True,42,39,3,simplified_to_triangle
ACBDCBCDBCDADC,True,42,39,3,simplified_to_triangle
ACBDCBCDBCDBCD,True,42,39,3,simplified_to_triangle
ACBDCBCDBDCACD,True,42,39,3,simplified_to_triangle
ACBDCBCDCADCAD,True,42,39,3,simplified_to_triangle
ACBDCBCDCBCDBD,True,42,39,3,simplified_to_triangle
ACBDCBCDCBCDCD,True,42,39,3,simplified_to_triangle
ACBDCBCDCBDCDC,True,42,39,3,simplified_to_triangle
ACBDCBCDCDBCDC,True,42,39,3,simplified_to_triangle
ACBDCBCDCDCACD,True,42,39,3,simplified_to_triangle
ACBDCBCDCDCADC,True,42,39,3,simplified_to_triangle
ACBDCBDACDACDC,True,42,39,3,simplified_to_triangle
ACBDCBDADBCBDC,True,42,39,3,simplified_to_triangle
ACBDCBDADBCDBC,True,42,39,3,simplified_to_triangle
ACBDCBDADCBCDC,True,42,39,3,simplified_to_triangle
ACBDCBDBCBDBCD,True,42,39,3,simplified_to_triangle
ACBDCBDCACDBDC,True,42,39,3,simplified_to_triangle
ACBDCBDCACDCDC,True,42,39,3,simplified_to_triangle
ACBDCBDCADBCBD,True,42,39,3,simplified_to_triangle
ACBDCBDCADCBCD,True,42,39,3,simplified_to_triangle
ACBDCBDCBCBDCD,True,42,39,3,simplified_to_triangle
ACBDCBDCBCDBCD,True,42,39,3,simplified_to_triangle
ACBDCBDCBDCBDC,True,42,39,3,simplified_to_triangle
ACBDCBDCBDCDBC,True,42,39,3,simplified_to_triangle
ACBDCBDCDBCBDC,True,42,39,3,simplified_to_triangle
ACBDCBDCDBCDBC,True,42,39,3,simplified_to_triangle
ACBDCBDCDCBCDC,True,42,39,3,simplified_to_triangle
ACBDCDADBCBCDC,True,42,39,3,simplified_to_triangle
ACBDCDADCBCBCD,True,42,39,3,simplified_to_triangle
ACBDCDBCACDBDC,True,42,39,3,simplified_to_triangle
ACBDCDBCACDCDC,True,42,39,3,simplified_to_triangle
ACBDCDBCADBCBD,True,42,39,3,simplified_to_triangle
ACBDCDBCADCBCD,True,42,39,3,simplified_to_triangle
ACBDCDBCBCBDCD,True,42,39,3,simplified_to_triangle
ACBDCDBCBCDBCD,True,42,39,3,simplified_to_triangle
ACBDCDBCBDCBDC,True,42,39,3,simplified_to_triangle
ACBDCDBCBDCDBC,True,42,39,3,simplified_to_triangle
ACBDCDBCDBCBDC,True,42,39,3,simplified_to_triangle
ACBDCDBCDCBCDC,True,42,39,3,simplified_to_triangle
ACBDCDCACDCACD,True,42,39,3,simplified_to_triangle
ACBDCDCACDCBDC,True,42,39,3,simplified_to_triangle
ACBDCDCACDCDBC,True,42,39,3,simplified_to_triangle
ACBDCDCBCBDACD,True,42,39,3,simplified_to_triangle
ACBDCDCBCBDADC,True,42,39,3,simplified_to_triangle
ACBDCDCBCDCBDC,True,42,39,3,simplified_to_triangle
ACBDCDCBCDCDBC,True,42,39,3,simplified_to_triangle
ACBDCDCBDCBCBD,True,42,39,3,simplified_to_triangle
ACBDCDCDBCBCBD,True,42,39,3,simplified_to_triangle
ACDACDBCBCDADC,True,42,39,3,simplified_to_triangle
ACDACDBCBCDCDC,True,42,39,3,simplified_to_triangle
ACDACDBCDCACDC,True,42,39,3,simplified_to_triangle
ACDACDBCDCBCBD,True,42,39,3,simplified_to_triangle
ACDACDBDCDBDCD,True,42,39,3,simplified_to_triangle
ACDACDCACDBCBD,True,42,39,3,simplified_to_triangle
ACDACDCACDCBCD,True,42,39,3,simplified_to_triangle
ACDACDCBCBDADC,True,42,39,3,simplified_to_triangle
ACDACDCBCBDBCD,True,42,39,3,simplified_to_triangle
ACDACDCBCBDCAD,True,42,39,3,simplified_to_triangle
ACDACDCDBDCDCD,True,42,39,3,simplified_to_triangle
ACDACDCDCBCBDC,True,42,39,3,simplified_to_triangle
ACDACDCDCDADBD,True,42,39,3,simplified_to_triangle
ACDADBCBCBDCAD,True,42,39,3,simplified_to_triangle
ACDADBCBCBDCDC,True,42,39,3,simplified_to_triangle
ACDADBCBCDACDC,True,42,39,3,simplified_to_triangle
ACDADBCBCDBCDC,True,42,39,3,simplified_to_triangle
ACDADBCBCDCBDC,True,42,39,3,simplified_to_triangle
ACDADBDACDADBD,True,42,39,3,simplified_to_triangle
ACDADBDACDCDCD,True,42,39,3,simplified_to_triangle
ACDADBDADCDCAD,True,42,39,3,simplified_to_triangle
ACDADBDCDADBDC,True,42,39,3,simplified_to_triangle
ACDADBDCDADCBD,True,42,39,3,simplified_to_triangle
ACDADBDCDBDADC,True,42,39,3,simplified_to_triangle
ACDADBDCDBDCBD,True,42,39,3,simplified_to_triangle
ACDADCADBDCDCD,True,42,39,3,simplified_to_triangle
ACDADCADCBCBCD,True,42,39,3,simplified_to_triangle
ACDADCADCDADCD,True,42,39,3,simplified_to_triangle
ACDADCADCDBDCD,True,42,39,3,simplified_to_triangle
ACDADCBDADCDCD,True,42,39,3,simplified_to_triangle
ACDADCBDBCBCDC,True,42,39,3,simplified_to_triangle
ACDADCBDCBCBDC,True,42,39,3,simplified_to_triangle
ACDADCDACDADCD,True,42,39,3,simplified_to_triangle
ACDADCDACDBDCD,True,42,39,3,simplified_to_triangle
ACDADCDACDCDBD,True,42,39,3,simplified_to_triangle
ACDADCDADBCDCD,True,42,39,3,simplified_to_triangle
ACDADCDADBDCBD,True,42,39,3,simplified_to_triangle
ACDADCDBCBCBDC,True,42,39,3,simplified_to_triangle
ACDADCDBDACDCD,True,42,39,3,simplified_to_triangle
ACDADCDBDADCBD,True,42,39,3,simplified_to_triangle
ACDADCDBDADCDC,True,42,39,3,simplified_to_triangle
ACDADCDBDCDBDC,True,42,39,3,simplified_to_triangle
ACDADCDCBDADBD,True,42,39,3,simplified_to_triangle
ACDADCDCBDCDCD,True,42,39,3,simplified_to_triangle
ACDADCDCDADBDC,True,42,39,3,simplified_to_triangle
ACDADCDCDBCDCD,True,42,39,3,simplified_to_triangle
ACDADCDCDBDCDC,True,42,39,3,simplified_to_triangle
ACDBCBCBDCADBD,True,42,39,3,simplified_to_triangle
ACDBCBCBDCBDCD,True,42,39,3,simplified_to_triangle
ACDBCBCBDCDBCD,True,42,39,3,simplified_to_triangle
ACDBCBCDBCBDCD,True,42,39,3,simplified_to_triangle
ACDBCBCDBCDBCD,True,42,39,3,simplified_to_triangle
ACDBCBCDCBCDBD,True,42,39,3,simplified_to_triangle
ACDBCBCDCBCDCD,True,42,39,3,simplified_to_triangle
ACDBCBCDCBDCDC,True,42,39,3,simplified_to_triangle
ACDBCBCDCDBCDC,True,42,39,3,simplified_to_triangle
ACDBCBDADBCBDC,True,42,39,3,simplified_to_triangle
ACDBCBDADCBCDC,True,42,39,3,simplified_to_triangle
ACDBCBDBCBDBCD,True,42,39,3,simplified_to_triangle
ACDBCBDCACDBDC,True,42,39,3,simplified_to_triangle
ACDBCBDCACDCDC,True,42,39,3,simplified_to_triangle
ACDBCBDCADBCBD,True,42,39,3,simplified_to_triangle
ACDBCBDCADCBCD,True,42,39,3,simplified_to_triangle
ACDBCBDCBCBDCD,True,42,39,3,simplified_to_triangle
ACDBCBDCBCDBCD,True,42,39,3,simplified_to_triangle
ACDBCBDCBDCBDC,True,42,39,3,simplified_to_triangle
ACDBCBDCDBCBDC,True,42,39,3,simplified_to_triangle
ACDBCBDCDCBCDC,True,42,39,3,simplified_to_triangle
ACDBCDADBCBCDC,True,42,39,3,simplified_to_triangle
ACDBCDADCBCBCD,True,42,39,3,simplified_to_triangle
ACDBCDADCDADCD,True,42,39,3,simplified_to_triangle
ACDBCDBCBCBDCD,True,42,39,3,simplified_to_triangle
ACDBCDBCBCDBCD,True,42,39,3,simplified_to_triangle
ACDBCDBCBDCBDC,True,42,39,3,simplified_to_triangle
ACDBCDBCDCBCDC,True,42,39,3,simplified_to_triangle
ACDBCDCACDCBDC,True,42,39,3,simplified_to_triangle
ACDBCDCBCDCBDC,True,42,39,3,simplified_to_triangle
ACDBCDCBDCBCBD,True,42,39,3,simplified_to_triangle
ACDBCDCDBCBCBD,True,42,39,3,simplified_to_triangle
ACDBDADBDCADBD,True,42,39,3,simplified_to_triangle
ACDBDADBDCDCAD,True,42,39,3,simplified_to_triangle
ACDBDADBDCDCDC,True,42,39,3,simplified_to_triangle
ACDBDADCDADBDC,True,42,39,3,simplified_to_triangle
ACDBDADCDADCBD,True,42,39,3,simplified_to_triangle
ACDBDADCDBDCBD,True,42,39,3,simplified_to_triangle
ACDBDCACDCACDC,True,42,39,3,simplified_to_triangle
ACDBDCACDCBCDC,True,42,39,3,simplified_to_triangle
ACDBDCADCDADCD,True,42,39,3,simplified_to_triangle
ACDBDCADCDBDCD,True,42,39,3,simplified_to_triangle
ACDBDCBCDBCBCD,True,42,39,3,simplified_to_triangle
ACDBDCBCDCBCBD,True,42,39,3,simplified_to_triangle
ACDBDCBDCDCDBD,True,42,39,3,simplified_to_triangle
ACDBDCDACDBDCD,True,42,39,3,simplified_to_triangle
ACDBDCDADBDCBD,True,42,39,3,simplified_to_triangle
ACDBDCDBCDCDBD,True,42,39,3,simplified_to_triangle
ACDBDCDBDADCBD,True,42,39,3,simplified_to_triangle
ACDBDCDBDCADCD,True,42,39,3,simplified_to_triangle
ACDBDCDBDCDBCD,True,42,39,3,simplified_to_triangle
ACDBDCDBDCDCAD,True,42,39,3,simplified_to_triangle
ACDBDCDBDCDCBD,True,42,39,3,simplified_to_triangle
ACDBDCDCBDADBD,True,42,39,3,simplified_to_triangle
ACDBDCDCDCADBD,True,42,39,3,simplified_to_triangle
ACDCACDCADBCBD,True,42,39,3,simplified_to_triangle
ACDCACDCADCBCD,True,42,39,3,simplified_to_triangle
ACDCADACDCBCBD,True,42,39,3,simplified_to_triangle
ACDCADBDCDADCD,True,42,39,3,simplified_to_triangle
ACDCBCBCDADBCD,True,42,39,3,simplified_to_triangle
ACDCBCBDCBDBCD,True,42,39,3,simplified_to_triangle
ACDCBCDADCBCDC,True,42,39,3,simplified_to_triangle
ACDCBCDBCBDBCD,True,42,39,3,simplified_to_triangle
ACDCBCDCACDCDC,True,42,39,3,simplified_to_triangle
ACDCBCDCADBCBD,True,42,39,3,simplified_to_triangle
ACDCBCDCADCBCD,True,42,39,3,simplified_to_triangle
ACDCBCDCBCBDCD,True,42,39,3,simplified_to_triangle
ACDCBCDCBCDBCD,True,42,39,3,simplified_to_triangle
ACDCBCDCDCBCDC,True,42,39,3,simplified_to_triangle
ACDCBDADCDADCD,True,42,39,3,simplified_to_triangle
ACDCBDBCBCDCDC,True,42,39,3,simplified_to_triangle
ACDCBDBCDCBCBD,True,42,39,3,simplified_to_triangle
ACDCBDCBCBDBCD,True,42,39,3,simplified_to_triangle
ACDCBDCDBDCDBD,True,42,39,3,simplified_to_triangle
ACDCBDCDBDCDCD,True,42,39,3,simplified_to_triangle
ACDCBDCDCDADCD,True,42,39,3,simplified_to_triangle
ACDCDADBCDADCD,True,42,39,3,simplified_to_triangle
ACDCDADCBDADBD,True,42,39,3,simplified_to_triangle
ACDCDADCDADCBD,True,42,39,3,simplified_to_triangle
ACDCDBCBCBDBCD,True,42,39,3,simplified_to_triangle
ACDCDBCDBDCDBD,True,42,39,3,simplified_to_triangle
ACDCDBCDBDCDCD,True,42,39,3,simplified_to_triangle
ACDCDBCDCDADCD,True,42,39,3,simplified_to_triangle
ACDCDBDCBDADBD,True,42,39,3,simplified_to_triangle
ACDCDBDCBDCDCD,True,42,39,3,simplified_to_triangle
ACDCDBDCDBCDCD,True,42,39,3,simplified_to_triangle
ACDCDBDCDBDCDC,True,42,39,3,simplified_to_triangle
ACDCDBDCDCADCD,True,42,39,3,simplified_to_triangle
ACDCDCADBDADCD,True,42,39,3,simplified_to_triangle
ACDCDCADCBCBCD,True,42,39,3,simplified_to_triangle
ACDCDCADCDCDCD,True,42,39,3,simplified_to_triangle
ACDCDCBDBCBCBD,True,42,39,3,simplified_to_triangle
ACDCDCDACDCDCD,True,42,39,3,simplified_to_triangle
ACDCDCDBDCDCDC,True,42,39,3,simplified_to_triangle
ACDCDCDCBDADCD,True,42,39,3,simplified_to_triangle
ACDCDCDCBDCDBD,True,42,39,3,simplified_to_triangle
ADBCBCBDCBDBCD,True,42,39,3,simplified_to_triangle
ADBCBCDBCBDBCD,True,42,39,3,simplified_to_triangle
ADBCBCDCBCBDCD,True,42,39,3,simplified_to_triangle
ADBCBCDCBCDBCD,True,42,39,3,simplified_to_triangle
ADBCBDADBDCDBD,True,42,39,3,simplified_to_triangle
ADBCBDBCBDBCBD,True,42,39,3,simplified_to_triangle
ADBCBDBCBDCBCD,True,42,39,3,simplified_to_triangle
ADBCBDBCDBCBCD,True,42,39,3,simplified_to_triangle
ADBCBDCBCBDCBD,True,42,39,3,simplified_to_triangle
ADBCBDCBCDBCBD,True,42,39,3,simplified_to_triangle
ADBCBDCBCDCBCD,True,42,39,3,simplified_to_triangle
ADBCBDCDCDCDBD,True,42,39,3,simplified_to_triangle
ADBCDADBDADCBD,True,42,39,3,simplified_to_triangle
ADBCDADCDCDCBD,True,42,39,3,simplified_to_triangle
ADBCDBCBCBDCBD,True,42,39,3,simplified_to_triangle
ADBCDBCBCDCBCD,True,42,39,3,simplified_to_triangle
ADBCDBCDCDCDBD,True,42,39,3,simplified_to_triangle
ADBCDBDADBCDBD,True,42,39,3,simplified_to_triangle
ADBCDBDCBDCDCD,True,42,39,3,simplified_to_triangle
ADBCDBDCDBCDCD,True,42,39,3,simplified_to_triangle
ADBCDCBCBCDCBD,True,42,39,3,simplified_to_triangle
ADBCDCBDCDBDCD,True,42,39,3,simplified_to_triangle
ADBCDCDBCDBDCD,True,42,39,3,simplified_to_triangle
ADBCDCDCBDCDBD,True,42,39,3,simplified_to_triangle
ADBCDCDCDBCDBD,True,42,39,3,simplified_to_triangle
ADBDADCBCDCDCD,True,42,39,3,simplified_to_triangle
ADBDADCBDBCDCD,True,42,39,3,simplified_to_triangle
ADBDCBCDADBDCD,True,42,39,3,simplified_to_triangle
ADBDCBCDBDADCD,True,42,39,3,simplified_to_triangle
ADBDCBCDCBCBCD,True,42,39,3,simplified_to_triangle
ADBDCBDBCDCDBD,True,42,39,3,simplified_to_triangle
ADBDCDBDADCBCD,True,42,39,3,simplified_to_triangle
ADBDCDCBCDBDCD,True,42,39,3,simplified_to_triangle
ADBDCDCDBDCBCD,True,42,39,3,simplified_to_triangle
ADCBCBDCBDCBCD,True,42,39,3,simplified_to_triangle
ADCBCBDCDBCBCD,True,42,39,3,simplified_to_triangle
ADCBCDBCBDCBCD,True,42,39,3,simplified_to_triangle
ADCBCDBDCDADCD,True,42,39,3,simplified_to_triangle
ADCBCDCBCDCBCD,True,42,39,3,simplified_to_triangle
ADCBDBCDCDADCD,True,42,39,3,simplified_to_triangle
ADCBDCBDCDADCD,True,42,39,3,simplified_to_triangle
ADCBDCDADCBDCD,True,42,39,3,simplified_to_triangle
ADCBDCDADCDBCD,True,42,39,3,simplified_to_triangle
ADCBDCDBCDADCD,True,42,39,3,simplified_to_triangle
ADCBDCDBDCBDCD,True,42,39,3,simplified_to_triangle
ADCBDCDBDCDBCD,True,42,39,3,simplified_to_triangle
ADCDADCDBCBDCD,True,42,39,3,simplified_to_triangle
ADCDADCDCBCDCD,True,42,39,3,simplified_to_triangle
ADCDBCDBDCBDCD,True,42,39,3,simplified_to_triangle
ADCDCBCDBDCDCD,True,42,39,3,simplified_to_triangle
ADCDCBDCBDCDCD,True,42,39,3,simplified_to_triangle
ADCDCBDCDBCDCD,True,42,39,3,simplified_to_triangle
ADCDCDBCBDCDCD,True,42,39,3,simplified_to_triangle
ADCDCDCBCDCDCD,True,42,39,3,simplified_to_triangle
BCBCDCBCDCDCDC,True,42,39,3,simplified_to_triangle
BCDBDCBDCDBDCD,True,42,39,3,simplified_to_triangle
BCDBDCDBCDBDCD,True,42,39,3,simplified_to_triangle
BCDCDCBDCDCDCD,True,42,39,3,simplified_to_triangle
BCDCDCDBCDCDCD,True,42,39,3,simplified_to_triangle
